"URL","Body","Body_Trans","Brand","Country","Crawled_Date","Date","Format","Full_Review","Full_Review_Trans","Gender","Granular_Topic","Higher_Topic","Product_Id","Product_Name","Product_Name_Trans","Product_Segment","Product_Segment2","Rating","Review_Id","Review_Type","Section","Sentiment","Source","Sub_Brand","Title","Title_Trans","Year_Quarter"
"https://www.tokopedia.com/ini-toko-budi-shop/samsung-galaxy-a07-4-64-4-128-6-128-8-256-garansi-resmi-sein-1729815001835537895-1735330887460881895?extParam=ivf%3Dtrue%26keyword%3Dsamsung+a07%26search_id%3D2026051013261194F6D7E04A4D452A9TDF%26src%3Dsearch&t_id=1778419236765&t_st=7&t_pp=search_result&t_efo=search_pure_goods_card&t_ef=goods_search&t_sm=&t_spt=search_result","untuk dus dan unit hpnya masih aman, dus bungkusan dari luar yg agak penyok. honya berfungsi dengan sangat baik. Sukses terus untuk tokonya kak","untuk dus dan unit hpnya masih aman, dus bungkusan dari luar yg agak penyok. honya berfungsi dengan sangat baik. Sukses terus untuk tokonya kak","Oxwalker","Indonesia","05-10-2026","11-23-2025","Pants","untuk dus dan unit hpnya masih aman, dus bungkusan dari luar yg agak penyok. honya berfungsi dengan sangat baik. Sukses terus untuk tokonya kak","untuk dus dan unit hpnya masih aman, dus bungkusan dari luar yg agak penyok. honya berfungsi dengan sangat baik. Sukses terus untuk tokonya kak","Unisex",,,"103314079955","Promo Samsung Galaxy A07 ( 4/64 4/128 6/128 8/256 ) Garansi Resmi Sein","Promo Samsung Galaxy A07 ( 4/64 4/128 6/128 8/256 ) Garansi Resmi Sein - A07 4/64 Black, No Bonus Cicil 0% 3x -  - Ini Toko Budi Shop | Tokopedia","Handphone","Android OS","5","1780365080","Product Review","",,"Tokopedia","Oxwalker","Promo Samsung Galaxy A07 ( 4/64 4/128 6/128 8/256 ) Garansi Resmi Sein",,"2025-Q4"
"https://www.tokopedia.com/ini-toko-budi-shop/samsung-galaxy-a07-4-64-4-128-6-128-8-256-garansi-resmi-sein-1729815001835537895-1735330887460881895?extParam=ivf%3Dtrue%26keyword%3Dsamsung+a07%26search_id%3D2026051013261194F6D7E04A4D452A9TDF%26src%3Dsearch&t_id=1778419236765&t_st=7&t_pp=search_result&t_efo=search_pure_goods_card&t_ef=goods_search&t_sm=&t_spt=search_result","barang aman.masih segel. sesuai deskripsiiiii...mantep bgt pokoknya.. jangan ragu belanja di toko","barang aman.masih segel. sesuai deskripsiiiii...mantep bgt pokoknya.. jangan ragu belanja di toko","Oxwalker","Indonesia","05-10-2026","02-18-2026","Pants","barang aman.masih segel. sesuai deskripsiiiii...mantep bgt pokoknya.. jangan ragu belanja di toko","barang aman.masih segel. sesuai deskripsiiiii...mantep bgt pokoknya.. jangan ragu belanja di toko","Unisex",,,"103314079955","Promo Samsung Galaxy A07 ( 4/64 4/128 6/128 8/256 ) Garansi Resmi Sein","Promo Samsung Galaxy A07 ( 4/64 4/128 6/128 8/256 ) Garansi Resmi Sein - A07 4/64 Black, No Bonus Cicil 0% 3x -  - Ini Toko Budi Shop | Tokopedia","Handphone","Android OS","5","1930838974","Product Review","",,"Tokopedia","Oxwalker","Promo Samsung Galaxy A07 ( 4/64 4/128 6/128 8/256 ) Garansi Resmi Sein",,"2026-Q1"
"https://www.tokopedia.com/ini-toko-budi-shop/samsung-galaxy-a07-4-64-4-128-6-128-8-256-garansi-resmi-sein-1729815001835537895-1735330887460881895?extParam=ivf%3Dtrue%26keyword%3Dsamsung+a07%26search_id%3D2026051013261194F6D7E04A4D452A9TDF%26src%3Dsearch&t_id=1778419236765&t_st=7&t_pp=search_result&t_efo=search_pure_goods_card&t_ef=goods_search&t_sm=&t_spt=search_result","barang dtg sesuai pesanan dan berfungsi dgn baik. toko amanah semoga awet. dan gak mengecewakan pembeli","barang dtg sesuai pesanan dan berfungsi dgn baik. toko amanah semoga awet. dan gak mengecewakan pembeli","Oxwalker","Indonesia","05-10-2026","10-22-2025","Pants","barang dtg sesuai pesanan dan berfungsi dgn baik. toko amanah semoga awet. dan gak mengecewakan pembeli","barang dtg sesuai pesanan dan berfungsi dgn baik. toko amanah semoga awet. dan gak mengecewakan pembeli","Unisex",,,"103314079955","Promo Samsung Galaxy A07 ( 4/64 4/128 6/128 8/256 ) Garansi Resmi Sein","Promo Samsung Galaxy A07 ( 4/64 4/128 6/128 8/256 ) Garansi Resmi Sein - A07 4/64 Black, No Bonus Cicil 0% 3x -  - Ini Toko Budi Shop | Tokopedia","Handphone","Android OS","5","1731422807","Product Review","",,"Tokopedia","Oxwalker","Promo Samsung Galaxy A07 ( 4/64 4/128 6/128 8/256 ) Garansi Resmi Sein",,"2025-Q4"
"https://www.tokopedia.com/ini-toko-budi-shop/samsung-galaxy-a07-4-64-4-128-6-128-8-256-garansi-resmi-sein-1729815001835537895-1735330887460881895?extParam=ivf%3Dtrue%26keyword%3Dsamsung+a07%26search_id%3D2026051013261194F6D7E04A4D452A9TDF%26src%3Dsearch&t_id=1778419236765&t_st=7&t_pp=search_result&t_efo=search_pure_goods_card&t_ef=goods_search&t_sm=&t_spt=search_result","Produk sampai dengan kondisi baik, dan packagingnya juga aman. Mudah-mudahan barangnya awet...","Produk sampai dengan kondisi baik, dan packagingnya juga aman. Mudah-mudahan barangnya awet...","Oxwalker","Indonesia","05-10-2026","11-09-2025","Pants","Produk sampai dengan kondisi baik, dan packagingnya juga aman. Mudah-mudahan barangnya awet...","Produk sampai dengan kondisi baik, dan packagingnya juga aman. Mudah-mudahan barangnya awet...","Unisex",,,"103314079955","Promo Samsung Galaxy A07 ( 4/64 4/128 6/128 8/256 ) Garansi Resmi Sein","Promo Samsung Galaxy A07 ( 4/64 4/128 6/128 8/256 ) Garansi Resmi Sein - A07 4/64 Black, No Bonus Cicil 0% 3x -  - Ini Toko Budi Shop | Tokopedia","Handphone","Android OS","5","1758442240","Product Review","",,"Tokopedia","Oxwalker","Promo Samsung Galaxy A07 ( 4/64 4/128 6/128 8/256 ) Garansi Resmi Sein",,"2025-Q4"
"https://www.tokopedia.com/ini-toko-budi-shop/samsung-galaxy-a07-4-64-4-128-6-128-8-256-garansi-resmi-sein-1729815001835537895-1735330887460881895?extParam=ivf%3Dtrue%26keyword%3Dsamsung+a07%26search_id%3D2026051013261194F6D7E04A4D452A9TDF%26src%3Dsearch&t_id=1778419236765&t_st=7&t_pp=search_result&t_efo=search_pure_goods_card&t_ef=goods_search&t_sm=&t_spt=search_result","barang masih disegel
kemasan aman ada kardus tambahan
belum dicoba 
semoga awet bermanfaat","barang masih disegel
kemasan aman ada kardus tambahan
belum dicoba 
semoga awet bermanfaat","Oxwalker","Indonesia","05-10-2026","07-03-2025","Pants","barang masih disegel
kemasan aman ada kardus tambahan
belum dicoba 
semoga awet bermanfaat","barang masih disegel
kemasan aman ada kardus tambahan
belum dicoba 
semoga awet bermanfaat","Unisex",,,"103314079955","Promo Samsung Galaxy A07 ( 4/64 4/128 6/128 8/256 ) Garansi Resmi Sein","Promo Samsung Galaxy A07 ( 4/64 4/128 6/128 8/256 ) Garansi Resmi Sein - A07 4/64 Black, No Bonus Cicil 0% 3x -  - Ini Toko Budi Shop | Tokopedia","Handphone","Android OS","5","1553719841","Product Review","",,"Tokopedia","Oxwalker","Promo Samsung Galaxy A07 ( 4/64 4/128 6/128 8/256 ) Garansi Resmi Sein",,"2025-Q3"
"https://www.tokopedia.com/ini-toko-budi-shop/samsung-galaxy-a07-4-64-4-128-6-128-8-256-garansi-resmi-sein-1729815001835537895-1735330887460881895?extParam=ivf%3Dtrue%26keyword%3Dsamsung+a07%26search_id%3D2026051013261194F6D7E04A4D452A9TDF%26src%3Dsearch&t_id=1778419236765&t_st=7&t_pp=search_result&t_efo=search_pure_goods_card&t_ef=goods_search&t_sm=&t_spt=search_result","mantapp, pengiriman cepat, barang berfungsi dengan baik","mantapp, pengiriman cepat, barang berfungsi dengan baik","Oxwalker","Indonesia","05-10-2026","10-22-2025","Pants","mantapp, pengiriman cepat, barang berfungsi dengan baik","mantapp, pengiriman cepat, barang berfungsi dengan baik","Unisex",,,"103314079955","Promo Samsung Galaxy A07 ( 4/64 4/128 6/128 8/256 ) Garansi Resmi Sein","Promo Samsung Galaxy A07 ( 4/64 4/128 6/128 8/256 ) Garansi Resmi Sein - A07 4/64 Black, No Bonus Cicil 0% 3x -  - Ini Toko Budi Shop | Tokopedia","Handphone","Android OS","5","1731681358","Product Review","",,"Tokopedia","Oxwalker","Promo Samsung Galaxy A07 ( 4/64 4/128 6/128 8/256 ) Garansi Resmi Sein",,"2025-Q4"
"https://www.tokopedia.com/ini-toko-budi-shop/samsung-galaxy-a07-4-64-4-128-6-128-8-256-garansi-resmi-sein-1729815001835537895-1735330887460881895?extParam=ivf%3Dtrue%26keyword%3Dsamsung+a07%26search_id%3D2026051013261194F6D7E04A4D452A9TDF%26src%3Dsearch&t_id=1778419236765&t_st=7&t_pp=search_result&t_efo=search_pure_goods_card&t_ef=goods_search&t_sm=&t_spt=search_result","kabel casnya belum dicoba, karna ternyata beda dengan punyaku sebelumnya. buat yg mau beli, mending sekalian beli kepala casnya biar gak ribet nyari lagi. earphone juga belum dicoba. secara keseluruhan barang berfungsi dengan baik","kabel casnya belum dicoba, karna ternyata beda dengan punyaku sebelumnya. buat yg mau beli, mending sekalian beli kepala casnya biar gak ribet nyari lagi. earphone juga belum dicoba. secara keseluruhan barang berfungsi dengan baik","Oxwalker","Indonesia","05-10-2026","03-24-2025","Pants","kabel casnya belum dicoba, karna ternyata beda dengan punyaku sebelumnya. buat yg mau beli, mending sekalian beli kepala casnya biar gak ribet nyari lagi. earphone juga belum dicoba. secara keseluruhan barang berfungsi dengan baik","kabel casnya belum dicoba, karna ternyata beda dengan punyaku sebelumnya. buat yg mau beli, mending sekalian beli kepala casnya biar gak ribet nyari lagi. earphone juga belum dicoba. secara keseluruhan barang berfungsi dengan baik","Unisex",,,"103314079955","Promo Samsung Galaxy A07 ( 4/64 4/128 6/128 8/256 ) Garansi Resmi Sein","Promo Samsung Galaxy A07 ( 4/64 4/128 6/128 8/256 ) Garansi Resmi Sein - A07 4/64 Black, No Bonus Cicil 0% 3x -  - Ini Toko Budi Shop | Tokopedia","Handphone","Android OS","5","1335745166","Product Review","",,"Tokopedia","Oxwalker","Promo Samsung Galaxy A07 ( 4/64 4/128 6/128 8/256 ) Garansi Resmi Sein",,"2025-Q1"
"https://www.tokopedia.com/ini-toko-budi-shop/samsung-galaxy-a07-4-64-4-128-6-128-8-256-garansi-resmi-sein-1729815001835537895-1735330887460881895?extParam=ivf%3Dtrue%26keyword%3Dsamsung+a07%26search_id%3D2026051013261194F6D7E04A4D452A9TDF%26src%3Dsearch&t_id=1778419236765&t_st=7&t_pp=search_result&t_efo=search_pure_goods_card&t_ef=goods_search&t_sm=&t_spt=search_result","pengiriman tjepat. peking aman. barang ori. moga awet. makasee.","pengiriman tjepat. peking aman. barang ori. moga awet. makasee.","Oxwalker","Indonesia","05-10-2026","10-07-2024","Pants","pengiriman tjepat. peking aman. barang ori. moga awet. makasee.","pengiriman tjepat. peking aman. barang ori. moga awet. makasee.","Unisex",,,"103314079955","Promo Samsung Galaxy A07 ( 4/64 4/128 6/128 8/256 ) Garansi Resmi Sein","Promo Samsung Galaxy A07 ( 4/64 4/128 6/128 8/256 ) Garansi Resmi Sein - A07 4/64 Black, No Bonus Cicil 0% 3x -  - Ini Toko Budi Shop | Tokopedia","Handphone","Android OS","5","1102383616","Product Review","",,"Tokopedia","Oxwalker","Promo Samsung Galaxy A07 ( 4/64 4/128 6/128 8/256 ) Garansi Resmi Sein",,"2024-Q4"
"https://www.tokopedia.com/ini-toko-budi-shop/samsung-galaxy-a07-4-64-4-128-6-128-8-256-garansi-resmi-sein-1729815001835537895-1735330887460881895?extParam=ivf%3Dtrue%26keyword%3Dsamsung+a07%26search_id%3D2026051013261194F6D7E04A4D452A9TDF%26src%3Dsearch&t_id=1778419236765&t_st=7&t_pp=search_result&t_efo=search_pure_goods_card&t_ef=goods_search&t_sm=&t_spt=search_result","Barang masih segel.
Fitur mudah dipahami.
Harga terjangkau.
Pengiriman barang cepat sampai. 
Terima kasih banyak atas produknya.","Barang masih segel.
Fitur mudah dipahami.
Harga terjangkau.
Pengiriman barang cepat sampai. 
Terima kasih banyak atas produknya.","Oxwalker","Indonesia","05-10-2026","06-26-2024","Pants","Barang masih segel.
Fitur mudah dipahami.
Harga terjangkau.
Pengiriman barang cepat sampai. 
Terima kasih banyak atas produknya.","Barang masih segel.
Fitur mudah dipahami.
Harga terjangkau.
Pengiriman barang cepat sampai. 
Terima kasih banyak atas produknya.","Unisex",,,"103314079955","Promo Samsung Galaxy A07 ( 4/64 4/128 6/128 8/256 ) Garansi Resmi Sein","Promo Samsung Galaxy A07 ( 4/64 4/128 6/128 8/256 ) Garansi Resmi Sein - A07 4/64 Black, No Bonus Cicil 0% 3x -  - Ini Toko Budi Shop | Tokopedia","Handphone","Android OS","5","1057656152","Product Review","",,"Tokopedia","Oxwalker","Promo Samsung Galaxy A07 ( 4/64 4/128 6/128 8/256 ) Garansi Resmi Sein",,"2024-Q2"
"https://www.tokopedia.com/ini-toko-budi-shop/samsung-galaxy-a07-4-64-4-128-6-128-8-256-garansi-resmi-sein-1729815001835537895-1735330887460881895?extParam=ivf%3Dtrue%26keyword%3Dsamsung+a07%26search_id%3D2026051013261194F6D7E04A4D452A9TDF%26src%3Dsearch&t_id=1778419236765&t_st=7&t_pp=search_result&t_efo=search_pure_goods_card&t_ef=goods_search&t_sm=&t_spt=search_result","Barangnya original 👍 Kemasan disegel Spesifikasi sesuai Ada garansi resmi Kelengkapan sesuai Warna sesuai pesanan Barangnya mulus Berfungsi dengan baik Suara jernih Kamera tajam Baterai awet Penjualnya ramah banget Proses pesanan cepat Packaging aman 🙏 Packaging rapi","Barangnya original 👍 Kemasan disegel Spesifikasi sesuai Ada garansi resmi Kelengkapan sesuai Warna sesuai pesanan Barangnya mulus Berfungsi dengan baik Suara jernih Kamera tajam Baterai awet Penjualnya ramah banget Proses pesanan cepat Packaging aman 🙏 Packaging rapi","Oxwalker","Indonesia","05-10-2026","08-26-2024","Pants","Barangnya original 👍 Kemasan disegel Spesifikasi sesuai Ada garansi resmi Kelengkapan sesuai Warna sesuai pesanan Barangnya mulus Berfungsi dengan baik Suara jernih Kamera tajam Baterai awet Penjualnya ramah banget Proses pesanan cepat Packaging aman 🙏 Packaging rapi","Barangnya original 👍 Kemasan disegel Spesifikasi sesuai Ada garansi resmi Kelengkapan sesuai Warna sesuai pesanan Barangnya mulus Berfungsi dengan baik Suara jernih Kamera tajam Baterai awet Penjualnya ramah banget Proses pesanan cepat Packaging aman 🙏 Packaging rapi","Unisex",,,"103314079955","Promo Samsung Galaxy A07 ( 4/64 4/128 6/128 8/256 ) Garansi Resmi Sein","Promo Samsung Galaxy A07 ( 4/64 4/128 6/128 8/256 ) Garansi Resmi Sein - A07 4/64 Black, No Bonus Cicil 0% 3x -  - Ini Toko Budi Shop | Tokopedia","Handphone","Android OS","5","1083874357","Product Review","",,"Tokopedia","Oxwalker","Promo Samsung Galaxy A07 ( 4/64 4/128 6/128 8/256 ) Garansi Resmi Sein",,"2024-Q3"
"https://www.tokopedia.com/ini-toko-budi-shop/samsung-galaxy-a07-4-64-4-128-6-128-8-256-garansi-resmi-sein-1729815001835537895-1735330887460881895?extParam=ivf%3Dtrue%26keyword%3Dsamsung+a07%26search_id%3D2026051013261194F6D7E04A4D452A9TDF%26src%3Dsearch&t_id=1778419236765&t_st=7&t_pp=search_result&t_efo=search_pure_goods_card&t_ef=goods_search&t_sm=&t_spt=search_result","Barangnya original 👍. Ada garansi resmi. Kemasan disegel. Spesifikasi sesuai . Kelengkapan sesuai. Warna sesuai pesanan. Barangnya mulus. Berfungsi dengan baik. Penjualnya ramah banget. Proses pesanan cepat. Kamera tajam. Packaging aman 🙏. Respon penjualnya top. Packaging rapi. Suara jernih. Baterai awet.  recommended banget lah pokoknya..","Barangnya original 👍. Ada garansi resmi. Kemasan disegel. Spesifikasi sesuai . Kelengkapan sesuai. Warna sesuai pesanan. Barangnya mulus. Berfungsi dengan baik. Penjualnya ramah banget. Proses pesanan cepat. Kamera tajam. Packaging aman 🙏. Respon penjualnya top. Packaging rapi. Suara jernih. Baterai awet.  recommended banget lah pokoknya..","Oxwalker","Indonesia","05-10-2026","01-13-2022","Pants","Barangnya original 👍. Ada garansi resmi. Kemasan disegel. Spesifikasi sesuai . Kelengkapan sesuai. Warna sesuai pesanan. Barangnya mulus. Berfungsi dengan baik. Penjualnya ramah banget. Proses pesanan cepat. Kamera tajam. Packaging aman 🙏. Respon penjualnya top. Packaging rapi. Suara jernih. Baterai awet.  recommended banget lah pokoknya..","Barangnya original 👍. Ada garansi resmi. Kemasan disegel. Spesifikasi sesuai . Kelengkapan sesuai. Warna sesuai pesanan. Barangnya mulus. Berfungsi dengan baik. Penjualnya ramah banget. Proses pesanan cepat. Kamera tajam. Packaging aman 🙏. Respon penjualnya top. Packaging rapi. Suara jernih. Baterai awet.  recommended banget lah pokoknya..","Unisex",,,"103314079955","Promo Samsung Galaxy A07 ( 4/64 4/128 6/128 8/256 ) Garansi Resmi Sein","Promo Samsung Galaxy A07 ( 4/64 4/128 6/128 8/256 ) Garansi Resmi Sein - A07 4/64 Black, No Bonus Cicil 0% 3x -  - Ini Toko Budi Shop | Tokopedia","Handphone","Android OS","5","573937459","Product Review","",,"Tokopedia","Oxwalker","Promo Samsung Galaxy A07 ( 4/64 4/128 6/128 8/256 ) Garansi Resmi Sein",,"2022-Q1"
"https://www.tokopedia.com/ini-toko-budi-shop/samsung-galaxy-a07-4-64-4-128-6-128-8-256-garansi-resmi-sein-1729815001835537895-1735330887460881895?extParam=ivf%3Dtrue%26keyword%3Dsamsung+a07%26search_id%3D2026051013261194F6D7E04A4D452A9TDF%26src%3Dsearch&t_id=1778419236765&t_st=7&t_pp=search_result&t_efo=search_pure_goods_card&t_ef=goods_search&t_sm=&t_spt=search_result","maksih gan barang sudah diterima packing rapi respon cepat makasih gan","maksih gan barang sudah diterima packing rapi respon cepat makasih gan","Oxwalker","Indonesia","05-10-2026","07-19-2024","Pants","maksih gan barang sudah diterima packing rapi respon cepat makasih gan","maksih gan barang sudah diterima packing rapi respon cepat makasih gan","Unisex",,,"103314079955","Promo Samsung Galaxy A07 ( 4/64 4/128 6/128 8/256 ) Garansi Resmi Sein","Promo Samsung Galaxy A07 ( 4/64 4/128 6/128 8/256 ) Garansi Resmi Sein - A07 4/64 Black, No Bonus Cicil 0% 3x -  - Ini Toko Budi Shop | Tokopedia","Handphone","Android OS","5","1068032681","Product Review","",,"Tokopedia","Oxwalker","Promo Samsung Galaxy A07 ( 4/64 4/128 6/128 8/256 ) Garansi Resmi Sein",,"2024-Q3"
"https://www.tokopedia.com/ini-toko-budi-shop/samsung-galaxy-a07-4-64-4-128-6-128-8-256-garansi-resmi-sein-1729815001835537895-1735330887460881895?extParam=ivf%3Dtrue%26keyword%3Dsamsung+a07%26search_id%3D2026051013261194F6D7E04A4D452A9TDF%26src%3Dsearch&t_id=1778419236765&t_st=7&t_pp=search_result&t_efo=search_pure_goods_card&t_ef=goods_search&t_sm=&t_spt=search_result","ini sudah yang ke-2 kali saya beli hp di toko ini..
Barang bagus dan berfungsi dengan baik...masih disegel waktu barang sampai.","ini sudah yang ke-2 kali saya beli hp di toko ini..
Barang bagus dan berfungsi dengan baik...masih disegel waktu barang sampai.","Oxwalker","Indonesia","05-10-2026","02-09-2024","Pants","ini sudah yang ke-2 kali saya beli hp di toko ini..
Barang bagus dan berfungsi dengan baik...masih disegel waktu barang sampai.","ini sudah yang ke-2 kali saya beli hp di toko ini..
Barang bagus dan berfungsi dengan baik...masih disegel waktu barang sampai.","Unisex",,,"103314079955","Promo Samsung Galaxy A07 ( 4/64 4/128 6/128 8/256 ) Garansi Resmi Sein","Promo Samsung Galaxy A07 ( 4/64 4/128 6/128 8/256 ) Garansi Resmi Sein - A07 4/64 Black, No Bonus Cicil 0% 3x -  - Ini Toko Budi Shop | Tokopedia","Handphone","Android OS","5","1000299069","Product Review","",,"Tokopedia","Oxwalker","Promo Samsung Galaxy A07 ( 4/64 4/128 6/128 8/256 ) Garansi Resmi Sein",,"2024-Q1"
"https://www.tokopedia.com/ini-toko-budi-shop/samsung-galaxy-a07-4-64-4-128-6-128-8-256-garansi-resmi-sein-1729815001835537895-1735330887460881895?extParam=ivf%3Dtrue%26keyword%3Dsamsung+a07%26search_id%3D2026051013261194F6D7E04A4D452A9TDF%26src%3Dsearch&t_id=1778419236765&t_st=7&t_pp=search_result&t_efo=search_pure_goods_card&t_ef=goods_search&t_sm=&t_spt=search_result","mantap bahan bagus tidak mengecewakan pemirsa","mantap bahan bagus tidak mengecewakan pemirsa","Oxwalker","Indonesia","05-10-2026","03-17-2025","Pants","mantap bahan bagus tidak mengecewakan pemirsa","mantap bahan bagus tidak mengecewakan pemirsa","Unisex",,,"103314079955","Promo Samsung Galaxy A07 ( 4/64 4/128 6/128 8/256 ) Garansi Resmi Sein","Promo Samsung Galaxy A07 ( 4/64 4/128 6/128 8/256 ) Garansi Resmi Sein - A07 4/64 Black, No Bonus Cicil 0% 3x -  - Ini Toko Budi Shop | Tokopedia","Handphone","Android OS","5","1321382789","Product Review","",,"Tokopedia","Oxwalker","Promo Samsung Galaxy A07 ( 4/64 4/128 6/128 8/256 ) Garansi Resmi Sein",,"2025-Q1"
"https://www.tokopedia.com/ini-toko-budi-shop/samsung-galaxy-a07-4-64-4-128-6-128-8-256-garansi-resmi-sein-1729815001835537895-1735330887460881895?extParam=ivf%3Dtrue%26keyword%3Dsamsung+a07%26search_id%3D2026051013261194F6D7E04A4D452A9TDF%26src%3Dsearch&t_id=1778419236765&t_st=7&t_pp=search_result&t_efo=search_pure_goods_card&t_ef=goods_search&t_sm=&t_spt=search_result","datang tersegel, 
barang ori, 
pembelian ke 2,","datang tersegel, 
barang ori, 
pembelian ke 2,","Oxwalker","Indonesia","05-10-2026","04-14-2026","Pants","datang tersegel, 
barang ori, 
pembelian ke 2,","datang tersegel, 
barang ori, 
pembelian ke 2,","Unisex",,,"103314079955","Promo Samsung Galaxy A07 ( 4/64 4/128 6/128 8/256 ) Garansi Resmi Sein","Promo Samsung Galaxy A07 ( 4/64 4/128 6/128 8/256 ) Garansi Resmi Sein - A07 4/64 Black, No Bonus Cicil 0% 3x -  - Ini Toko Budi Shop | Tokopedia","Handphone","Android OS","5","2046399414","Product Review","",,"Tokopedia","Oxwalker","Promo Samsung Galaxy A07 ( 4/64 4/128 6/128 8/256 ) Garansi Resmi Sein",,"2026-Q2"
"https://www.tokopedia.com/ini-toko-budi-shop/samsung-galaxy-a07-4-64-4-128-6-128-8-256-garansi-resmi-sein-1729815001835537895-1735330887460881895?extParam=ivf%3Dtrue%26keyword%3Dsamsung+a07%26search_id%3D2026051013261194F6D7E04A4D452A9TDF%26src%3Dsearch&t_id=1778419236765&t_st=7&t_pp=search_result&t_efo=search_pure_goods_card&t_ef=goods_search&t_sm=&t_spt=search_result","cepat sampai paking aman barang gress no lecet ,ram dam internal benar ,pokonya mantap trimakasi semuanya ,Barangnya original 👍. Kemasan disegel. Spesifikasi sesuai . Ada garansi resmi. Kelengkapan sesuai. Warna sesuai pesanan. Barangnya mulus. Berfungsi dengan baik. Suara jernih. Kamera tajam. Baterai awet. Penjualnya ramah banget. Proses pesanan cepat. Packaging aman 🙏. Packaging rapi. Respon penjualnya top.","cepat sampai paking aman barang gress no lecet ,ram dam internal benar ,pokonya mantap trimakasi semuanya ,Barangnya original 👍. Kemasan disegel. Spesifikasi sesuai . Ada garansi resmi. Kelengkapan sesuai. Warna sesuai pesanan. Barangnya mulus. Berfungsi dengan baik. Suara jernih. Kamera tajam. Baterai awet. Penjualnya ramah banget. Proses pesanan cepat. Packaging aman 🙏. Packaging rapi. Respon penjualnya top.","Oxwalker","Indonesia","05-10-2026","03-15-2022","Pants","cepat sampai paking aman barang gress no lecet ,ram dam internal benar ,pokonya mantap trimakasi semuanya ,Barangnya original 👍. Kemasan disegel. Spesifikasi sesuai . Ada garansi resmi. Kelengkapan sesuai. Warna sesuai pesanan. Barangnya mulus. Berfungsi dengan baik. Suara jernih. Kamera tajam. Baterai awet. Penjualnya ramah banget. Proses pesanan cepat. Packaging aman 🙏. Packaging rapi. Respon penjualnya top.","cepat sampai paking aman barang gress no lecet ,ram dam internal benar ,pokonya mantap trimakasi semuanya ,Barangnya original 👍. Kemasan disegel. Spesifikasi sesuai . Ada garansi resmi. Kelengkapan sesuai. Warna sesuai pesanan. Barangnya mulus. Berfungsi dengan baik. Suara jernih. Kamera tajam. Baterai awet. Penjualnya ramah banget. Proses pesanan cepat. Packaging aman 🙏. Packaging rapi. Respon penjualnya top.","Unisex",,,"103314079955","Promo Samsung Galaxy A07 ( 4/64 4/128 6/128 8/256 ) Garansi Resmi Sein","Promo Samsung Galaxy A07 ( 4/64 4/128 6/128 8/256 ) Garansi Resmi Sein - A07 4/64 Black, No Bonus Cicil 0% 3x -  - Ini Toko Budi Shop | Tokopedia","Handphone","Android OS","5","624150820","Product Review","",,"Tokopedia","Oxwalker","Promo Samsung Galaxy A07 ( 4/64 4/128 6/128 8/256 ) Garansi Resmi Sein",,"2022-Q1"
"https://www.tokopedia.com/ini-toko-budi-shop/samsung-galaxy-a07-4-64-4-128-6-128-8-256-garansi-resmi-sein-1729815001835537895-1735330887460881895?extParam=ivf%3Dtrue%26keyword%3Dsamsung+a07%26search_id%3D2026051013261194F6D7E04A4D452A9TDF%26src%3Dsearch&t_id=1778419236765&t_st=7&t_pp=search_result&t_efo=search_pure_goods_card&t_ef=goods_search&t_sm=&t_spt=search_result","barang msh di segel.packing nya oke sangat aman . untuk pemgirimannya sesuai estimasi juga. oke bagus","barang msh di segel.packing nya oke sangat aman . untuk pemgirimannya sesuai estimasi juga. oke bagus","Oxwalker","Indonesia","05-10-2026","02-21-2024","Pants","barang msh di segel.packing nya oke sangat aman . untuk pemgirimannya sesuai estimasi juga. oke bagus","barang msh di segel.packing nya oke sangat aman . untuk pemgirimannya sesuai estimasi juga. oke bagus","Unisex",,,"103314079955","Promo Samsung Galaxy A07 ( 4/64 4/128 6/128 8/256 ) Garansi Resmi Sein","Promo Samsung Galaxy A07 ( 4/64 4/128 6/128 8/256 ) Garansi Resmi Sein - A07 4/64 Black, No Bonus Cicil 0% 3x -  - Ini Toko Budi Shop | Tokopedia","Handphone","Android OS","5","1004857191","Product Review","",,"Tokopedia","Oxwalker","Promo Samsung Galaxy A07 ( 4/64 4/128 6/128 8/256 ) Garansi Resmi Sein",,"2024-Q1"
"https://www.tokopedia.com/ini-toko-budi-shop/samsung-galaxy-a07-4-64-4-128-6-128-8-256-garansi-resmi-sein-1729815001835537895-1735330887460881895?extParam=ivf%3Dtrue%26keyword%3Dsamsung+a07%26search_id%3D2026051013261194F6D7E04A4D452A9TDF%26src%3Dsearch&t_id=1778419236765&t_st=7&t_pp=search_result&t_efo=search_pure_goods_card&t_ef=goods_search&t_sm=&t_spt=search_result","Bagus, sesuai dan berfungsi dengan baik.  Barang original.","Bagus, sesuai dan berfungsi dengan baik.  Barang original.","Oxwalker","Indonesia","05-10-2026","03-02-2024","Pants","Bagus, sesuai dan berfungsi dengan baik.  Barang original.","Bagus, sesuai dan berfungsi dengan baik.  Barang original.","Unisex",,,"103314079955","Promo Samsung Galaxy A07 ( 4/64 4/128 6/128 8/256 ) Garansi Resmi Sein","Promo Samsung Galaxy A07 ( 4/64 4/128 6/128 8/256 ) Garansi Resmi Sein - A07 4/64 Black, No Bonus Cicil 0% 3x -  - Ini Toko Budi Shop | Tokopedia","Handphone","Android OS","5","1009036308","Product Review","",,"Tokopedia","Oxwalker","Promo Samsung Galaxy A07 ( 4/64 4/128 6/128 8/256 ) Garansi Resmi Sein",,"2024-Q1"
"https://www.tokopedia.com/ini-toko-budi-shop/samsung-galaxy-a07-4-64-4-128-6-128-8-256-garansi-resmi-sein-1729815001835537895-1735330887460881895?extParam=ivf%3Dtrue%26keyword%3Dsamsung+a07%26search_id%3D2026051013261194F6D7E04A4D452A9TDF%26src%3Dsearch&t_id=1778419236765&t_st=7&t_pp=search_result&t_efo=search_pure_goods_card&t_ef=goods_search&t_sm=&t_spt=search_result","Barangnya original 👍. Kemasan disegel. Spesifikasi sesuai . Ada garansi resmi. Kelengkapan sesuai. Warna sesuai pesanan. Barangnya mulus. Berfungsi dengan baik. Suara jernih. Kamera tajam. Baterai awet. 

Mantap JIWA...
SAMSUNG A12 BIRU RAM 6/128","Barangnya original 👍. Kemasan disegel. Spesifikasi sesuai . Ada garansi resmi. Kelengkapan sesuai. Warna sesuai pesanan. Barangnya mulus. Berfungsi dengan baik. Suara jernih. Kamera tajam. Baterai awet. 

Mantap JIWA...
SAMSUNG A12 BIRU RAM 6/128","Oxwalker","Indonesia","05-10-2026","12-09-2021","Pants","Barangnya original 👍. Kemasan disegel. Spesifikasi sesuai . Ada garansi resmi. Kelengkapan sesuai. Warna sesuai pesanan. Barangnya mulus. Berfungsi dengan baik. Suara jernih. Kamera tajam. Baterai awet. 

Mantap JIWA...
SAMSUNG A12 BIRU RAM 6/128","Barangnya original 👍. Kemasan disegel. Spesifikasi sesuai . Ada garansi resmi. Kelengkapan sesuai. Warna sesuai pesanan. Barangnya mulus. Berfungsi dengan baik. Suara jernih. Kamera tajam. Baterai awet. 

Mantap JIWA...
SAMSUNG A12 BIRU RAM 6/128","Unisex",,,"103314079955","Promo Samsung Galaxy A07 ( 4/64 4/128 6/128 8/256 ) Garansi Resmi Sein","Promo Samsung Galaxy A07 ( 4/64 4/128 6/128 8/256 ) Garansi Resmi Sein - A07 4/64 Black, No Bonus Cicil 0% 3x -  - Ini Toko Budi Shop | Tokopedia","Handphone","Android OS","5","544027213","Product Review","",,"Tokopedia","Oxwalker","Promo Samsung Galaxy A07 ( 4/64 4/128 6/128 8/256 ) Garansi Resmi Sein",,"2021-Q4"
"https://www.tokopedia.com/ini-toko-budi-shop/samsung-galaxy-a07-4-64-4-128-6-128-8-256-garansi-resmi-sein-1729815001835537895-1735330887460881895?extParam=ivf%3Dtrue%26keyword%3Dsamsung+a07%26search_id%3D2026051013261194F6D7E04A4D452A9TDF%26src%3Dsearch&t_id=1778419236765&t_st=7&t_pp=search_result&t_efo=search_pure_goods_card&t_ef=goods_search&t_sm=&t_spt=search_result","Maaf kak.bru beri ulasan.. Alhamdulilaah Hp Samsung nya sudah ku terima.. semuanya tersegel dan berfungsi dengan baik .. Seller nya AMANAH.. Terimakasih 
Pokonyaaa Mantaaappp..","Maaf kak.bru beri ulasan.. Alhamdulilaah Hp Samsung nya sudah ku terima.. semuanya tersegel dan berfungsi dengan baik .. Seller nya AMANAH.. Terimakasih 
Pokonyaaa Mantaaappp..","Oxwalker","Indonesia","05-10-2026","03-15-2026","Pants","Maaf kak.bru beri ulasan.. Alhamdulilaah Hp Samsung nya sudah ku terima.. semuanya tersegel dan berfungsi dengan baik .. Seller nya AMANAH.. Terimakasih 
Pokonyaaa Mantaaappp..","Maaf kak.bru beri ulasan.. Alhamdulilaah Hp Samsung nya sudah ku terima.. semuanya tersegel dan berfungsi dengan baik .. Seller nya AMANAH.. Terimakasih 
Pokonyaaa Mantaaappp..","Unisex",,,"103314079955","Promo Samsung Galaxy A07 ( 4/64 4/128 6/128 8/256 ) Garansi Resmi Sein","Promo Samsung Galaxy A07 ( 4/64 4/128 6/128 8/256 ) Garansi Resmi Sein - A07 4/64 Black, No Bonus Cicil 0% 3x -  - Ini Toko Budi Shop | Tokopedia","Handphone","Android OS","5","1998848473","Product Review","",,"Tokopedia","Oxwalker","Promo Samsung Galaxy A07 ( 4/64 4/128 6/128 8/256 ) Garansi Resmi Sein",,"2026-Q1"
"https://www.tokopedia.com/ini-toko-budi-shop/samsung-galaxy-a07-4-64-4-128-6-128-8-256-garansi-resmi-sein-1729815001835537895-1735330887460881895?extParam=ivf%3Dtrue%26keyword%3Dsamsung+a07%26search_id%3D2026051013261194F6D7E04A4D452A9TDF%26src%3Dsearch&t_id=1778419236765&t_st=7&t_pp=search_result&t_efo=search_pure_goods_card&t_ef=goods_search&t_sm=&t_spt=search_result","Produk sesuai, pengiriman cepat dengan packing proper dan seller sangat responsif. terima kasih..","Produk sesuai, pengiriman cepat dengan packing proper dan seller sangat responsif. terima kasih..","Oxwalker","Indonesia","05-10-2026","04-29-2026","Pants","Produk sesuai, pengiriman cepat dengan packing proper dan seller sangat responsif. terima kasih..","Produk sesuai, pengiriman cepat dengan packing proper dan seller sangat responsif. terima kasih..","Unisex",,,"103314079955","Promo Samsung Galaxy A07 ( 4/64 4/128 6/128 8/256 ) Garansi Resmi Sein","Promo Samsung Galaxy A07 ( 4/64 4/128 6/128 8/256 ) Garansi Resmi Sein - A07 4/64 Black, No Bonus Cicil 0% 3x -  - Ini Toko Budi Shop | Tokopedia","Handphone","Android OS","5","2071883224","Product Review","",,"Tokopedia","Oxwalker","Promo Samsung Galaxy A07 ( 4/64 4/128 6/128 8/256 ) Garansi Resmi Sein",,"2026-Q2"
"https://www.tokopedia.com/ini-toko-budi-shop/samsung-galaxy-a07-4-64-4-128-6-128-8-256-garansi-resmi-sein-1729815001835537895-1735330887460881895?extParam=ivf%3Dtrue%26keyword%3Dsamsung+a07%26search_id%3D2026051013261194F6D7E04A4D452A9TDF%26src%3Dsearch&t_id=1778419236765&t_st=7&t_pp=search_result&t_efo=search_pure_goods_card&t_ef=goods_search&t_sm=&t_spt=search_result","recomended seller..... bayar langsung kirim, tp sayang..hidro,softcase,headset bonusnya g dikirim,","recomended seller..... bayar langsung kirim, tp sayang..hidro,softcase,headset bonusnya g dikirim,","Oxwalker","Indonesia","05-10-2026","08-25-2024","Pants","recomended seller..... bayar langsung kirim, tp sayang..hidro,softcase,headset bonusnya g dikirim,","recomended seller..... bayar langsung kirim, tp sayang..hidro,softcase,headset bonusnya g dikirim,","Unisex",,,"103314079955","Promo Samsung Galaxy A07 ( 4/64 4/128 6/128 8/256 ) Garansi Resmi Sein","Promo Samsung Galaxy A07 ( 4/64 4/128 6/128 8/256 ) Garansi Resmi Sein - A07 4/64 Black, No Bonus Cicil 0% 3x -  - Ini Toko Budi Shop | Tokopedia","Handphone","Android OS","5","1083810785","Product Review","",,"Tokopedia","Oxwalker","Promo Samsung Galaxy A07 ( 4/64 4/128 6/128 8/256 ) Garansi Resmi Sein",,"2024-Q3"
"https://www.tokopedia.com/ini-toko-budi-shop/samsung-galaxy-a07-4-64-4-128-6-128-8-256-garansi-resmi-sein-1729815001835537895-1735330887460881895?extParam=ivf%3Dtrue%26keyword%3Dsamsung+a07%26search_id%3D2026051013261194F6D7E04A4D452A9TDF%26src%3Dsearch&t_id=1778419236765&t_st=7&t_pp=search_result&t_efo=search_pure_goods_card&t_ef=goods_search&t_sm=&t_spt=search_result","barang bagus garansi resmi dan fitur menarik. Samsung memang ok. terimakasih seller dan toped","barang bagus garansi resmi dan fitur menarik. Samsung memang ok. terimakasih seller dan toped","Oxwalker","Indonesia","05-10-2026","07-23-2025","Pants","barang bagus garansi resmi dan fitur menarik. Samsung memang ok. terimakasih seller dan toped","barang bagus garansi resmi dan fitur menarik. Samsung memang ok. terimakasih seller dan toped","Unisex",,,"103314079955","Promo Samsung Galaxy A07 ( 4/64 4/128 6/128 8/256 ) Garansi Resmi Sein","Promo Samsung Galaxy A07 ( 4/64 4/128 6/128 8/256 ) Garansi Resmi Sein - A07 4/64 Black, No Bonus Cicil 0% 3x -  - Ini Toko Budi Shop | Tokopedia","Handphone","Android OS","5","1587523524","Product Review","",,"Tokopedia","Oxwalker","Promo Samsung Galaxy A07 ( 4/64 4/128 6/128 8/256 ) Garansi Resmi Sein",,"2025-Q3"
"https://www.tokopedia.com/ini-toko-budi-shop/samsung-galaxy-a07-4-64-4-128-6-128-8-256-garansi-resmi-sein-1729815001835537895-1735330887460881895?extParam=ivf%3Dtrue%26keyword%3Dsamsung+a07%26search_id%3D2026051013261194F6D7E04A4D452A9TDF%26src%3Dsearch&t_id=1778419236765&t_st=7&t_pp=search_result&t_efo=search_pure_goods_card&t_ef=goods_search&t_sm=&t_spt=search_result","Sesuai pesanan masih segel no minus normal semua bagus kelengkapan Sesuai deskripsi rekomendasi pokonya ngga bakal ngecewain terimakasih","Sesuai pesanan masih segel no minus normal semua bagus kelengkapan Sesuai deskripsi rekomendasi pokonya ngga bakal ngecewain terimakasih","Oxwalker","Indonesia","05-10-2026","10-19-2025","Pants","Sesuai pesanan masih segel no minus normal semua bagus kelengkapan Sesuai deskripsi rekomendasi pokonya ngga bakal ngecewain terimakasih","Sesuai pesanan masih segel no minus normal semua bagus kelengkapan Sesuai deskripsi rekomendasi pokonya ngga bakal ngecewain terimakasih","Unisex",,,"103314079955","Promo Samsung Galaxy A07 ( 4/64 4/128 6/128 8/256 ) Garansi Resmi Sein","Promo Samsung Galaxy A07 ( 4/64 4/128 6/128 8/256 ) Garansi Resmi Sein - A07 4/64 Black, No Bonus Cicil 0% 3x -  - Ini Toko Budi Shop | Tokopedia","Handphone","Android OS","5","1727091703","Product Review","",,"Tokopedia","Oxwalker","Promo Samsung Galaxy A07 ( 4/64 4/128 6/128 8/256 ) Garansi Resmi Sein",,"2025-Q4"
"https://www.tokopedia.com/ini-toko-budi-shop/samsung-galaxy-a07-4-64-4-128-6-128-8-256-garansi-resmi-sein-1729815001835537895-1735330887460881895?extParam=ivf%3Dtrue%26keyword%3Dsamsung+a07%26search_id%3D2026051013261194F6D7E04A4D452A9TDF%26src%3Dsearch&t_id=1778419236765&t_st=7&t_pp=search_result&t_efo=search_pure_goods_card&t_ef=goods_search&t_sm=&t_spt=search_result","pelayanan penjual sat set, langsung proses, ndak pakai lama. packing barang, aman. barang masih segel. suka ama penjual seperti ini. makasih pelayanannya.","pelayanan penjual sat set, langsung proses, ndak pakai lama. packing barang, aman. barang masih segel. suka ama penjual seperti ini. makasih pelayanannya.","Oxwalker","Indonesia","05-10-2026","04-22-2025","Pants","pelayanan penjual sat set, langsung proses, ndak pakai lama. packing barang, aman. barang masih segel. suka ama penjual seperti ini. makasih pelayanannya.","pelayanan penjual sat set, langsung proses, ndak pakai lama. packing barang, aman. barang masih segel. suka ama penjual seperti ini. makasih pelayanannya.","Unisex",,,"103314079955","Promo Samsung Galaxy A07 ( 4/64 4/128 6/128 8/256 ) Garansi Resmi Sein","Promo Samsung Galaxy A07 ( 4/64 4/128 6/128 8/256 ) Garansi Resmi Sein - A07 4/64 Black, No Bonus Cicil 0% 3x -  - Ini Toko Budi Shop | Tokopedia","Handphone","Android OS","5","1393120110","Product Review","",,"Tokopedia","Oxwalker","Promo Samsung Galaxy A07 ( 4/64 4/128 6/128 8/256 ) Garansi Resmi Sein",,"2025-Q2"
"https://www.tokopedia.com/ini-toko-budi-shop/samsung-galaxy-a07-4-64-4-128-6-128-8-256-garansi-resmi-sein-1729815001835537895-1735330887460881895?extParam=ivf%3Dtrue%26keyword%3Dsamsung+a07%26search_id%3D2026051013261194F6D7E04A4D452A9TDF%26src%3Dsearch&t_id=1778419236765&t_st=7&t_pp=search_result&t_efo=search_pure_goods_card&t_ef=goods_search&t_sm=&t_spt=search_result","hp nya bagus tipis ngga berat, sampe dengan aman, semoga awet karena beli buat anak","hp nya bagus tipis ngga berat, sampe dengan aman, semoga awet karena beli buat anak","Oxwalker","Indonesia","05-10-2026","10-23-2025","Pants","hp nya bagus tipis ngga berat, sampe dengan aman, semoga awet karena beli buat anak","hp nya bagus tipis ngga berat, sampe dengan aman, semoga awet karena beli buat anak","Unisex",,,"103314079955","Promo Samsung Galaxy A07 ( 4/64 4/128 6/128 8/256 ) Garansi Resmi Sein","Promo Samsung Galaxy A07 ( 4/64 4/128 6/128 8/256 ) Garansi Resmi Sein - A07 4/64 Black, No Bonus Cicil 0% 3x -  - Ini Toko Budi Shop | Tokopedia","Handphone","Android OS","5","1733105040","Product Review","",,"Tokopedia","Oxwalker","Promo Samsung Galaxy A07 ( 4/64 4/128 6/128 8/256 ) Garansi Resmi Sein",,"2025-Q4"
"https://www.tokopedia.com/ini-toko-budi-shop/samsung-galaxy-a07-4-64-4-128-6-128-8-256-garansi-resmi-sein-1729815001835537895-1735330887460881895?extParam=ivf%3Dtrue%26keyword%3Dsamsung+a07%26search_id%3D2026051013261194F6D7E04A4D452A9TDF%26src%3Dsearch&t_id=1778419236765&t_st=7&t_pp=search_result&t_efo=search_pure_goods_card&t_ef=goods_search&t_sm=&t_spt=search_result","paket lengkap sesuai pesanan, packing aman, pengiriman cepat, cm belum dibuka krn utk kado, semoga awet! thx seller dpt best price pas lg flash sale","paket lengkap sesuai pesanan, packing aman, pengiriman cepat, cm belum dibuka krn utk kado, semoga awet! thx seller dpt best price pas lg flash sale","Oxwalker","Indonesia","05-10-2026","07-19-2024","Pants","paket lengkap sesuai pesanan, packing aman, pengiriman cepat, cm belum dibuka krn utk kado, semoga awet! thx seller dpt best price pas lg flash sale","paket lengkap sesuai pesanan, packing aman, pengiriman cepat, cm belum dibuka krn utk kado, semoga awet! thx seller dpt best price pas lg flash sale","Unisex",,,"103314079955","Promo Samsung Galaxy A07 ( 4/64 4/128 6/128 8/256 ) Garansi Resmi Sein","Promo Samsung Galaxy A07 ( 4/64 4/128 6/128 8/256 ) Garansi Resmi Sein - A07 4/64 Black, No Bonus Cicil 0% 3x -  - Ini Toko Budi Shop | Tokopedia","Handphone","Android OS","5","1067825169","Product Review","",,"Tokopedia","Oxwalker","Promo Samsung Galaxy A07 ( 4/64 4/128 6/128 8/256 ) Garansi Resmi Sein",,"2024-Q3"
"https://www.tokopedia.com/ini-toko-budi-shop/samsung-galaxy-a07-4-64-4-128-6-128-8-256-garansi-resmi-sein-1729815001835537895-1735330887460881895?extParam=ivf%3Dtrue%26keyword%3Dsamsung+a07%26search_id%3D2026051013261194F6D7E04A4D452A9TDF%26src%3Dsearch&t_id=1778419236765&t_st=7&t_pp=search_result&t_efo=search_pure_goods_card&t_ef=goods_search&t_sm=&t_spt=search_result","barang sampai dengan selamat. ada garansi resmi dan masih segel. bisa dijalankan dengan sangat baik. pengiriman cepat pesan hr selasa, kamis udh dateng. terimakasih buat toko budi dan tokped☺🙏","barang sampai dengan selamat. ada garansi resmi dan masih segel. bisa dijalankan dengan sangat baik. pengiriman cepat pesan hr selasa, kamis udh dateng. terimakasih buat toko budi dan tokped☺🙏","Oxwalker","Indonesia","05-10-2026","07-18-2024","Pants","barang sampai dengan selamat. ada garansi resmi dan masih segel. bisa dijalankan dengan sangat baik. pengiriman cepat pesan hr selasa, kamis udh dateng. terimakasih buat toko budi dan tokped☺🙏","barang sampai dengan selamat. ada garansi resmi dan masih segel. bisa dijalankan dengan sangat baik. pengiriman cepat pesan hr selasa, kamis udh dateng. terimakasih buat toko budi dan tokped☺🙏","Unisex",,,"103314079955","Promo Samsung Galaxy A07 ( 4/64 4/128 6/128 8/256 ) Garansi Resmi Sein","Promo Samsung Galaxy A07 ( 4/64 4/128 6/128 8/256 ) Garansi Resmi Sein - A07 4/64 Black, No Bonus Cicil 0% 3x -  - Ini Toko Budi Shop | Tokopedia","Handphone","Android OS","5","1067600958","Product Review","",,"Tokopedia","Oxwalker","Promo Samsung Galaxy A07 ( 4/64 4/128 6/128 8/256 ) Garansi Resmi Sein",,"2024-Q3"
"https://www.tokopedia.com/ini-toko-budi-shop/samsung-galaxy-a07-4-64-4-128-6-128-8-256-garansi-resmi-sein-1729815001835537895-1735330887460881895?extParam=ivf%3Dtrue%26keyword%3Dsamsung+a07%26search_id%3D2026051013261194F6D7E04A4D452A9TDF%26src%3Dsearch&t_id=1778419236765&t_st=7&t_pp=search_result&t_efo=search_pure_goods_card&t_ef=goods_search&t_sm=&t_spt=search_result","sesuai pesanan,alhamdulillah nyampe juga walaupun salah ketik alamatnya emang agak lama","sesuai pesanan,alhamdulillah nyampe juga walaupun salah ketik alamatnya emang agak lama","Oxwalker","Indonesia","05-10-2026","10-12-2025","Pants","sesuai pesanan,alhamdulillah nyampe juga walaupun salah ketik alamatnya emang agak lama","sesuai pesanan,alhamdulillah nyampe juga walaupun salah ketik alamatnya emang agak lama","Unisex",,,"103314079955","Promo Samsung Galaxy A07 ( 4/64 4/128 6/128 8/256 ) Garansi Resmi Sein","Promo Samsung Galaxy A07 ( 4/64 4/128 6/128 8/256 ) Garansi Resmi Sein - A07 4/64 Black, No Bonus Cicil 0% 3x -  - Ini Toko Budi Shop | Tokopedia","Handphone","Android OS","5","1716924119","Product Review","",,"Tokopedia","Oxwalker","Promo Samsung Galaxy A07 ( 4/64 4/128 6/128 8/256 ) Garansi Resmi Sein",,"2025-Q4"
"https://www.tokopedia.com/ini-toko-budi-shop/samsung-galaxy-a07-4-64-4-128-6-128-8-256-garansi-resmi-sein-1729815001835537895-1735330887460881895?extParam=ivf%3Dtrue%26keyword%3Dsamsung+a07%26search_id%3D2026051013261194F6D7E04A4D452A9TDF%26src%3Dsearch&t_id=1778419236765&t_st=7&t_pp=search_result&t_efo=search_pure_goods_card&t_ef=goods_search&t_sm=&t_spt=search_result","Mohon maaf telat beri ulasan karena hp nya saya operasikan dulu🙏.Ok banget Toko ini...Amanah sesuai dengan yang di harapkan keren pokok nya...sukses dan lancar selalu ya🤲","Mohon maaf telat beri ulasan karena hp nya saya operasikan dulu🙏.Ok banget Toko ini...Amanah sesuai dengan yang di harapkan keren pokok nya...sukses dan lancar selalu ya🤲","Oxwalker","Indonesia","05-10-2026","07-18-2025","Pants","Mohon maaf telat beri ulasan karena hp nya saya operasikan dulu🙏.Ok banget Toko ini...Amanah sesuai dengan yang di harapkan keren pokok nya...sukses dan lancar selalu ya🤲","Mohon maaf telat beri ulasan karena hp nya saya operasikan dulu🙏.Ok banget Toko ini...Amanah sesuai dengan yang di harapkan keren pokok nya...sukses dan lancar selalu ya🤲","Unisex",,,"103314079955","Promo Samsung Galaxy A07 ( 4/64 4/128 6/128 8/256 ) Garansi Resmi Sein","Promo Samsung Galaxy A07 ( 4/64 4/128 6/128 8/256 ) Garansi Resmi Sein - A07 4/64 Black, No Bonus Cicil 0% 3x -  - Ini Toko Budi Shop | Tokopedia","Handphone","Android OS","5","1579237394","Product Review","",,"Tokopedia","Oxwalker","Promo Samsung Galaxy A07 ( 4/64 4/128 6/128 8/256 ) Garansi Resmi Sein",,"2025-Q3"
"https://www.tokopedia.com/ini-toko-budi-shop/samsung-galaxy-a07-4-64-4-128-6-128-8-256-garansi-resmi-sein-1729815001835537895-1735330887460881895?extParam=ivf%3Dtrue%26keyword%3Dsamsung+a07%26search_id%3D2026051013261194F6D7E04A4D452A9TDF%26src%3Dsearch&t_id=1778419236765&t_st=7&t_pp=search_result&t_efo=search_pure_goods_card&t_ef=goods_search&t_sm=&t_spt=search_result","sesuai deskripsi, ada garansi resmi, barang orginal, packing aman","sesuai deskripsi, ada garansi resmi, barang orginal, packing aman","Oxwalker","Indonesia","05-10-2026","07-12-2024","Pants","sesuai deskripsi, ada garansi resmi, barang orginal, packing aman","sesuai deskripsi, ada garansi resmi, barang orginal, packing aman","Unisex",,,"103314079955","Promo Samsung Galaxy A07 ( 4/64 4/128 6/128 8/256 ) Garansi Resmi Sein","Promo Samsung Galaxy A07 ( 4/64 4/128 6/128 8/256 ) Garansi Resmi Sein - A07 4/64 Black, No Bonus Cicil 0% 3x -  - Ini Toko Budi Shop | Tokopedia","Handphone","Android OS","5","1064704871","Product Review","",,"Tokopedia","Oxwalker","Promo Samsung Galaxy A07 ( 4/64 4/128 6/128 8/256 ) Garansi Resmi Sein",,"2024-Q3"
"https://www.tokopedia.com/ini-toko-budi-shop/samsung-galaxy-a07-4-64-4-128-6-128-8-256-garansi-resmi-sein-1729815001835537895-1735330887460881895?extParam=ivf%3Dtrue%26keyword%3Dsamsung+a07%26search_id%3D2026051013261194F6D7E04A4D452A9TDF%26src%3Dsearch&t_id=1778419236765&t_st=7&t_pp=search_result&t_efo=search_pure_goods_card&t_ef=goods_search&t_sm=&t_spt=search_result","berfungsi dengan baik, segel ok, delivery samedaynya jga ok meski ordernya di batas akhir waktu...respon seller baik. Hanya soft case ada sedikit kurang mulus, tpi overall semuanya ok. Tksh 👍🙂","berfungsi dengan baik, segel ok, delivery samedaynya jga ok meski ordernya di batas akhir waktu...respon seller baik. Hanya soft case ada sedikit kurang mulus, tpi overall semuanya ok. Tksh 👍🙂","Oxwalker","Indonesia","05-10-2026","05-29-2024","Pants","berfungsi dengan baik, segel ok, delivery samedaynya jga ok meski ordernya di batas akhir waktu...respon seller baik. Hanya soft case ada sedikit kurang mulus, tpi overall semuanya ok. Tksh 👍🙂","berfungsi dengan baik, segel ok, delivery samedaynya jga ok meski ordernya di batas akhir waktu...respon seller baik. Hanya soft case ada sedikit kurang mulus, tpi overall semuanya ok. Tksh 👍🙂","Unisex",,,"103314079955","Promo Samsung Galaxy A07 ( 4/64 4/128 6/128 8/256 ) Garansi Resmi Sein","Promo Samsung Galaxy A07 ( 4/64 4/128 6/128 8/256 ) Garansi Resmi Sein - A07 4/64 Black, No Bonus Cicil 0% 3x -  - Ini Toko Budi Shop | Tokopedia","Handphone","Android OS","5","1045768822","Product Review","",,"Tokopedia","Oxwalker","Promo Samsung Galaxy A07 ( 4/64 4/128 6/128 8/256 ) Garansi Resmi Sein",,"2024-Q2"
"https://www.tokopedia.com/ini-toko-budi-shop/samsung-galaxy-a07-4-64-4-128-6-128-8-256-garansi-resmi-sein-1729815001835537895-1735330887460881895?extParam=ivf%3Dtrue%26keyword%3Dsamsung+a07%26search_id%3D2026051013261194F6D7E04A4D452A9TDF%26src%3Dsearch&t_id=1778419236765&t_st=7&t_pp=search_result&t_efo=search_pure_goods_card&t_ef=goods_search&t_sm=&t_spt=search_result","Barangnya original 👍. Ada garansi resmi. Kemasan disegel. Spesifikasi sesuai . Kelengkapan sesuai. Warna sesuai pesanan. Barangnya mulus. Berfungsi dengan baik. Suara jernih. Kamera tajam. Baterai awet.","Barangnya original 👍. Ada garansi resmi. Kemasan disegel. Spesifikasi sesuai . Kelengkapan sesuai. Warna sesuai pesanan. Barangnya mulus. Berfungsi dengan baik. Suara jernih. Kamera tajam. Baterai awet.","Oxwalker","Indonesia","05-10-2026","09-25-2021","Pants","Barangnya original 👍. Ada garansi resmi. Kemasan disegel. Spesifikasi sesuai . Kelengkapan sesuai. Warna sesuai pesanan. Barangnya mulus. Berfungsi dengan baik. Suara jernih. Kamera tajam. Baterai awet.","Barangnya original 👍. Ada garansi resmi. Kemasan disegel. Spesifikasi sesuai . Kelengkapan sesuai. Warna sesuai pesanan. Barangnya mulus. Berfungsi dengan baik. Suara jernih. Kamera tajam. Baterai awet.","Unisex",,,"103314079955","Promo Samsung Galaxy A07 ( 4/64 4/128 6/128 8/256 ) Garansi Resmi Sein","Promo Samsung Galaxy A07 ( 4/64 4/128 6/128 8/256 ) Garansi Resmi Sein - A07 4/64 Black, No Bonus Cicil 0% 3x -  - Ini Toko Budi Shop | Tokopedia","Handphone","Android OS","5","485200261","Product Review","",,"Tokopedia","Oxwalker","Promo Samsung Galaxy A07 ( 4/64 4/128 6/128 8/256 ) Garansi Resmi Sein",,"2021-Q3"
"https://www.tokopedia.com/ini-toko-budi-shop/samsung-galaxy-a07-4-64-4-128-6-128-8-256-garansi-resmi-sein-1729815001835537895-1735330887460881895?extParam=ivf%3Dtrue%26keyword%3Dsamsung+a07%26search_id%3D2026051013261194F6D7E04A4D452A9TDF%26src%3Dsearch&t_id=1778419236765&t_st=7&t_pp=search_result&t_efo=search_pure_goods_card&t_ef=goods_search&t_sm=&t_spt=search_result","Barang bagus sekali,berkualitas,memuaskan. trima kasih kembali. saya akan beli lagi nanti disini.","Barang bagus sekali,berkualitas,memuaskan. trima kasih kembali. saya akan beli lagi nanti disini.","Oxwalker","Indonesia","05-10-2026","06-16-2024","Pants","Barang bagus sekali,berkualitas,memuaskan. trima kasih kembali. saya akan beli lagi nanti disini.","Barang bagus sekali,berkualitas,memuaskan. trima kasih kembali. saya akan beli lagi nanti disini.","Unisex",,,"103314079955","Promo Samsung Galaxy A07 ( 4/64 4/128 6/128 8/256 ) Garansi Resmi Sein","Promo Samsung Galaxy A07 ( 4/64 4/128 6/128 8/256 ) Garansi Resmi Sein - A07 4/64 Black, No Bonus Cicil 0% 3x -  - Ini Toko Budi Shop | Tokopedia","Handphone","Android OS","5","1053793742","Product Review","",,"Tokopedia","Oxwalker","Promo Samsung Galaxy A07 ( 4/64 4/128 6/128 8/256 ) Garansi Resmi Sein",,"2024-Q2"
"https://www.tokopedia.com/ini-toko-budi-shop/samsung-galaxy-a07-4-64-4-128-6-128-8-256-garansi-resmi-sein-1729815001835537895-1735330887460881895?extParam=ivf%3Dtrue%26keyword%3Dsamsung+a07%26search_id%3D2026051013261194F6D7E04A4D452A9TDF%26src%3Dsearch&t_id=1778419236765&t_st=7&t_pp=search_result&t_efo=search_pure_goods_card&t_ef=goods_search&t_sm=&t_spt=search_result","Barangnya original 👍. Kemasan disegel. Warna sesuai pesanan. Berfungsi dengan baik. Spesifikasi sesuai .","Barangnya original 👍. Kemasan disegel. Warna sesuai pesanan. Berfungsi dengan baik. Spesifikasi sesuai .","Oxwalker","Indonesia","05-10-2026","11-15-2021","Pants","Barangnya original 👍. Kemasan disegel. Warna sesuai pesanan. Berfungsi dengan baik. Spesifikasi sesuai .","Barangnya original 👍. Kemasan disegel. Warna sesuai pesanan. Berfungsi dengan baik. Spesifikasi sesuai .","Unisex",,,"103314079955","Promo Samsung Galaxy A07 ( 4/64 4/128 6/128 8/256 ) Garansi Resmi Sein","Promo Samsung Galaxy A07 ( 4/64 4/128 6/128 8/256 ) Garansi Resmi Sein - A07 4/64 Black, No Bonus Cicil 0% 3x -  - Ini Toko Budi Shop | Tokopedia","Handphone","Android OS","5","524243256","Product Review","",,"Tokopedia","Oxwalker","Promo Samsung Galaxy A07 ( 4/64 4/128 6/128 8/256 ) Garansi Resmi Sein",,"2021-Q4"
"https://www.tokopedia.com/ini-toko-budi-shop/samsung-galaxy-a07-4-64-4-128-6-128-8-256-garansi-resmi-sein-1729815001835537895-1735330887460881895?extParam=ivf%3Dtrue%26keyword%3Dsamsung+a07%26search_id%3D2026051013261194F6D7E04A4D452A9TDF%26src%3Dsearch&t_id=1778419236765&t_st=7&t_pp=search_result&t_efo=search_pure_goods_card&t_ef=goods_search&t_sm=&t_spt=search_result","Barang Bagus, Seller Fast Respon, Pengiriman Cepat","Barang Bagus, Seller Fast Respon, Pengiriman Cepat","Oxwalker","Indonesia","05-10-2026","06-22-2024","Pants","Barang Bagus, Seller Fast Respon, Pengiriman Cepat","Barang Bagus, Seller Fast Respon, Pengiriman Cepat","Unisex",,,"103314079955","Promo Samsung Galaxy A07 ( 4/64 4/128 6/128 8/256 ) Garansi Resmi Sein","Promo Samsung Galaxy A07 ( 4/64 4/128 6/128 8/256 ) Garansi Resmi Sein - A07 4/64 Black, No Bonus Cicil 0% 3x -  - Ini Toko Budi Shop | Tokopedia","Handphone","Android OS","5","1056067571","Product Review","",,"Tokopedia","Oxwalker","Promo Samsung Galaxy A07 ( 4/64 4/128 6/128 8/256 ) Garansi Resmi Sein",,"2024-Q2"
"https://www.tokopedia.com/ini-toko-budi-shop/samsung-galaxy-a07-4-64-4-128-6-128-8-256-garansi-resmi-sein-1729815001835537895-1735330887460881895?extParam=ivf%3Dtrue%26keyword%3Dsamsung+a07%26search_id%3D2026051013261194F6D7E04A4D452A9TDF%26src%3Dsearch&t_id=1778419236765&t_st=7&t_pp=search_result&t_efo=search_pure_goods_card&t_ef=goods_search&t_sm=&t_spt=search_result","HP cukup bagus performanya di kelas harga Rp 2 juta-an, poin plus ada di kamera dan baterai. Ciri khas Samsung banyak bloatware, tapi gak separah dulu, skrg yg bisa dibuang sdh lebih banyak. Bagi yg paham, sedikit di-setting di developer option dan ubah setelan sana sini, hp ini cukup kencang. SELLER: Fast response, recommended. Kemasan tebel dan gak pelit bubble wrap. Mantap lah. Terima kasih.","HP cukup bagus performanya di kelas harga Rp 2 juta-an, poin plus ada di kamera dan baterai. Ciri khas Samsung banyak bloatware, tapi gak separah dulu, skrg yg bisa dibuang sdh lebih banyak. Bagi yg paham, sedikit di-setting di developer option dan ubah setelan sana sini, hp ini cukup kencang. SELLER: Fast response, recommended. Kemasan tebel dan gak pelit bubble wrap. Mantap lah. Terima kasih.","Oxwalker","Indonesia","05-10-2026","12-16-2021","Pants","HP cukup bagus performanya di kelas harga Rp 2 juta-an, poin plus ada di kamera dan baterai. Ciri khas Samsung banyak bloatware, tapi gak separah dulu, skrg yg bisa dibuang sdh lebih banyak. Bagi yg paham, sedikit di-setting di developer option dan ubah setelan sana sini, hp ini cukup kencang. SELLER: Fast response, recommended. Kemasan tebel dan gak pelit bubble wrap. Mantap lah. Terima kasih.","HP cukup bagus performanya di kelas harga Rp 2 juta-an, poin plus ada di kamera dan baterai. Ciri khas Samsung banyak bloatware, tapi gak separah dulu, skrg yg bisa dibuang sdh lebih banyak. Bagi yg paham, sedikit di-setting di developer option dan ubah setelan sana sini, hp ini cukup kencang. SELLER: Fast response, recommended. Kemasan tebel dan gak pelit bubble wrap. Mantap lah. Terima kasih.","Unisex",,,"103314079955","Promo Samsung Galaxy A07 ( 4/64 4/128 6/128 8/256 ) Garansi Resmi Sein","Promo Samsung Galaxy A07 ( 4/64 4/128 6/128 8/256 ) Garansi Resmi Sein - A07 4/64 Black, No Bonus Cicil 0% 3x -  - Ini Toko Budi Shop | Tokopedia","Handphone","Android OS","5","549891680","Product Review","",,"Tokopedia","Oxwalker","Promo Samsung Galaxy A07 ( 4/64 4/128 6/128 8/256 ) Garansi Resmi Sein",,"2021-Q4"
"https://www.tokopedia.com/ini-toko-budi-shop/samsung-galaxy-a07-4-64-4-128-6-128-8-256-garansi-resmi-sein-1729815001835537895-1735330887460881895?extParam=ivf%3Dtrue%26keyword%3Dsamsung+a07%26search_id%3D2026051013261194F6D7E04A4D452A9TDF%26src%3Dsearch&t_id=1778419236765&t_st=7&t_pp=search_result&t_efo=search_pure_goods_card&t_ef=goods_search&t_sm=&t_spt=search_result","seller ramah, fast respond, faktur pembelian di sertakan, mantappp cuma keterlamabatan di pengiriman, over all mantapppp.","seller ramah, fast respond, faktur pembelian di sertakan, mantappp cuma keterlamabatan di pengiriman, over all mantapppp.","Oxwalker","Indonesia","05-10-2026","11-06-2021","Pants","seller ramah, fast respond, faktur pembelian di sertakan, mantappp cuma keterlamabatan di pengiriman, over all mantapppp.","seller ramah, fast respond, faktur pembelian di sertakan, mantappp cuma keterlamabatan di pengiriman, over all mantapppp.","Unisex",,,"103314079955","Promo Samsung Galaxy A07 ( 4/64 4/128 6/128 8/256 ) Garansi Resmi Sein","Promo Samsung Galaxy A07 ( 4/64 4/128 6/128 8/256 ) Garansi Resmi Sein - A07 4/64 Black, No Bonus Cicil 0% 3x -  - Ini Toko Budi Shop | Tokopedia","Handphone","Android OS","5","517618765","Product Review","",,"Tokopedia","Oxwalker","Promo Samsung Galaxy A07 ( 4/64 4/128 6/128 8/256 ) Garansi Resmi Sein",,"2021-Q4"
"https://www.tokopedia.com/ini-toko-budi-shop/samsung-galaxy-a07-4-64-4-128-6-128-8-256-garansi-resmi-sein-1729815001835537895-1735330887460881895?extParam=ivf%3Dtrue%26keyword%3Dsamsung+a07%26search_id%3D2026051013261194F6D7E04A4D452A9TDF%26src%3Dsearch&t_id=1778419236765&t_st=7&t_pp=search_result&t_efo=search_pure_goods_card&t_ef=goods_search&t_sm=&t_spt=search_result","Barang sesuai Original, jangan ragu untuk order.
Terima kasih...","Barang sesuai Original, jangan ragu untuk order.
Terima kasih...","Oxwalker","Indonesia","05-10-2026","02-10-2024","Pants","Barang sesuai Original, jangan ragu untuk order.
Terima kasih...","Barang sesuai Original, jangan ragu untuk order.
Terima kasih...","Unisex",,,"103314079955","Promo Samsung Galaxy A07 ( 4/64 4/128 6/128 8/256 ) Garansi Resmi Sein","Promo Samsung Galaxy A07 ( 4/64 4/128 6/128 8/256 ) Garansi Resmi Sein - A07 4/64 Black, No Bonus Cicil 0% 3x -  - Ini Toko Budi Shop | Tokopedia","Handphone","Android OS","5","1000922405","Product Review","",,"Tokopedia","Oxwalker","Promo Samsung Galaxy A07 ( 4/64 4/128 6/128 8/256 ) Garansi Resmi Sein",,"2024-Q1"
"https://www.tokopedia.com/ini-toko-budi-shop/samsung-galaxy-a07-4-64-4-128-6-128-8-256-garansi-resmi-sein-1729815001835537895-1735330887460881895?extParam=ivf%3Dtrue%26keyword%3Dsamsung+a07%26search_id%3D2026051013261194F6D7E04A4D452A9TDF%26src%3Dsearch&t_id=1778419236765&t_st=7&t_pp=search_result&t_efo=search_pure_goods_card&t_ef=goods_search&t_sm=&t_spt=search_result","Ada garansi resmi. Kemasan disegel. Packaging rapi. Packaging aman 🙏. Respon penjualnya top. Barangnya original 👍. Warna sesuai pesanan.","Ada garansi resmi. Kemasan disegel. Packaging rapi. Packaging aman 🙏. Respon penjualnya top. Barangnya original 👍. Warna sesuai pesanan.","Oxwalker","Indonesia","05-10-2026","02-18-2022","Pants","Ada garansi resmi. Kemasan disegel. Packaging rapi. Packaging aman 🙏. Respon penjualnya top. Barangnya original 👍. Warna sesuai pesanan.","Ada garansi resmi. Kemasan disegel. Packaging rapi. Packaging aman 🙏. Respon penjualnya top. Barangnya original 👍. Warna sesuai pesanan.","Unisex",,,"103314079955","Promo Samsung Galaxy A07 ( 4/64 4/128 6/128 8/256 ) Garansi Resmi Sein","Promo Samsung Galaxy A07 ( 4/64 4/128 6/128 8/256 ) Garansi Resmi Sein - A07 4/64 Black, No Bonus Cicil 0% 3x -  - Ini Toko Budi Shop | Tokopedia","Handphone","Android OS","5","603730369","Product Review","",,"Tokopedia","Oxwalker","Promo Samsung Galaxy A07 ( 4/64 4/128 6/128 8/256 ) Garansi Resmi Sein",,"2022-Q1"
"https://www.tokopedia.com/ini-toko-budi-shop/samsung-galaxy-a07-4-64-4-128-6-128-8-256-garansi-resmi-sein-1729815001835537895-1735330887460881895?extParam=ivf%3Dtrue%26keyword%3Dsamsung+a07%26search_id%3D2026051013261194F6D7E04A4D452A9TDF%26src%3Dsearch&t_id=1778419236765&t_st=7&t_pp=search_result&t_efo=search_pure_goods_card&t_ef=goods_search&t_sm=&t_spt=search_result","terimakasih barang sdh sampai peking rapy ori semua kurir baaikBarangnya original 👍.","terimakasih barang sdh sampai peking rapy ori semua kurir baaikBarangnya original 👍.","Oxwalker","Indonesia","05-10-2026","02-13-2022","Pants","terimakasih barang sdh sampai peking rapy ori semua kurir baaikBarangnya original 👍.","terimakasih barang sdh sampai peking rapy ori semua kurir baaikBarangnya original 👍.","Unisex",,,"103314079955","Promo Samsung Galaxy A07 ( 4/64 4/128 6/128 8/256 ) Garansi Resmi Sein","Promo Samsung Galaxy A07 ( 4/64 4/128 6/128 8/256 ) Garansi Resmi Sein - A07 4/64 Black, No Bonus Cicil 0% 3x -  - Ini Toko Budi Shop | Tokopedia","Handphone","Android OS","5","599046279","Product Review","",,"Tokopedia","Oxwalker","Promo Samsung Galaxy A07 ( 4/64 4/128 6/128 8/256 ) Garansi Resmi Sein",,"2022-Q1"
"https://www.tokopedia.com/ini-toko-budi-shop/samsung-galaxy-a07-4-64-4-128-6-128-8-256-garansi-resmi-sein-1729815001835537895-1735330887460881895?extParam=ivf%3Dtrue%26keyword%3Dsamsung+a07%26search_id%3D2026051013261194F6D7E04A4D452A9TDF%26src%3Dsearch&t_id=1778419236765&t_st=7&t_pp=search_result&t_efo=search_pure_goods_card&t_ef=goods_search&t_sm=&t_spt=search_result","Barangnya original 👍. Kemasan disegel. Spesifikasi sesuai . Warna sesuai pesanan. Ada garansi resmi. Kelengkapan sesuai. Proses pesanan cepat. Packaging aman 🙏.","Barangnya original 👍. Kemasan disegel. Spesifikasi sesuai . Warna sesuai pesanan. Ada garansi resmi. Kelengkapan sesuai. Proses pesanan cepat. Packaging aman 🙏.","Oxwalker","Indonesia","05-10-2026","02-05-2022","Pants","Barangnya original 👍. Kemasan disegel. Spesifikasi sesuai . Warna sesuai pesanan. Ada garansi resmi. Kelengkapan sesuai. Proses pesanan cepat. Packaging aman 🙏.","Barangnya original 👍. Kemasan disegel. Spesifikasi sesuai . Warna sesuai pesanan. Ada garansi resmi. Kelengkapan sesuai. Proses pesanan cepat. Packaging aman 🙏.","Unisex",,,"103314079955","Promo Samsung Galaxy A07 ( 4/64 4/128 6/128 8/256 ) Garansi Resmi Sein","Promo Samsung Galaxy A07 ( 4/64 4/128 6/128 8/256 ) Garansi Resmi Sein - A07 4/64 Black, No Bonus Cicil 0% 3x -  - Ini Toko Budi Shop | Tokopedia","Handphone","Android OS","5","592130436","Product Review","",,"Tokopedia","Oxwalker","Promo Samsung Galaxy A07 ( 4/64 4/128 6/128 8/256 ) Garansi Resmi Sein",,"2022-Q1"
"https://www.tokopedia.com/ini-toko-budi-shop/samsung-galaxy-a07-4-64-4-128-6-128-8-256-garansi-resmi-sein-1729815001835537895-1735330887460881895?extParam=ivf%3Dtrue%26keyword%3Dsamsung+a07%26search_id%3D2026051013261194F6D7E04A4D452A9TDF%26src%3Dsearch&t_id=1778419236765&t_st=7&t_pp=search_result&t_efo=search_pure_goods_card&t_ef=goods_search&t_sm=&t_spt=search_result","Bubblewrap sangat tebal, aman banget. pengiriman jg normal. terima kasih","Bubblewrap sangat tebal, aman banget. pengiriman jg normal. terima kasih","Oxwalker","Indonesia","05-10-2026","02-26-2025","Pants","Bubblewrap sangat tebal, aman banget. pengiriman jg normal. terima kasih","Bubblewrap sangat tebal, aman banget. pengiriman jg normal. terima kasih","Unisex",,,"103314079955","Promo Samsung Galaxy A07 ( 4/64 4/128 6/128 8/256 ) Garansi Resmi Sein","Promo Samsung Galaxy A07 ( 4/64 4/128 6/128 8/256 ) Garansi Resmi Sein - A07 4/64 Black, No Bonus Cicil 0% 3x -  - Ini Toko Budi Shop | Tokopedia","Handphone","Android OS","5","1245484892","Product Review","",,"Tokopedia","Oxwalker","Promo Samsung Galaxy A07 ( 4/64 4/128 6/128 8/256 ) Garansi Resmi Sein",,"2025-Q1"
"https://www.tokopedia.com/ini-toko-budi-shop/samsung-galaxy-a07-4-64-4-128-6-128-8-256-garansi-resmi-sein-1729815001835537895-1735330887460881895?extParam=ivf%3Dtrue%26keyword%3Dsamsung+a07%26search_id%3D2026051013261194F6D7E04A4D452A9TDF%26src%3Dsearch&t_id=1778419236765&t_st=7&t_pp=search_result&t_efo=search_pure_goods_card&t_ef=goods_search&t_sm=&t_spt=search_result","segel ok, berfungsi dg baik, yg pasti original","segel ok, berfungsi dg baik, yg pasti original","Oxwalker","Indonesia","05-10-2026","03-21-2024","Pants","segel ok, berfungsi dg baik, yg pasti original","segel ok, berfungsi dg baik, yg pasti original","Unisex",,,"103314079955","Promo Samsung Galaxy A07 ( 4/64 4/128 6/128 8/256 ) Garansi Resmi Sein","Promo Samsung Galaxy A07 ( 4/64 4/128 6/128 8/256 ) Garansi Resmi Sein - A07 4/64 Black, No Bonus Cicil 0% 3x -  - Ini Toko Budi Shop | Tokopedia","Handphone","Android OS","5","1017432833","Product Review","",,"Tokopedia","Oxwalker","Promo Samsung Galaxy A07 ( 4/64 4/128 6/128 8/256 ) Garansi Resmi Sein",,"2024-Q1"
"https://www.tokopedia.com/ini-toko-budi-shop/samsung-galaxy-a07-4-64-4-128-6-128-8-256-garansi-resmi-sein-1729815001835537895-1735330887460881895?extParam=ivf%3Dtrue%26keyword%3Dsamsung+a07%26search_id%3D2026051013261194F6D7E04A4D452A9TDF%26src%3Dsearch&t_id=1778419236765&t_st=7&t_pp=search_result&t_efo=search_pure_goods_card&t_ef=goods_search&t_sm=&t_spt=search_result","paket udah saya terima dalam keadaan baik, produknya aman dan berfungsi dengan baik, terimakasih kakak, recommended","paket udah saya terima dalam keadaan baik, produknya aman dan berfungsi dengan baik, terimakasih kakak, recommended","Oxwalker","Indonesia","05-10-2026","12-06-2025","Pants","paket udah saya terima dalam keadaan baik, produknya aman dan berfungsi dengan baik, terimakasih kakak, recommended","paket udah saya terima dalam keadaan baik, produknya aman dan berfungsi dengan baik, terimakasih kakak, recommended","Unisex",,,"103314079955","Promo Samsung Galaxy A07 ( 4/64 4/128 6/128 8/256 ) Garansi Resmi Sein","Promo Samsung Galaxy A07 ( 4/64 4/128 6/128 8/256 ) Garansi Resmi Sein - A07 4/64 Black, No Bonus Cicil 0% 3x -  - Ini Toko Budi Shop | Tokopedia","Handphone","Android OS","5","1799730321","Product Review","",,"Tokopedia","Oxwalker","Promo Samsung Galaxy A07 ( 4/64 4/128 6/128 8/256 ) Garansi Resmi Sein",,"2025-Q4"
"https://www.tokopedia.com/ini-toko-budi-shop/samsung-galaxy-a07-4-64-4-128-6-128-8-256-garansi-resmi-sein-1729815001835537895-1735330887460881895?extParam=ivf%3Dtrue%26keyword%3Dsamsung+a07%26search_id%3D2026051013261194F6D7E04A4D452A9TDF%26src%3Dsearch&t_id=1778419236765&t_st=7&t_pp=search_result&t_efo=search_pure_goods_card&t_ef=goods_search&t_sm=&t_spt=search_result","pelayanan toko toplah, paket diterima kondisi
barang tersegel, 

sayangnya untuk harga 2jt samsung tidak kasih NFC, padahal fitur NFC sekarang sudah satu kewajiban,","pelayanan toko toplah, paket diterima kondisi
barang tersegel, 

sayangnya untuk harga 2jt samsung tidak kasih NFC, padahal fitur NFC sekarang sudah satu kewajiban,","Oxwalker","Indonesia","05-10-2026","12-18-2025","Pants","pelayanan toko toplah, paket diterima kondisi
barang tersegel, 

sayangnya untuk harga 2jt samsung tidak kasih NFC, padahal fitur NFC sekarang sudah satu kewajiban,","pelayanan toko toplah, paket diterima kondisi
barang tersegel, 

sayangnya untuk harga 2jt samsung tidak kasih NFC, padahal fitur NFC sekarang sudah satu kewajiban,","Unisex",,,"103314079955","Promo Samsung Galaxy A07 ( 4/64 4/128 6/128 8/256 ) Garansi Resmi Sein","Promo Samsung Galaxy A07 ( 4/64 4/128 6/128 8/256 ) Garansi Resmi Sein - A07 4/64 Black, No Bonus Cicil 0% 3x -  - Ini Toko Budi Shop | Tokopedia","Handphone","Android OS","5","1822639361","Product Review","",,"Tokopedia","Oxwalker","Promo Samsung Galaxy A07 ( 4/64 4/128 6/128 8/256 ) Garansi Resmi Sein",,"2025-Q4"
"https://www.tokopedia.com/ini-toko-budi-shop/samsung-galaxy-a07-4-64-4-128-6-128-8-256-garansi-resmi-sein-1729815001835537895-1735330887460881895?extParam=ivf%3Dtrue%26keyword%3Dsamsung+a07%26search_id%3D2026051013261194F6D7E04A4D452A9TDF%26src%3Dsearch&t_id=1778419236765&t_st=7&t_pp=search_result&t_efo=search_pure_goods_card&t_ef=goods_search&t_sm=&t_spt=search_result","Kejernihan lensa: Jernih bagus
Kualitas pengerjaan: Lumayan cepat
Alhamdulillah sudah sampe dan bagus banget, InsyaAllah nanti kalau ada rezeki lebih mau beli lagi tunggu gajian 🙂🥰🥰
Dan sekarang yang beli ini pacarku ya gess, saranku ini rekomendasi banget buat kalian cakep kamera ya, kata pacarku bagus katanya dia makasih min🙏🏻🥰","Kejernihan lensa: Jernih bagus
Kualitas pengerjaan: Lumayan cepat
Alhamdulillah sudah sampe dan bagus banget, InsyaAllah nanti kalau ada rezeki lebih mau beli lagi tunggu gajian 🙂🥰🥰
Dan sekarang yang beli ini pacarku ya gess, saranku ini rekomendasi banget buat kalian cakep kamera ya, kata pacarku bagus katanya dia makasih min🙏🏻🥰","Oxwalker","Indonesia","05-10-2026","09-25-2025","Pants","Kejernihan lensa: Jernih bagus
Kualitas pengerjaan: Lumayan cepat
Alhamdulillah sudah sampe dan bagus banget, InsyaAllah nanti kalau ada rezeki lebih mau beli lagi tunggu gajian 🙂🥰🥰
Dan sekarang yang beli ini pacarku ya gess, saranku ini rekomendasi banget buat kalian cakep kamera ya, kata pacarku bagus katanya dia makasih min🙏🏻🥰","Kejernihan lensa: Jernih bagus
Kualitas pengerjaan: Lumayan cepat
Alhamdulillah sudah sampe dan bagus banget, InsyaAllah nanti kalau ada rezeki lebih mau beli lagi tunggu gajian 🙂🥰🥰
Dan sekarang yang beli ini pacarku ya gess, saranku ini rekomendasi banget buat kalian cakep kamera ya, kata pacarku bagus katanya dia makasih min🙏🏻🥰","Unisex",,,"103314079955","Promo Samsung Galaxy A07 ( 4/64 4/128 6/128 8/256 ) Garansi Resmi Sein","Promo Samsung Galaxy A07 ( 4/64 4/128 6/128 8/256 ) Garansi Resmi Sein - A07 4/64 Black, No Bonus Cicil 0% 3x -  - Ini Toko Budi Shop | Tokopedia","Handphone","Android OS","5","1693506438","Product Review","",,"Tokopedia","Oxwalker","Promo Samsung Galaxy A07 ( 4/64 4/128 6/128 8/256 ) Garansi Resmi Sein",,"2025-Q3"
"https://www.tokopedia.com/ini-toko-budi-shop/samsung-galaxy-a07-4-64-4-128-6-128-8-256-garansi-resmi-sein-1729815001835537895-1735330887460881895?extParam=ivf%3Dtrue%26keyword%3Dsamsung+a07%26search_id%3D2026051013261194F6D7E04A4D452A9TDF%26src%3Dsearch&t_id=1778419236765&t_st=7&t_pp=search_result&t_efo=search_pure_goods_card&t_ef=goods_search&t_sm=&t_spt=search_result","ok ok asli asli mantul tul","ok ok asli asli mantul tul","Oxwalker","Indonesia","05-10-2026","07-08-2025","Pants","ok ok asli asli mantul tul","ok ok asli asli mantul tul","Unisex",,,"103314079955","Promo Samsung Galaxy A07 ( 4/64 4/128 6/128 8/256 ) Garansi Resmi Sein","Promo Samsung Galaxy A07 ( 4/64 4/128 6/128 8/256 ) Garansi Resmi Sein - A07 4/64 Black, No Bonus Cicil 0% 3x -  - Ini Toko Budi Shop | Tokopedia","Handphone","Android OS","5","1561981693","Product Review","",,"Tokopedia","Oxwalker","Promo Samsung Galaxy A07 ( 4/64 4/128 6/128 8/256 ) Garansi Resmi Sein",,"2025-Q3"
"https://www.tokopedia.com/ini-toko-budi-shop/samsung-galaxy-a07-4-64-4-128-6-128-8-256-garansi-resmi-sein-1729815001835537895-1735330887460881895?extParam=ivf%3Dtrue%26keyword%3Dsamsung+a07%26search_id%3D2026051013261194F6D7E04A4D452A9TDF%26src%3Dsearch&t_id=1778419236765&t_st=7&t_pp=search_result&t_efo=search_pure_goods_card&t_ef=goods_search&t_sm=&t_spt=search_result","Barangnya ori bagus, walaupun ada debu dikit","Barangnya ori bagus, walaupun ada debu dikit","Oxwalker","Indonesia","05-10-2026","08-02-2024","Pants","Barangnya ori bagus, walaupun ada debu dikit","Barangnya ori bagus, walaupun ada debu dikit","Unisex",,,"103314079955","Promo Samsung Galaxy A07 ( 4/64 4/128 6/128 8/256 ) Garansi Resmi Sein","Promo Samsung Galaxy A07 ( 4/64 4/128 6/128 8/256 ) Garansi Resmi Sein - A07 4/64 Black, No Bonus Cicil 0% 3x -  - Ini Toko Budi Shop | Tokopedia","Handphone","Android OS","5","1073792196","Product Review","",,"Tokopedia","Oxwalker","Promo Samsung Galaxy A07 ( 4/64 4/128 6/128 8/256 ) Garansi Resmi Sein",,"2024-Q3"
"https://www.tokopedia.com/ini-toko-budi-shop/samsung-galaxy-a07-4-64-4-128-6-128-8-256-garansi-resmi-sein-1729815001835537895-1735330887460881895?extParam=ivf%3Dtrue%26keyword%3Dsamsung+a07%26search_id%3D2026051013261194F6D7E04A4D452A9TDF%26src%3Dsearch&t_id=1778419236765&t_st=7&t_pp=search_result&t_efo=search_pure_goods_card&t_ef=goods_search&t_sm=&t_spt=search_result","Alhamdulillah pesanan hp diterima dgn baik. pakai kurir gojek..ART seneng banget dikasih hp nya...langsung dicoba dan pindahkan data dari hp lama yang sering ngadat! mantab...makasih","Alhamdulillah pesanan hp diterima dgn baik. pakai kurir gojek..ART seneng banget dikasih hp nya...langsung dicoba dan pindahkan data dari hp lama yang sering ngadat! mantab...makasih","Oxwalker","Indonesia","05-10-2026","12-27-2025","Pants","Alhamdulillah pesanan hp diterima dgn baik. pakai kurir gojek..ART seneng banget dikasih hp nya...langsung dicoba dan pindahkan data dari hp lama yang sering ngadat! mantab...makasih","Alhamdulillah pesanan hp diterima dgn baik. pakai kurir gojek..ART seneng banget dikasih hp nya...langsung dicoba dan pindahkan data dari hp lama yang sering ngadat! mantab...makasih","Unisex",,,"103314079955","Promo Samsung Galaxy A07 ( 4/64 4/128 6/128 8/256 ) Garansi Resmi Sein","Promo Samsung Galaxy A07 ( 4/64 4/128 6/128 8/256 ) Garansi Resmi Sein - A07 4/64 Black, No Bonus Cicil 0% 3x -  - Ini Toko Budi Shop | Tokopedia","Handphone","Android OS","5","1837255946","Product Review","",,"Tokopedia","Oxwalker","Promo Samsung Galaxy A07 ( 4/64 4/128 6/128 8/256 ) Garansi Resmi Sein",,"2025-Q4"
"https://www.tokopedia.com/ini-toko-budi-shop/samsung-galaxy-a07-4-64-4-128-6-128-8-256-garansi-resmi-sein-1729815001835537895-1735330887460881895?extParam=ivf%3Dtrue%26keyword%3Dsamsung+a07%26search_id%3D2026051013261194F6D7E04A4D452A9TDF%26src%3Dsearch&t_id=1778419236765&t_st=7&t_pp=search_result&t_efo=search_pure_goods_card&t_ef=goods_search&t_sm=&t_spt=search_result","pengirimannya meskipun dengan kurir kombinasi tp nyampenya lebih cepet ketimbang non kombinasi. overall utk barang sudah sesuai &amp; tidak ada kendala, ini sangat recomended 👍","pengirimannya meskipun dengan kurir kombinasi tp nyampenya lebih cepet ketimbang non kombinasi. overall utk barang sudah sesuai &amp; tidak ada kendala, ini sangat recomended 👍","Oxwalker","Indonesia","05-10-2026","10-31-2025","Pants","pengirimannya meskipun dengan kurir kombinasi tp nyampenya lebih cepet ketimbang non kombinasi. overall utk barang sudah sesuai &amp; tidak ada kendala, ini sangat recomended 👍","pengirimannya meskipun dengan kurir kombinasi tp nyampenya lebih cepet ketimbang non kombinasi. overall utk barang sudah sesuai &amp; tidak ada kendala, ini sangat recomended 👍","Unisex",,,"103314079955","Promo Samsung Galaxy A07 ( 4/64 4/128 6/128 8/256 ) Garansi Resmi Sein","Promo Samsung Galaxy A07 ( 4/64 4/128 6/128 8/256 ) Garansi Resmi Sein - A07 4/64 Black, No Bonus Cicil 0% 3x -  - Ini Toko Budi Shop | Tokopedia","Handphone","Android OS","5","1744956802","Product Review","",,"Tokopedia","Oxwalker","Promo Samsung Galaxy A07 ( 4/64 4/128 6/128 8/256 ) Garansi Resmi Sein",,"2025-Q4"
"https://www.tokopedia.com/ini-toko-budi-shop/samsung-galaxy-a07-4-64-4-128-6-128-8-256-garansi-resmi-sein-1729815001835537895-1735330887460881895?extParam=ivf%3Dtrue%26keyword%3Dsamsung+a07%26search_id%3D2026051013261194F6D7E04A4D452A9TDF%26src%3Dsearch&t_id=1778419236765&t_st=7&t_pp=search_result&t_efo=search_pure_goods_card&t_ef=goods_search&t_sm=&t_spt=search_result","paket sdh terima aman masih segel tidak ada yg kurang, dan bergaransi","paket sdh terima aman masih segel tidak ada yg kurang, dan bergaransi","Oxwalker","Indonesia","05-10-2026","01-17-2026","Pants","paket sdh terima aman masih segel tidak ada yg kurang, dan bergaransi","paket sdh terima aman masih segel tidak ada yg kurang, dan bergaransi","Unisex",,,"103314079955","Promo Samsung Galaxy A07 ( 4/64 4/128 6/128 8/256 ) Garansi Resmi Sein","Promo Samsung Galaxy A07 ( 4/64 4/128 6/128 8/256 ) Garansi Resmi Sein - A07 4/64 Black, No Bonus Cicil 0% 3x -  - Ini Toko Budi Shop | Tokopedia","Handphone","Android OS","5","1872302713","Product Review","",,"Tokopedia","Oxwalker","Promo Samsung Galaxy A07 ( 4/64 4/128 6/128 8/256 ) Garansi Resmi Sein",,"2026-Q1"
"https://www.tokopedia.com/ini-toko-budi-shop/samsung-galaxy-a07-4-64-4-128-6-128-8-256-garansi-resmi-sein-1729815001835537895-1735330887460881895?extParam=ivf%3Dtrue%26keyword%3Dsamsung+a07%26search_id%3D2026051013261194F6D7E04A4D452A9TDF%26src%3Dsearch&t_id=1778419236765&t_st=7&t_pp=search_result&t_efo=search_pure_goods_card&t_ef=goods_search&t_sm=&t_spt=search_result","brg sesuai pesanan paking aman cpt samp","brg sesuai pesanan paking aman cpt samp","Oxwalker","Indonesia","05-10-2026","07-20-2024","Pants","brg sesuai pesanan paking aman cpt samp","brg sesuai pesanan paking aman cpt samp","Unisex",,,"103314079955","Promo Samsung Galaxy A07 ( 4/64 4/128 6/128 8/256 ) Garansi Resmi Sein","Promo Samsung Galaxy A07 ( 4/64 4/128 6/128 8/256 ) Garansi Resmi Sein - A07 4/64 Black, No Bonus Cicil 0% 3x -  - Ini Toko Budi Shop | Tokopedia","Handphone","Android OS","5","1068098193","Product Review","",,"Tokopedia","Oxwalker","Promo Samsung Galaxy A07 ( 4/64 4/128 6/128 8/256 ) Garansi Resmi Sein",,"2024-Q3"
"https://www.tokopedia.com/ini-toko-budi-shop/samsung-galaxy-a07-4-64-4-128-6-128-8-256-garansi-resmi-sein-1729815001835537895-1735330887460881895?extParam=ivf%3Dtrue%26keyword%3Dsamsung+a07%26search_id%3D2026051013261194F6D7E04A4D452A9TDF%26src%3Dsearch&t_id=1778419236765&t_st=7&t_pp=search_result&t_efo=search_pure_goods_card&t_ef=goods_search&t_sm=&t_spt=search_result","Mantul nih toko amanah keren banget gak nyesel beli disini barang ori harga murah top deh, thx yah kak","Mantul nih toko amanah keren banget gak nyesel beli disini barang ori harga murah top deh, thx yah kak","Oxwalker","Indonesia","05-10-2026","07-27-2025","Pants","Mantul nih toko amanah keren banget gak nyesel beli disini barang ori harga murah top deh, thx yah kak","Mantul nih toko amanah keren banget gak nyesel beli disini barang ori harga murah top deh, thx yah kak","Unisex",,,"103314079955","Promo Samsung Galaxy A07 ( 4/64 4/128 6/128 8/256 ) Garansi Resmi Sein","Promo Samsung Galaxy A07 ( 4/64 4/128 6/128 8/256 ) Garansi Resmi Sein - A07 4/64 Black, No Bonus Cicil 0% 3x -  - Ini Toko Budi Shop | Tokopedia","Handphone","Android OS","5","1595607561","Product Review","",,"Tokopedia","Oxwalker","Promo Samsung Galaxy A07 ( 4/64 4/128 6/128 8/256 ) Garansi Resmi Sein",,"2025-Q3"
"https://www.tokopedia.com/ini-toko-budi-shop/samsung-galaxy-a07-4-64-4-128-6-128-8-256-garansi-resmi-sein-1729815001835537895-1735330887460881895?extParam=ivf%3Dtrue%26keyword%3Dsamsung+a07%26search_id%3D2026051013261194F6D7E04A4D452A9TDF%26src%3Dsearch&t_id=1778419236765&t_st=7&t_pp=search_result&t_efo=search_pure_goods_card&t_ef=goods_search&t_sm=&t_spt=search_result","pengiriman cepat, barang sesuai yang di pesan dan sesuai spesifikasi. Pokonya terbaik....","pengiriman cepat, barang sesuai yang di pesan dan sesuai spesifikasi. Pokonya terbaik....","Oxwalker","Indonesia","05-10-2026","12-06-2025","Pants","pengiriman cepat, barang sesuai yang di pesan dan sesuai spesifikasi. Pokonya terbaik....","pengiriman cepat, barang sesuai yang di pesan dan sesuai spesifikasi. Pokonya terbaik....","Unisex",,,"103314079955","Promo Samsung Galaxy A07 ( 4/64 4/128 6/128 8/256 ) Garansi Resmi Sein","Promo Samsung Galaxy A07 ( 4/64 4/128 6/128 8/256 ) Garansi Resmi Sein - A07 4/64 Black, No Bonus Cicil 0% 3x -  - Ini Toko Budi Shop | Tokopedia","Handphone","Android OS","5","1800377200","Product Review","",,"Tokopedia","Oxwalker","Promo Samsung Galaxy A07 ( 4/64 4/128 6/128 8/256 ) Garansi Resmi Sein",,"2025-Q4"
"https://www.tokopedia.com/ini-toko-budi-shop/samsung-galaxy-a07-4-64-4-128-6-128-8-256-garansi-resmi-sein-1729815001835537895-1735330887460881895?extParam=ivf%3Dtrue%26keyword%3Dsamsung+a07%26search_id%3D2026051013261194F6D7E04A4D452A9TDF%26src%3Dsearch&t_id=1778419236765&t_st=7&t_pp=search_result&t_efo=search_pure_goods_card&t_ef=goods_search&t_sm=&t_spt=search_result","proses pengiriman cepat, seller responsive, hapenya bagus diterima dengan kondisi baik, packing aman","proses pengiriman cepat, seller responsive, hapenya bagus diterima dengan kondisi baik, packing aman","Oxwalker","Indonesia","05-10-2026","11-04-2025","Pants","proses pengiriman cepat, seller responsive, hapenya bagus diterima dengan kondisi baik, packing aman","proses pengiriman cepat, seller responsive, hapenya bagus diterima dengan kondisi baik, packing aman","Unisex",,,"103314079955","Promo Samsung Galaxy A07 ( 4/64 4/128 6/128 8/256 ) Garansi Resmi Sein","Promo Samsung Galaxy A07 ( 4/64 4/128 6/128 8/256 ) Garansi Resmi Sein - A07 4/64 Black, No Bonus Cicil 0% 3x -  - Ini Toko Budi Shop | Tokopedia","Handphone","Android OS","5","1749480053","Product Review","",,"Tokopedia","Oxwalker","Promo Samsung Galaxy A07 ( 4/64 4/128 6/128 8/256 ) Garansi Resmi Sein",,"2025-Q4"
"https://www.tokopedia.com/ini-toko-budi-shop/samsung-galaxy-a07-4-64-4-128-6-128-8-256-garansi-resmi-sein-1729815001835537895-1735330887460881895?extParam=ivf%3Dtrue%26keyword%3Dsamsung+a07%26search_id%3D2026051013261194F6D7E04A4D452A9TDF%26src%3Dsearch&t_id=1778419236765&t_st=7&t_pp=search_result&t_efo=search_pure_goods_card&t_ef=goods_search&t_sm=&t_spt=search_result","mantaap ori dan langsung grecep, barang tidak ada masalah, baguus thanks","mantaap ori dan langsung grecep, barang tidak ada masalah, baguus thanks","Oxwalker","Indonesia","05-10-2026","11-26-2025","Pants","mantaap ori dan langsung grecep, barang tidak ada masalah, baguus thanks","mantaap ori dan langsung grecep, barang tidak ada masalah, baguus thanks","Unisex",,,"103314079955","Promo Samsung Galaxy A07 ( 4/64 4/128 6/128 8/256 ) Garansi Resmi Sein","Promo Samsung Galaxy A07 ( 4/64 4/128 6/128 8/256 ) Garansi Resmi Sein - A07 4/64 Black, No Bonus Cicil 0% 3x -  - Ini Toko Budi Shop | Tokopedia","Handphone","Android OS","5","1784627499","Product Review","",,"Tokopedia","Oxwalker","Promo Samsung Galaxy A07 ( 4/64 4/128 6/128 8/256 ) Garansi Resmi Sein",,"2025-Q4"
"https://www.tokopedia.com/ini-toko-budi-shop/samsung-galaxy-a07-4-64-4-128-6-128-8-256-garansi-resmi-sein-1729815001835537895-1735330887460881895?extParam=ivf%3Dtrue%26keyword%3Dsamsung+a07%26search_id%3D2026051013261194F6D7E04A4D452A9TDF%26src%3Dsearch&t_id=1778419236765&t_st=7&t_pp=search_result&t_efo=search_pure_goods_card&t_ef=goods_search&t_sm=&t_spt=search_result","mantap pengiriman cepat dan seller ramah worth it 🙏🔥","mantap pengiriman cepat dan seller ramah worth it 🙏🔥","Oxwalker","Indonesia","05-10-2026","06-03-2025","Pants","mantap pengiriman cepat dan seller ramah worth it 🙏🔥","mantap pengiriman cepat dan seller ramah worth it 🙏🔥","Unisex",,,"103314079955","Promo Samsung Galaxy A07 ( 4/64 4/128 6/128 8/256 ) Garansi Resmi Sein","Promo Samsung Galaxy A07 ( 4/64 4/128 6/128 8/256 ) Garansi Resmi Sein - A07 4/64 Black, No Bonus Cicil 0% 3x -  - Ini Toko Budi Shop | Tokopedia","Handphone","Android OS","5","1502153621","Product Review","",,"Tokopedia","Oxwalker","Promo Samsung Galaxy A07 ( 4/64 4/128 6/128 8/256 ) Garansi Resmi Sein",,"2025-Q2"
"https://www.tokopedia.com/ini-toko-budi-shop/samsung-galaxy-a07-4-64-4-128-6-128-8-256-garansi-resmi-sein-1729815001835537895-1735330887460881895?extParam=ivf%3Dtrue%26keyword%3Dsamsung+a07%26search_id%3D2026051013261194F6D7E04A4D452A9TDF%26src%3Dsearch&t_id=1778419236765&t_st=7&t_pp=search_result&t_efo=search_pure_goods_card&t_ef=goods_search&t_sm=&t_spt=search_result","alhamdulillah selamat barangnya sampai tujuan. kemaren viral katanya toko ini kirim batu bukan hp. trus aku chatin terus adminya. sampai rumah bentuk hp juga. makasih kak sudah amanahhh🥰","alhamdulillah selamat barangnya sampai tujuan. kemaren viral katanya toko ini kirim batu bukan hp. trus aku chatin terus adminya. sampai rumah bentuk hp juga. makasih kak sudah amanahhh🥰","Oxwalker","Indonesia","05-10-2026","04-08-2026","Pants","alhamdulillah selamat barangnya sampai tujuan. kemaren viral katanya toko ini kirim batu bukan hp. trus aku chatin terus adminya. sampai rumah bentuk hp juga. makasih kak sudah amanahhh🥰","alhamdulillah selamat barangnya sampai tujuan. kemaren viral katanya toko ini kirim batu bukan hp. trus aku chatin terus adminya. sampai rumah bentuk hp juga. makasih kak sudah amanahhh🥰","Unisex",,,"103314079955","Promo Samsung Galaxy A07 ( 4/64 4/128 6/128 8/256 ) Garansi Resmi Sein","Promo Samsung Galaxy A07 ( 4/64 4/128 6/128 8/256 ) Garansi Resmi Sein - A07 4/64 Black, No Bonus Cicil 0% 3x -  - Ini Toko Budi Shop | Tokopedia","Handphone","Android OS","5","2035462119","Product Review","",,"Tokopedia","Oxwalker","Promo Samsung Galaxy A07 ( 4/64 4/128 6/128 8/256 ) Garansi Resmi Sein",,"2026-Q2"
"https://www.tokopedia.com/ini-toko-budi-shop/samsung-galaxy-a07-4-64-4-128-6-128-8-256-garansi-resmi-sein-1729815001835537895-1735330887460881895?extParam=ivf%3Dtrue%26keyword%3Dsamsung+a07%26search_id%3D2026051013261194F6D7E04A4D452A9TDF%26src%3Dsearch&t_id=1778419236765&t_st=7&t_pp=search_result&t_efo=search_pure_goods_card&t_ef=goods_search&t_sm=&t_spt=search_result","sesuai deskripsi, ori ada garansi resmi, fast respont, memprosesnya cepat jadi satset mempengaruhi pengiriman jadi cepat sampai","sesuai deskripsi, ori ada garansi resmi, fast respont, memprosesnya cepat jadi satset mempengaruhi pengiriman jadi cepat sampai","Oxwalker","Indonesia","05-10-2026","09-18-2025","Pants","sesuai deskripsi, ori ada garansi resmi, fast respont, memprosesnya cepat jadi satset mempengaruhi pengiriman jadi cepat sampai","sesuai deskripsi, ori ada garansi resmi, fast respont, memprosesnya cepat jadi satset mempengaruhi pengiriman jadi cepat sampai","Unisex",,,"103314079955","Promo Samsung Galaxy A07 ( 4/64 4/128 6/128 8/256 ) Garansi Resmi Sein","Promo Samsung Galaxy A07 ( 4/64 4/128 6/128 8/256 ) Garansi Resmi Sein - A07 4/64 Black, No Bonus Cicil 0% 3x -  - Ini Toko Budi Shop | Tokopedia","Handphone","Android OS","5","1684033453","Product Review","",,"Tokopedia","Oxwalker","Promo Samsung Galaxy A07 ( 4/64 4/128 6/128 8/256 ) Garansi Resmi Sein",,"2025-Q3"
"https://www.tokopedia.com/ini-toko-budi-shop/samsung-galaxy-a07-4-64-4-128-6-128-8-256-garansi-resmi-sein-1729815001835537895-1735330887460881895?extParam=ivf%3Dtrue%26keyword%3Dsamsung+a07%26search_id%3D2026051013261194F6D7E04A4D452A9TDF%26src%3Dsearch&t_id=1778419236765&t_st=7&t_pp=search_result&t_efo=search_pure_goods_card&t_ef=goods_search&t_sm=&t_spt=search_result","barang sesuai iklan dan orderan. packing ok. respon seller aga selow butuh wkt tapi proses kirim cepat dan sampai cepat. seller amanah.","barang sesuai iklan dan orderan. packing ok. respon seller aga selow butuh wkt tapi proses kirim cepat dan sampai cepat. seller amanah.","Oxwalker","Indonesia","05-10-2026","11-19-2025","Pants","barang sesuai iklan dan orderan. packing ok. respon seller aga selow butuh wkt tapi proses kirim cepat dan sampai cepat. seller amanah.","barang sesuai iklan dan orderan. packing ok. respon seller aga selow butuh wkt tapi proses kirim cepat dan sampai cepat. seller amanah.","Unisex",,,"103314079955","Promo Samsung Galaxy A07 ( 4/64 4/128 6/128 8/256 ) Garansi Resmi Sein","Promo Samsung Galaxy A07 ( 4/64 4/128 6/128 8/256 ) Garansi Resmi Sein - A07 4/64 Black, No Bonus Cicil 0% 3x -  - Ini Toko Budi Shop | Tokopedia","Handphone","Android OS","5","1774333497","Product Review","",,"Tokopedia","Oxwalker","Promo Samsung Galaxy A07 ( 4/64 4/128 6/128 8/256 ) Garansi Resmi Sein",,"2025-Q4"
"https://www.tokopedia.com/ini-toko-budi-shop/samsung-galaxy-a07-4-64-4-128-6-128-8-256-garansi-resmi-sein-1729815001835537895-1735330887460881895?extParam=ivf%3Dtrue%26keyword%3Dsamsung+a07%26search_id%3D2026051013261194F6D7E04A4D452A9TDF%26src%3Dsearch&t_id=1778419236765&t_st=7&t_pp=search_result&t_efo=search_pure_goods_card&t_ef=goods_search&t_sm=&t_spt=search_result","𝗺𝗮𝗻𝘁𝗮𝗽 𝗺𝗶𝗻 , 𝗽𝗲𝘀𝗮𝗻𝗮𝗻 𝘀𝗮𝗺𝗽𝗮𝗶 𝘀𝗲𝘀𝘂𝗮𝗶 𝗱𝗴𝗻 𝘆𝗴 𝗱𝗶 𝗽𝗲𝘀𝗮𝗻 
𝘁𝗮𝗻𝗽𝗮 𝗸𝗲𝗸𝘂𝗿𝗮𝗻𝗴𝗮𝗻 𝘀𝗲𝗱𝗶𝗸𝗶𝘁 𝗽𝘂𝗻","𝗺𝗮𝗻𝘁𝗮𝗽 𝗺𝗶𝗻 , 𝗽𝗲𝘀𝗮𝗻𝗮𝗻 𝘀𝗮𝗺𝗽𝗮𝗶 𝘀𝗲𝘀𝘂𝗮𝗶 𝗱𝗴𝗻 𝘆𝗴 𝗱𝗶 𝗽𝗲𝘀𝗮𝗻 
𝘁𝗮𝗻𝗽𝗮 𝗸𝗲𝗸𝘂𝗿𝗮𝗻𝗴𝗮𝗻 𝘀𝗲𝗱𝗶𝗸𝗶𝘁 𝗽𝘂𝗻","Oxwalker","Indonesia","05-10-2026","11-18-2025","Pants","𝗺𝗮𝗻𝘁𝗮𝗽 𝗺𝗶𝗻 , 𝗽𝗲𝘀𝗮𝗻𝗮𝗻 𝘀𝗮𝗺𝗽𝗮𝗶 𝘀𝗲𝘀𝘂𝗮𝗶 𝗱𝗴𝗻 𝘆𝗴 𝗱𝗶 𝗽𝗲𝘀𝗮𝗻 
𝘁𝗮𝗻𝗽𝗮 𝗸𝗲𝗸𝘂𝗿𝗮𝗻𝗴𝗮𝗻 𝘀𝗲𝗱𝗶𝗸𝗶𝘁 𝗽𝘂𝗻","𝗺𝗮𝗻𝘁𝗮𝗽 𝗺𝗶𝗻 , 𝗽𝗲𝘀𝗮𝗻𝗮𝗻 𝘀𝗮𝗺𝗽𝗮𝗶 𝘀𝗲𝘀𝘂𝗮𝗶 𝗱𝗴𝗻 𝘆𝗴 𝗱𝗶 𝗽𝗲𝘀𝗮𝗻 
𝘁𝗮𝗻𝗽𝗮 𝗸𝗲𝗸𝘂𝗿𝗮𝗻𝗴𝗮𝗻 𝘀𝗲𝗱𝗶𝗸𝗶𝘁 𝗽𝘂𝗻","Unisex",,,"103314079955","Promo Samsung Galaxy A07 ( 4/64 4/128 6/128 8/256 ) Garansi Resmi Sein","Promo Samsung Galaxy A07 ( 4/64 4/128 6/128 8/256 ) Garansi Resmi Sein - A07 4/64 Black, No Bonus Cicil 0% 3x -  - Ini Toko Budi Shop | Tokopedia","Handphone","Android OS","5","1772454079","Product Review","",,"Tokopedia","Oxwalker","Promo Samsung Galaxy A07 ( 4/64 4/128 6/128 8/256 ) Garansi Resmi Sein",,"2025-Q4"
"https://www.tokopedia.com/ini-toko-budi-shop/samsung-galaxy-a07-4-64-4-128-6-128-8-256-garansi-resmi-sein-1729815001835537895-1735330887460881895?extParam=ivf%3Dtrue%26keyword%3Dsamsung+a07%26search_id%3D2026051013261194F6D7E04A4D452A9TDF%26src%3Dsearch&t_id=1778419236765&t_st=7&t_pp=search_result&t_efo=search_pure_goods_card&t_ef=goods_search&t_sm=&t_spt=search_result","Original sesuai pesanan yg datang no tipu tipu , amanah kurir nya juga","Original sesuai pesanan yg datang no tipu tipu , amanah kurir nya juga","Oxwalker","Indonesia","05-10-2026","01-20-2026","Pants","Original sesuai pesanan yg datang no tipu tipu , amanah kurir nya juga","Original sesuai pesanan yg datang no tipu tipu , amanah kurir nya juga","Unisex",,,"103314079955","Promo Samsung Galaxy A07 ( 4/64 4/128 6/128 8/256 ) Garansi Resmi Sein","Promo Samsung Galaxy A07 ( 4/64 4/128 6/128 8/256 ) Garansi Resmi Sein - A07 4/64 Black, No Bonus Cicil 0% 3x -  - Ini Toko Budi Shop | Tokopedia","Handphone","Android OS","5","1878255103","Product Review","",,"Tokopedia","Oxwalker","Promo Samsung Galaxy A07 ( 4/64 4/128 6/128 8/256 ) Garansi Resmi Sein",,"2026-Q1"
"https://www.tokopedia.com/ini-toko-budi-shop/samsung-galaxy-a07-4-64-4-128-6-128-8-256-garansi-resmi-sein-1729815001835537895-1735330887460881895?extParam=ivf%3Dtrue%26keyword%3Dsamsung+a07%26search_id%3D2026051013261194F6D7E04A4D452A9TDF%26src%3Dsearch&t_id=1778419236765&t_st=7&t_pp=search_result&t_efo=search_pure_goods_card&t_ef=goods_search&t_sm=&t_spt=search_result","respon cepat , pengiriman cepat , packing mayan, hp nya aman . tq","respon cepat , pengiriman cepat , packing mayan, hp nya aman . tq","Oxwalker","Indonesia","05-10-2026","02-12-2025","Pants","respon cepat , pengiriman cepat , packing mayan, hp nya aman . tq","respon cepat , pengiriman cepat , packing mayan, hp nya aman . tq","Unisex",,,"103314079955","Promo Samsung Galaxy A07 ( 4/64 4/128 6/128 8/256 ) Garansi Resmi Sein","Promo Samsung Galaxy A07 ( 4/64 4/128 6/128 8/256 ) Garansi Resmi Sein - A07 4/64 Black, No Bonus Cicil 0% 3x -  - Ini Toko Budi Shop | Tokopedia","Handphone","Android OS","5","1184834865","Product Review","",,"Tokopedia","Oxwalker","Promo Samsung Galaxy A07 ( 4/64 4/128 6/128 8/256 ) Garansi Resmi Sein",,"2025-Q1"
"https://www.tokopedia.com/ini-toko-budi-shop/samsung-galaxy-a07-4-64-4-128-6-128-8-256-garansi-resmi-sein-1729815001835537895-1735330887460881895?extParam=ivf%3Dtrue%26keyword%3Dsamsung+a07%26search_id%3D2026051013261194F6D7E04A4D452A9TDF%26src%3Dsearch&t_id=1778419236765&t_st=7&t_pp=search_result&t_efo=search_pure_goods_card&t_ef=goods_search&t_sm=&t_spt=search_result","so far so good lah, no complaint. semua sesuai.
rating di tokped seadanya aja 😅 ga dapet koin kayak si oren.","so far so good lah, no complaint. semua sesuai.
rating di tokped seadanya aja 😅 ga dapet koin kayak si oren.","Oxwalker","Indonesia","05-10-2026","03-11-2026","Pants","so far so good lah, no complaint. semua sesuai.
rating di tokped seadanya aja 😅 ga dapet koin kayak si oren.","so far so good lah, no complaint. semua sesuai.
rating di tokped seadanya aja 😅 ga dapet koin kayak si oren.","Unisex",,,"103314079955","Promo Samsung Galaxy A07 ( 4/64 4/128 6/128 8/256 ) Garansi Resmi Sein","Promo Samsung Galaxy A07 ( 4/64 4/128 6/128 8/256 ) Garansi Resmi Sein - A07 4/64 Black, No Bonus Cicil 0% 3x -  - Ini Toko Budi Shop | Tokopedia","Handphone","Android OS","5","1988185176","Product Review","",,"Tokopedia","Oxwalker","Promo Samsung Galaxy A07 ( 4/64 4/128 6/128 8/256 ) Garansi Resmi Sein",,"2026-Q1"
"https://www.tokopedia.com/ini-toko-budi-shop/samsung-galaxy-a07-4-64-4-128-6-128-8-256-garansi-resmi-sein-1729815001835537895-1735330887460881895?extParam=ivf%3Dtrue%26keyword%3Dsamsung+a07%26search_id%3D2026051013261194F6D7E04A4D452A9TDF%26src%3Dsearch&t_id=1778419236765&t_st=7&t_pp=search_result&t_efo=search_pure_goods_card&t_ef=goods_search&t_sm=&t_spt=search_result","Produk diterima dgn baik, produk ori, dan masih segel","Produk diterima dgn baik, produk ori, dan masih segel","Oxwalker","Indonesia","05-10-2026","07-13-2025","Pants","Produk diterima dgn baik, produk ori, dan masih segel","Produk diterima dgn baik, produk ori, dan masih segel","Unisex",,,"103314079955","Promo Samsung Galaxy A07 ( 4/64 4/128 6/128 8/256 ) Garansi Resmi Sein","Promo Samsung Galaxy A07 ( 4/64 4/128 6/128 8/256 ) Garansi Resmi Sein - A07 4/64 Black, No Bonus Cicil 0% 3x -  - Ini Toko Budi Shop | Tokopedia","Handphone","Android OS","5","1571177708","Product Review","",,"Tokopedia","Oxwalker","Promo Samsung Galaxy A07 ( 4/64 4/128 6/128 8/256 ) Garansi Resmi Sein",,"2025-Q3"
"https://www.tokopedia.com/ini-toko-budi-shop/samsung-galaxy-a07-4-64-4-128-6-128-8-256-garansi-resmi-sein-1729815001835537895-1735330887460881895?extParam=ivf%3Dtrue%26keyword%3Dsamsung+a07%26search_id%3D2026051013261194F6D7E04A4D452A9TDF%26src%3Dsearch&t_id=1778419236765&t_st=7&t_pp=search_result&t_efo=search_pure_goods_card&t_ef=goods_search&t_sm=&t_spt=search_result","Bagus, no repack. Toko amanah bisa jadi langganan toko ini. Mksh ya","Bagus, no repack. Toko amanah bisa jadi langganan toko ini. Mksh ya","Oxwalker","Indonesia","05-10-2026","07-29-2025","Pants","Bagus, no repack. Toko amanah bisa jadi langganan toko ini. Mksh ya","Bagus, no repack. Toko amanah bisa jadi langganan toko ini. Mksh ya","Unisex",,,"103314079955","Promo Samsung Galaxy A07 ( 4/64 4/128 6/128 8/256 ) Garansi Resmi Sein","Promo Samsung Galaxy A07 ( 4/64 4/128 6/128 8/256 ) Garansi Resmi Sein - A07 4/64 Black, No Bonus Cicil 0% 3x -  - Ini Toko Budi Shop | Tokopedia","Handphone","Android OS","5","1599194950","Product Review","",,"Tokopedia","Oxwalker","Promo Samsung Galaxy A07 ( 4/64 4/128 6/128 8/256 ) Garansi Resmi Sein",,"2025-Q3"
"https://www.tokopedia.com/ini-toko-budi-shop/samsung-galaxy-a07-4-64-4-128-6-128-8-256-garansi-resmi-sein-1729815001835537895-1735330887460881895?extParam=ivf%3Dtrue%26keyword%3Dsamsung+a07%26search_id%3D2026051013261194F6D7E04A4D452A9TDF%26src%3Dsearch&t_id=1778419236765&t_st=7&t_pp=search_result&t_efo=search_pure_goods_card&t_ef=goods_search&t_sm=&t_spt=search_result","barang bagus , pengiriman lama .","barang bagus , pengiriman lama .","Oxwalker","Indonesia","05-10-2026","12-27-2025","Pants","barang bagus , pengiriman lama .","barang bagus , pengiriman lama .","Unisex",,,"103314079955","Promo Samsung Galaxy A07 ( 4/64 4/128 6/128 8/256 ) Garansi Resmi Sein","Promo Samsung Galaxy A07 ( 4/64 4/128 6/128 8/256 ) Garansi Resmi Sein - A07 4/64 Black, No Bonus Cicil 0% 3x -  - Ini Toko Budi Shop | Tokopedia","Handphone","Android OS","5","1837535131","Product Review","",,"Tokopedia","Oxwalker","Promo Samsung Galaxy A07 ( 4/64 4/128 6/128 8/256 ) Garansi Resmi Sein",,"2025-Q4"
"https://www.tokopedia.com/ini-toko-budi-shop/samsung-galaxy-a07-4-64-4-128-6-128-8-256-garansi-resmi-sein-1729815001835537895-1735330887460881895?extParam=ivf%3Dtrue%26keyword%3Dsamsung+a07%26search_id%3D2026051013261194F6D7E04A4D452A9TDF%26src%3Dsearch&t_id=1778419236765&t_st=7&t_pp=search_result&t_efo=search_pure_goods_card&t_ef=goods_search&t_sm=&t_spt=search_result","barang dah sampai, alhamdulillah barang bagus langsung di cas . semoga awet","barang dah sampai, alhamdulillah barang bagus langsung di cas . semoga awet","Oxwalker","Indonesia","05-10-2026","06-14-2025","Pants","barang dah sampai, alhamdulillah barang bagus langsung di cas . semoga awet","barang dah sampai, alhamdulillah barang bagus langsung di cas . semoga awet","Unisex",,,"103314079955","Promo Samsung Galaxy A07 ( 4/64 4/128 6/128 8/256 ) Garansi Resmi Sein","Promo Samsung Galaxy A07 ( 4/64 4/128 6/128 8/256 ) Garansi Resmi Sein - A07 4/64 Black, No Bonus Cicil 0% 3x -  - Ini Toko Budi Shop | Tokopedia","Handphone","Android OS","5","1522020641","Product Review","",,"Tokopedia","Oxwalker","Promo Samsung Galaxy A07 ( 4/64 4/128 6/128 8/256 ) Garansi Resmi Sein",,"2025-Q2"
"https://www.tokopedia.com/ini-toko-budi-shop/samsung-galaxy-a07-4-64-4-128-6-128-8-256-garansi-resmi-sein-1729815001835537895-1735330887460881895?extParam=ivf%3Dtrue%26keyword%3Dsamsung+a07%26search_id%3D2026051013261194F6D7E04A4D452A9TDF%26src%3Dsearch&t_id=1778419236765&t_st=7&t_pp=search_result&t_efo=search_pure_goods_card&t_ef=goods_search&t_sm=&t_spt=search_result","barang original dan bergaransi sein. free adapternya ada dan semua berfungsi dengan baik. tapi sayang, di awal tanya warna hitamnya ready namun setelah pembayaran ternyata hitamnya kosong. akhirnya ditukar silver","barang original dan bergaransi sein. free adapternya ada dan semua berfungsi dengan baik. tapi sayang, di awal tanya warna hitamnya ready namun setelah pembayaran ternyata hitamnya kosong. akhirnya ditukar silver","Oxwalker","Indonesia","05-10-2026","05-29-2024","Pants","barang original dan bergaransi sein. free adapternya ada dan semua berfungsi dengan baik. tapi sayang, di awal tanya warna hitamnya ready namun setelah pembayaran ternyata hitamnya kosong. akhirnya ditukar silver","barang original dan bergaransi sein. free adapternya ada dan semua berfungsi dengan baik. tapi sayang, di awal tanya warna hitamnya ready namun setelah pembayaran ternyata hitamnya kosong. akhirnya ditukar silver","Unisex",,,"103314079955","Promo Samsung Galaxy A07 ( 4/64 4/128 6/128 8/256 ) Garansi Resmi Sein","Promo Samsung Galaxy A07 ( 4/64 4/128 6/128 8/256 ) Garansi Resmi Sein - A07 4/64 Black, No Bonus Cicil 0% 3x -  - Ini Toko Budi Shop | Tokopedia","Handphone","Android OS","4","1046097757","Product Review","",,"Tokopedia","Oxwalker","Promo Samsung Galaxy A07 ( 4/64 4/128 6/128 8/256 ) Garansi Resmi Sein",,"2024-Q2"
"https://www.tokopedia.com/ini-toko-budi-shop/samsung-galaxy-a07-4-64-4-128-6-128-8-256-garansi-resmi-sein-1729815001835537895-1735330887460881895?extParam=ivf%3Dtrue%26keyword%3Dsamsung+a07%26search_id%3D2026051013261194F6D7E04A4D452A9TDF%26src%3Dsearch&t_id=1778419236765&t_st=7&t_pp=search_result&t_efo=search_pure_goods_card&t_ef=goods_search&t_sm=&t_spt=search_result","Masih disegel, resmi, sempet ragu tapi krna liat live jdi lgsg co, packing aman bubble wrap tebel.","Masih disegel, resmi, sempet ragu tapi krna liat live jdi lgsg co, packing aman bubble wrap tebel.","Oxwalker","Indonesia","05-10-2026","12-16-2024","Pants","Masih disegel, resmi, sempet ragu tapi krna liat live jdi lgsg co, packing aman bubble wrap tebel.","Masih disegel, resmi, sempet ragu tapi krna liat live jdi lgsg co, packing aman bubble wrap tebel.","Unisex",,,"103314079955","Promo Samsung Galaxy A07 ( 4/64 4/128 6/128 8/256 ) Garansi Resmi Sein","Promo Samsung Galaxy A07 ( 4/64 4/128 6/128 8/256 ) Garansi Resmi Sein - A07 4/64 Black, No Bonus Cicil 0% 3x -  - Ini Toko Budi Shop | Tokopedia","Handphone","Android OS","5","1146451308","Product Review","",,"Tokopedia","Oxwalker","Promo Samsung Galaxy A07 ( 4/64 4/128 6/128 8/256 ) Garansi Resmi Sein",,"2024-Q4"
"https://www.tokopedia.com/ini-toko-budi-shop/samsung-galaxy-a07-4-64-4-128-6-128-8-256-garansi-resmi-sein-1729815001835537895-1735330887460881895?extParam=ivf%3Dtrue%26keyword%3Dsamsung+a07%26search_id%3D2026051013261194F6D7E04A4D452A9TDF%26src%3Dsearch&t_id=1778419236765&t_st=7&t_pp=search_result&t_efo=search_pure_goods_card&t_ef=goods_search&t_sm=&t_spt=search_result","sesuai dengan gambarnya hp murah samsung cukup baik digunakan","sesuai dengan gambarnya hp murah samsung cukup baik digunakan","Oxwalker","Indonesia","05-10-2026","08-11-2024","Pants","sesuai dengan gambarnya hp murah samsung cukup baik digunakan","sesuai dengan gambarnya hp murah samsung cukup baik digunakan","Unisex",,,"103314079955","Promo Samsung Galaxy A07 ( 4/64 4/128 6/128 8/256 ) Garansi Resmi Sein","Promo Samsung Galaxy A07 ( 4/64 4/128 6/128 8/256 ) Garansi Resmi Sein - A07 4/64 Black, No Bonus Cicil 0% 3x -  - Ini Toko Budi Shop | Tokopedia","Handphone","Android OS","5","1077844616","Product Review","",,"Tokopedia","Oxwalker","Promo Samsung Galaxy A07 ( 4/64 4/128 6/128 8/256 ) Garansi Resmi Sein",,"2024-Q3"
"https://www.tokopedia.com/ini-toko-budi-shop/samsung-galaxy-a07-4-64-4-128-6-128-8-256-garansi-resmi-sein-1729815001835537895-1735330887460881895?extParam=ivf%3Dtrue%26keyword%3Dsamsung+a07%26search_id%3D2026051013261194F6D7E04A4D452A9TDF%26src%3Dsearch&t_id=1778419236765&t_st=7&t_pp=search_result&t_efo=search_pure_goods_card&t_ef=goods_search&t_sm=&t_spt=search_result","Pesanan udh sampai. Maaf baru bisa kasih testimoni. Toko nya amanah. Makasih","Pesanan udh sampai. Maaf baru bisa kasih testimoni. Toko nya amanah. Makasih","Oxwalker","Indonesia","05-10-2026","11-14-2024","Pants","Pesanan udh sampai. Maaf baru bisa kasih testimoni. Toko nya amanah. Makasih","Pesanan udh sampai. Maaf baru bisa kasih testimoni. Toko nya amanah. Makasih","Unisex",,,"103314079955","Promo Samsung Galaxy A07 ( 4/64 4/128 6/128 8/256 ) Garansi Resmi Sein","Promo Samsung Galaxy A07 ( 4/64 4/128 6/128 8/256 ) Garansi Resmi Sein - A07 4/64 Black, No Bonus Cicil 0% 3x -  - Ini Toko Budi Shop | Tokopedia","Handphone","Android OS","5","1146451318","Product Review","",,"Tokopedia","Oxwalker","Promo Samsung Galaxy A07 ( 4/64 4/128 6/128 8/256 ) Garansi Resmi Sein",,"2024-Q4"
"https://www.tokopedia.com/ini-toko-budi-shop/samsung-galaxy-a07-4-64-4-128-6-128-8-256-garansi-resmi-sein-1729815001835537895-1735330887460881895?extParam=ivf%3Dtrue%26keyword%3Dsamsung+a07%26search_id%3D2026051013261194F6D7E04A4D452A9TDF%26src%3Dsearch&t_id=1778419236765&t_st=7&t_pp=search_result&t_efo=search_pure_goods_card&t_ef=goods_search&t_sm=&t_spt=search_result","rekomended . thanks toko 
amanah selalu 
maaf br kasih ulasan","rekomended . thanks toko 
amanah selalu 
maaf br kasih ulasan","Oxwalker","Indonesia","05-10-2026","04-14-2026","Pants","rekomended . thanks toko 
amanah selalu 
maaf br kasih ulasan","rekomended . thanks toko 
amanah selalu 
maaf br kasih ulasan","Unisex",,,"103314079955","Promo Samsung Galaxy A07 ( 4/64 4/128 6/128 8/256 ) Garansi Resmi Sein","Promo Samsung Galaxy A07 ( 4/64 4/128 6/128 8/256 ) Garansi Resmi Sein - A07 4/64 Black, No Bonus Cicil 0% 3x -  - Ini Toko Budi Shop | Tokopedia","Handphone","Android OS","5","2045704971","Product Review","",,"Tokopedia","Oxwalker","Promo Samsung Galaxy A07 ( 4/64 4/128 6/128 8/256 ) Garansi Resmi Sein",,"2026-Q2"
"https://www.tokopedia.com/ini-toko-budi-shop/samsung-galaxy-a07-4-64-4-128-6-128-8-256-garansi-resmi-sein-1729815001835537895-1735330887460881895?extParam=ivf%3Dtrue%26keyword%3Dsamsung+a07%26search_id%3D2026051013261194F6D7E04A4D452A9TDF%26src%3Dsearch&t_id=1778419236765&t_st=7&t_pp=search_result&t_efo=search_pure_goods_card&t_ef=goods_search&t_sm=&t_spt=search_result","Pengiriman cepat ,amanah ,respon baik pokonya top👍","Pengiriman cepat ,amanah ,respon baik pokonya top👍","Oxwalker","Indonesia","05-10-2026","11-01-2024","Pants","Pengiriman cepat ,amanah ,respon baik pokonya top👍","Pengiriman cepat ,amanah ,respon baik pokonya top👍","Unisex",,,"103314079955","Promo Samsung Galaxy A07 ( 4/64 4/128 6/128 8/256 ) Garansi Resmi Sein","Promo Samsung Galaxy A07 ( 4/64 4/128 6/128 8/256 ) Garansi Resmi Sein - A07 4/64 Black, No Bonus Cicil 0% 3x -  - Ini Toko Budi Shop | Tokopedia","Handphone","Android OS","5","1146451322","Product Review","",,"Tokopedia","Oxwalker","Promo Samsung Galaxy A07 ( 4/64 4/128 6/128 8/256 ) Garansi Resmi Sein",,"2024-Q4"
"https://www.tokopedia.com/ini-toko-budi-shop/samsung-galaxy-a07-4-64-4-128-6-128-8-256-garansi-resmi-sein-1729815001835537895-1735330887460881895?extParam=ivf%3Dtrue%26keyword%3Dsamsung+a07%26search_id%3D2026051013261194F6D7E04A4D452A9TDF%26src%3Dsearch&t_id=1778419236765&t_st=7&t_pp=search_result&t_efo=search_pure_goods_card&t_ef=goods_search&t_sm=&t_spt=search_result","belum di buka. untuk packaging nya tipis banget buble wrapnya. ini hp loh bukan baju atau kaos. jadi tolong di tebalin lagi. di lebih amankan lagi","belum di buka. untuk packaging nya tipis banget buble wrapnya. ini hp loh bukan baju atau kaos. jadi tolong di tebalin lagi. di lebih amankan lagi","Oxwalker","Indonesia","05-10-2026","05-07-2024","Pants","belum di buka. untuk packaging nya tipis banget buble wrapnya. ini hp loh bukan baju atau kaos. jadi tolong di tebalin lagi. di lebih amankan lagi","belum di buka. untuk packaging nya tipis banget buble wrapnya. ini hp loh bukan baju atau kaos. jadi tolong di tebalin lagi. di lebih amankan lagi","Unisex",,,"103314079955","Promo Samsung Galaxy A07 ( 4/64 4/128 6/128 8/256 ) Garansi Resmi Sein","Promo Samsung Galaxy A07 ( 4/64 4/128 6/128 8/256 ) Garansi Resmi Sein - A07 4/64 Black, No Bonus Cicil 0% 3x -  - Ini Toko Budi Shop | Tokopedia","Handphone","Android OS","5","1036851861","Product Review","",,"Tokopedia","Oxwalker","Promo Samsung Galaxy A07 ( 4/64 4/128 6/128 8/256 ) Garansi Resmi Sein",,"2024-Q2"
"https://www.tokopedia.com/ini-toko-budi-shop/samsung-galaxy-a07-4-64-4-128-6-128-8-256-garansi-resmi-sein-1729815001835537895-1735330887460881895?extParam=ivf%3Dtrue%26keyword%3Dsamsung+a07%26search_id%3D2026051013261194F6D7E04A4D452A9TDF%26src%3Dsearch&t_id=1778419236765&t_st=7&t_pp=search_result&t_efo=search_pure_goods_card&t_ef=goods_search&t_sm=&t_spt=search_result","barang ori mantap. lbih murah dari yg lain walopun tanpa bonus carger 😁. soalnya udah punya","barang ori mantap. lbih murah dari yg lain walopun tanpa bonus carger 😁. soalnya udah punya","Oxwalker","Indonesia","05-10-2026","03-18-2024","Pants","barang ori mantap. lbih murah dari yg lain walopun tanpa bonus carger 😁. soalnya udah punya","barang ori mantap. lbih murah dari yg lain walopun tanpa bonus carger 😁. soalnya udah punya","Unisex",,,"103314079955","Promo Samsung Galaxy A07 ( 4/64 4/128 6/128 8/256 ) Garansi Resmi Sein","Promo Samsung Galaxy A07 ( 4/64 4/128 6/128 8/256 ) Garansi Resmi Sein - A07 4/64 Black, No Bonus Cicil 0% 3x -  - Ini Toko Budi Shop | Tokopedia","Handphone","Android OS","5","1016085410","Product Review","",,"Tokopedia","Oxwalker","Promo Samsung Galaxy A07 ( 4/64 4/128 6/128 8/256 ) Garansi Resmi Sein",,"2024-Q1"
"https://www.tokopedia.com/ini-toko-budi-shop/samsung-galaxy-a07-4-64-4-128-6-128-8-256-garansi-resmi-sein-1729815001835537895-1735330887460881895?extParam=ivf%3Dtrue%26keyword%3Dsamsung+a07%26search_id%3D2026051013261194F6D7E04A4D452A9TDF%26src%3Dsearch&t_id=1778419236765&t_st=7&t_pp=search_result&t_efo=search_pure_goods_card&t_ef=goods_search&t_sm=&t_spt=search_result","Brg masih segel &amp; brand new. 
Recommended deh beli disini...","Brg masih segel &amp; brand new. 
Recommended deh beli disini...","Oxwalker","Indonesia","05-10-2026","03-18-2025","Pants","Brg masih segel &amp; brand new. 
Recommended deh beli disini...","Brg masih segel &amp; brand new. 
Recommended deh beli disini...","Unisex",,,"103314079955","Promo Samsung Galaxy A07 ( 4/64 4/128 6/128 8/256 ) Garansi Resmi Sein","Promo Samsung Galaxy A07 ( 4/64 4/128 6/128 8/256 ) Garansi Resmi Sein - A07 4/64 Black, No Bonus Cicil 0% 3x -  - Ini Toko Budi Shop | Tokopedia","Handphone","Android OS","5","1324307075","Product Review","",,"Tokopedia","Oxwalker","Promo Samsung Galaxy A07 ( 4/64 4/128 6/128 8/256 ) Garansi Resmi Sein",,"2025-Q1"
"https://www.tokopedia.com/ini-toko-budi-shop/samsung-galaxy-a07-4-64-4-128-6-128-8-256-garansi-resmi-sein-1729815001835537895-1735330887460881895?extParam=ivf%3Dtrue%26keyword%3Dsamsung+a07%26search_id%3D2026051013261194F6D7E04A4D452A9TDF%26src%3Dsearch&t_id=1778419236765&t_st=7&t_pp=search_result&t_efo=search_pure_goods_card&t_ef=goods_search&t_sm=&t_spt=search_result","Thanks seller sudah sampai dgn selamat barang original","Thanks seller sudah sampai dgn selamat barang original","Oxwalker","Indonesia","05-10-2026","05-08-2024","Pants","Thanks seller sudah sampai dgn selamat barang original","Thanks seller sudah sampai dgn selamat barang original","Unisex",,,"103314079955","Promo Samsung Galaxy A07 ( 4/64 4/128 6/128 8/256 ) Garansi Resmi Sein","Promo Samsung Galaxy A07 ( 4/64 4/128 6/128 8/256 ) Garansi Resmi Sein - A07 4/64 Black, No Bonus Cicil 0% 3x -  - Ini Toko Budi Shop | Tokopedia","Handphone","Android OS","5","1037271306","Product Review","",,"Tokopedia","Oxwalker","Promo Samsung Galaxy A07 ( 4/64 4/128 6/128 8/256 ) Garansi Resmi Sein",,"2024-Q2"
"https://www.tokopedia.com/ini-toko-budi-shop/samsung-galaxy-a07-4-64-4-128-6-128-8-256-garansi-resmi-sein-1729815001835537895-1735330887460881895?extParam=ivf%3Dtrue%26keyword%3Dsamsung+a07%26search_id%3D2026051013261194F6D7E04A4D452A9TDF%26src%3Dsearch&t_id=1778419236765&t_st=7&t_pp=search_result&t_efo=search_pure_goods_card&t_ef=goods_search&t_sm=&t_spt=search_result","barangg bagus, segel, packing tebel. seller fast respon. thankyouuu seller. buat yg cari hp bisa beli disini, harga miring dibanding toko yg lain 💖","barangg bagus, segel, packing tebel. seller fast respon. thankyouuu seller. buat yg cari hp bisa beli disini, harga miring dibanding toko yg lain 💖","Oxwalker","Indonesia","05-10-2026","06-25-2024","Pants","barangg bagus, segel, packing tebel. seller fast respon. thankyouuu seller. buat yg cari hp bisa beli disini, harga miring dibanding toko yg lain 💖","barangg bagus, segel, packing tebel. seller fast respon. thankyouuu seller. buat yg cari hp bisa beli disini, harga miring dibanding toko yg lain 💖","Unisex",,,"103314079955","Promo Samsung Galaxy A07 ( 4/64 4/128 6/128 8/256 ) Garansi Resmi Sein","Promo Samsung Galaxy A07 ( 4/64 4/128 6/128 8/256 ) Garansi Resmi Sein - A07 4/64 Black, No Bonus Cicil 0% 3x -  - Ini Toko Budi Shop | Tokopedia","Handphone","Android OS","5","1057227558","Product Review","",,"Tokopedia","Oxwalker","Promo Samsung Galaxy A07 ( 4/64 4/128 6/128 8/256 ) Garansi Resmi Sein",,"2024-Q2"
"https://www.tokopedia.com/ini-toko-budi-shop/samsung-galaxy-a07-4-64-4-128-6-128-8-256-garansi-resmi-sein-1729815001835537895-1735330887460881895?extParam=ivf%3Dtrue%26keyword%3Dsamsung+a07%26search_id%3D2026051013261194F6D7E04A4D452A9TDF%26src%3Dsearch&t_id=1778419236765&t_st=7&t_pp=search_result&t_efo=search_pure_goods_card&t_ef=goods_search&t_sm=&t_spt=search_result","Hp beserta bonusnya sudah sampai dengan selamat. semuanya bagus, cuma earphonenya aja yang kurang, tapi ya namanya juga bonus, mau yg bagus ya harus beli ya.. 
terimakasih ya seller, recommended deh pokoknya","Hp beserta bonusnya sudah sampai dengan selamat. semuanya bagus, cuma earphonenya aja yang kurang, tapi ya namanya juga bonus, mau yg bagus ya harus beli ya.. 
terimakasih ya seller, recommended deh pokoknya","Oxwalker","Indonesia","05-10-2026","07-29-2024","Pants","Hp beserta bonusnya sudah sampai dengan selamat. semuanya bagus, cuma earphonenya aja yang kurang, tapi ya namanya juga bonus, mau yg bagus ya harus beli ya.. 
terimakasih ya seller, recommended deh pokoknya","Hp beserta bonusnya sudah sampai dengan selamat. semuanya bagus, cuma earphonenya aja yang kurang, tapi ya namanya juga bonus, mau yg bagus ya harus beli ya.. 
terimakasih ya seller, recommended deh pokoknya","Unisex",,,"103314079955","Promo Samsung Galaxy A07 ( 4/64 4/128 6/128 8/256 ) Garansi Resmi Sein","Promo Samsung Galaxy A07 ( 4/64 4/128 6/128 8/256 ) Garansi Resmi Sein - A07 4/64 Black, No Bonus Cicil 0% 3x -  - Ini Toko Budi Shop | Tokopedia","Handphone","Android OS","5","1071936094","Product Review","",,"Tokopedia","Oxwalker","Promo Samsung Galaxy A07 ( 4/64 4/128 6/128 8/256 ) Garansi Resmi Sein",,"2024-Q3"
"https://www.tokopedia.com/ini-toko-budi-shop/samsung-galaxy-a07-4-64-4-128-6-128-8-256-garansi-resmi-sein-1729815001835537895-1735330887460881895?extParam=ivf%3Dtrue%26keyword%3Dsamsung+a07%26search_id%3D2026051013261194F6D7E04A4D452A9TDF%26src%3Dsearch&t_id=1778419236765&t_st=7&t_pp=search_result&t_efo=search_pure_goods_card&t_ef=goods_search&t_sm=&t_spt=search_result","HP diterima dengan baik. HP berfungsi dengan baik . Ukuran dimensi HP memang cukup tebal  minus blm ada finger print di seri ini,  baru ada diA05s   dan plus nya Tampilan HP ukuran layar besar elegan gak keliatan kayak hp entry level, warna hijaunya tjakep..","HP diterima dengan baik. HP berfungsi dengan baik . Ukuran dimensi HP memang cukup tebal  minus blm ada finger print di seri ini,  baru ada diA05s   dan plus nya Tampilan HP ukuran layar besar elegan gak keliatan kayak hp entry level, warna hijaunya tjakep..","Oxwalker","Indonesia","05-10-2026","07-06-2024","Pants","HP diterima dengan baik. HP berfungsi dengan baik . Ukuran dimensi HP memang cukup tebal  minus blm ada finger print di seri ini,  baru ada diA05s   dan plus nya Tampilan HP ukuran layar besar elegan gak keliatan kayak hp entry level, warna hijaunya tjakep..","HP diterima dengan baik. HP berfungsi dengan baik . Ukuran dimensi HP memang cukup tebal  minus blm ada finger print di seri ini,  baru ada diA05s   dan plus nya Tampilan HP ukuran layar besar elegan gak keliatan kayak hp entry level, warna hijaunya tjakep..","Unisex",,,"103314079955","Promo Samsung Galaxy A07 ( 4/64 4/128 6/128 8/256 ) Garansi Resmi Sein","Promo Samsung Galaxy A07 ( 4/64 4/128 6/128 8/256 ) Garansi Resmi Sein - A07 4/64 Black, No Bonus Cicil 0% 3x -  - Ini Toko Budi Shop | Tokopedia","Handphone","Android OS","5","1062425311","Product Review","",,"Tokopedia","Oxwalker","Promo Samsung Galaxy A07 ( 4/64 4/128 6/128 8/256 ) Garansi Resmi Sein",,"2024-Q3"
"https://www.tokopedia.com/ini-toko-budi-shop/samsung-galaxy-a07-4-64-4-128-6-128-8-256-garansi-resmi-sein-1729815001835537895-1735330887460881895?extParam=ivf%3Dtrue%26keyword%3Dsamsung+a07%26search_id%3D2026051013261194F6D7E04A4D452A9TDF%26src%3Dsearch&t_id=1778419236765&t_st=7&t_pp=search_result&t_efo=search_pure_goods_card&t_ef=goods_search&t_sm=&t_spt=search_result","💥💥💥💥💥
Barang sudah diterima dengan baik sesuai pesanan. Segel. Berfungsi normal. Bergaransi resmi. Seller responsif. Packing aman, Pengiriman cepat. Recommended Seller. Jangan ragu beli ditoko ini... Pokoknya SIIIIIPPP 💥💥💥💥💥","💥💥💥💥💥
Barang sudah diterima dengan baik sesuai pesanan. Segel. Berfungsi normal. Bergaransi resmi. Seller responsif. Packing aman, Pengiriman cepat. Recommended Seller. Jangan ragu beli ditoko ini... Pokoknya SIIIIIPPP 💥💥💥💥💥","Oxwalker","Indonesia","05-10-2026","07-28-2024","Pants","💥💥💥💥💥
Barang sudah diterima dengan baik sesuai pesanan. Segel. Berfungsi normal. Bergaransi resmi. Seller responsif. Packing aman, Pengiriman cepat. Recommended Seller. Jangan ragu beli ditoko ini... Pokoknya SIIIIIPPP 💥💥💥💥💥","💥💥💥💥💥
Barang sudah diterima dengan baik sesuai pesanan. Segel. Berfungsi normal. Bergaransi resmi. Seller responsif. Packing aman, Pengiriman cepat. Recommended Seller. Jangan ragu beli ditoko ini... Pokoknya SIIIIIPPP 💥💥💥💥💥","Unisex",,,"103314079955","Promo Samsung Galaxy A07 ( 4/64 4/128 6/128 8/256 ) Garansi Resmi Sein","Promo Samsung Galaxy A07 ( 4/64 4/128 6/128 8/256 ) Garansi Resmi Sein - A07 4/64 Black, No Bonus Cicil 0% 3x -  - Ini Toko Budi Shop | Tokopedia","Handphone","Android OS","5","1071334993","Product Review","",,"Tokopedia","Oxwalker","Promo Samsung Galaxy A07 ( 4/64 4/128 6/128 8/256 ) Garansi Resmi Sein",,"2024-Q3"
"https://www.tokopedia.com/ini-toko-budi-shop/samsung-galaxy-a07-4-64-4-128-6-128-8-256-garansi-resmi-sein-1729815001835537895-1735330887460881895?extParam=ivf%3Dtrue%26keyword%3Dsamsung+a07%26search_id%3D2026051013261194F6D7E04A4D452A9TDF%26src%3Dsearch&t_id=1778419236765&t_st=7&t_pp=search_result&t_efo=search_pure_goods_card&t_ef=goods_search&t_sm=&t_spt=search_result","barang bagus, pengiriman cepat, tp antrian dr proses ke kirim lamaaaaaa","barang bagus, pengiriman cepat, tp antrian dr proses ke kirim lamaaaaaa","Oxwalker","Indonesia","05-10-2026","07-03-2024","Pants","barang bagus, pengiriman cepat, tp antrian dr proses ke kirim lamaaaaaa","barang bagus, pengiriman cepat, tp antrian dr proses ke kirim lamaaaaaa","Unisex",,,"103314079955","Promo Samsung Galaxy A07 ( 4/64 4/128 6/128 8/256 ) Garansi Resmi Sein","Promo Samsung Galaxy A07 ( 4/64 4/128 6/128 8/256 ) Garansi Resmi Sein - A07 4/64 Black, No Bonus Cicil 0% 3x -  - Ini Toko Budi Shop | Tokopedia","Handphone","Android OS","5","1060763047","Product Review","",,"Tokopedia","Oxwalker","Promo Samsung Galaxy A07 ( 4/64 4/128 6/128 8/256 ) Garansi Resmi Sein",,"2024-Q3"
"https://www.tokopedia.com/ini-toko-budi-shop/samsung-galaxy-a07-4-64-4-128-6-128-8-256-garansi-resmi-sein-1729815001835537895-1735330887460881895?extParam=ivf%3Dtrue%26keyword%3Dsamsung+a07%26search_id%3D2026051013261194F6D7E04A4D452A9TDF%26src%3Dsearch&t_id=1778419236765&t_st=7&t_pp=search_result&t_efo=search_pure_goods_card&t_ef=goods_search&t_sm=&t_spt=search_result","mantap bos ku barang nya ORI dan sesuai dengan keinginan . semoga ajh awet dan tahan lama","mantap bos ku barang nya ORI dan sesuai dengan keinginan . semoga ajh awet dan tahan lama","Oxwalker","Indonesia","05-10-2026","07-14-2024","Pants","mantap bos ku barang nya ORI dan sesuai dengan keinginan . semoga ajh awet dan tahan lama","mantap bos ku barang nya ORI dan sesuai dengan keinginan . semoga ajh awet dan tahan lama","Unisex",,,"103314079955","Promo Samsung Galaxy A07 ( 4/64 4/128 6/128 8/256 ) Garansi Resmi Sein","Promo Samsung Galaxy A07 ( 4/64 4/128 6/128 8/256 ) Garansi Resmi Sein - A07 4/64 Black, No Bonus Cicil 0% 3x -  - Ini Toko Budi Shop | Tokopedia","Handphone","Android OS","5","1065779076","Product Review","",,"Tokopedia","Oxwalker","Promo Samsung Galaxy A07 ( 4/64 4/128 6/128 8/256 ) Garansi Resmi Sein",,"2024-Q3"
"https://www.tokopedia.com/ini-toko-budi-shop/samsung-galaxy-a07-4-64-4-128-6-128-8-256-garansi-resmi-sein-1729815001835537895-1735330887460881895?extParam=ivf%3Dtrue%26keyword%3Dsamsung+a07%26search_id%3D2026051013261194F6D7E04A4D452A9TDF%26src%3Dsearch&t_id=1778419236765&t_st=7&t_pp=search_result&t_efo=search_pure_goods_card&t_ef=goods_search&t_sm=&t_spt=search_result","Barang sesuai dengan harga,pengiriman cepat bagus dan sy puas dengan barangnya terimakasih sm tokonya,sangat amanah,terimakasih banyak","Barang sesuai dengan harga,pengiriman cepat bagus dan sy puas dengan barangnya terimakasih sm tokonya,sangat amanah,terimakasih banyak","Oxwalker","Indonesia","05-10-2026","07-06-2024","Pants","Barang sesuai dengan harga,pengiriman cepat bagus dan sy puas dengan barangnya terimakasih sm tokonya,sangat amanah,terimakasih banyak","Barang sesuai dengan harga,pengiriman cepat bagus dan sy puas dengan barangnya terimakasih sm tokonya,sangat amanah,terimakasih banyak","Unisex",,,"103314079955","Promo Samsung Galaxy A07 ( 4/64 4/128 6/128 8/256 ) Garansi Resmi Sein","Promo Samsung Galaxy A07 ( 4/64 4/128 6/128 8/256 ) Garansi Resmi Sein - A07 4/64 Black, No Bonus Cicil 0% 3x -  - Ini Toko Budi Shop | Tokopedia","Handphone","Android OS","5","1062498515","Product Review","",,"Tokopedia","Oxwalker","Promo Samsung Galaxy A07 ( 4/64 4/128 6/128 8/256 ) Garansi Resmi Sein",,"2024-Q3"
"https://www.tokopedia.com/ini-toko-budi-shop/samsung-galaxy-a07-4-64-4-128-6-128-8-256-garansi-resmi-sein-1729815001835537895-1735330887460881895?extParam=ivf%3Dtrue%26keyword%3Dsamsung+a07%26search_id%3D2026051013261194F6D7E04A4D452A9TDF%26src%3Dsearch&t_id=1778419236765&t_st=7&t_pp=search_result&t_efo=search_pure_goods_card&t_ef=goods_search&t_sm=&t_spt=search_result","Paket dateng secepat kilat,
Penjual fast respon dan ramah..
Hp berfungsi dg baik, dpt harga murce..
Garansi hrs di Klaim ke Samsung Service Center..
Dpt free case yg tebel bgt..
Thanks🙏🏻","Paket dateng secepat kilat,
Penjual fast respon dan ramah..
Hp berfungsi dg baik, dpt harga murce..
Garansi hrs di Klaim ke Samsung Service Center..
Dpt free case yg tebel bgt..
Thanks🙏🏻","Oxwalker","Indonesia","05-10-2026","07-21-2024","Pants","Paket dateng secepat kilat,
Penjual fast respon dan ramah..
Hp berfungsi dg baik, dpt harga murce..
Garansi hrs di Klaim ke Samsung Service Center..
Dpt free case yg tebel bgt..
Thanks🙏🏻","Paket dateng secepat kilat,
Penjual fast respon dan ramah..
Hp berfungsi dg baik, dpt harga murce..
Garansi hrs di Klaim ke Samsung Service Center..
Dpt free case yg tebel bgt..
Thanks🙏🏻","Unisex",,,"103314079955","Promo Samsung Galaxy A07 ( 4/64 4/128 6/128 8/256 ) Garansi Resmi Sein","Promo Samsung Galaxy A07 ( 4/64 4/128 6/128 8/256 ) Garansi Resmi Sein - A07 4/64 Black, No Bonus Cicil 0% 3x -  - Ini Toko Budi Shop | Tokopedia","Handphone","Android OS","5","1068531851","Product Review","",,"Tokopedia","Oxwalker","Promo Samsung Galaxy A07 ( 4/64 4/128 6/128 8/256 ) Garansi Resmi Sein",,"2024-Q3"
"https://www.tokopedia.com/ini-toko-budi-shop/samsung-galaxy-a07-4-64-4-128-6-128-8-256-garansi-resmi-sein-1729815001835537895-1735330887460881895?extParam=ivf%3Dtrue%26keyword%3Dsamsung+a07%26search_id%3D2026051013261194F6D7E04A4D452A9TDF%26src%3Dsearch&t_id=1778419236765&t_st=7&t_pp=search_result&t_efo=search_pure_goods_card&t_ef=goods_search&t_sm=&t_spt=search_result","barang sudah diterima, pengiriman dipaking dengan aman, susuai dengan permintaan, recomended seller.terimakasih","barang sudah diterima, pengiriman dipaking dengan aman, susuai dengan permintaan, recomended seller.terimakasih","Oxwalker","Indonesia","05-10-2026","04-03-2024","Pants","barang sudah diterima, pengiriman dipaking dengan aman, susuai dengan permintaan, recomended seller.terimakasih","barang sudah diterima, pengiriman dipaking dengan aman, susuai dengan permintaan, recomended seller.terimakasih","Unisex",,,"103314079955","Promo Samsung Galaxy A07 ( 4/64 4/128 6/128 8/256 ) Garansi Resmi Sein","Promo Samsung Galaxy A07 ( 4/64 4/128 6/128 8/256 ) Garansi Resmi Sein - A07 4/64 Black, No Bonus Cicil 0% 3x -  - Ini Toko Budi Shop | Tokopedia","Handphone","Android OS","5","1023862555","Product Review","",,"Tokopedia","Oxwalker","Promo Samsung Galaxy A07 ( 4/64 4/128 6/128 8/256 ) Garansi Resmi Sein",,"2024-Q2"
"https://www.tokopedia.com/ini-toko-budi-shop/samsung-galaxy-a07-4-64-4-128-6-128-8-256-garansi-resmi-sein-1729815001835537895-1735330887460881895?extParam=ivf%3Dtrue%26keyword%3Dsamsung+a07%26search_id%3D2026051013261194F6D7E04A4D452A9TDF%26src%3Dsearch&t_id=1778419236765&t_st=7&t_pp=search_result&t_efo=search_pure_goods_card&t_ef=goods_search&t_sm=&t_spt=search_result","Kualitas sangat bagus, dan terpercaya. Sesuai ekspekasi.","Kualitas sangat bagus, dan terpercaya. Sesuai ekspekasi.","Oxwalker","Indonesia","05-10-2026","07-18-2024","Pants","Kualitas sangat bagus, dan terpercaya. Sesuai ekspekasi.","Kualitas sangat bagus, dan terpercaya. Sesuai ekspekasi.","Unisex",,,"103314079955","Promo Samsung Galaxy A07 ( 4/64 4/128 6/128 8/256 ) Garansi Resmi Sein","Promo Samsung Galaxy A07 ( 4/64 4/128 6/128 8/256 ) Garansi Resmi Sein - A07 4/64 Black, No Bonus Cicil 0% 3x -  - Ini Toko Budi Shop | Tokopedia","Handphone","Android OS","5","1067391404","Product Review","",,"Tokopedia","Oxwalker","Promo Samsung Galaxy A07 ( 4/64 4/128 6/128 8/256 ) Garansi Resmi Sein",,"2024-Q3"
"https://www.tokopedia.com/ini-toko-budi-shop/samsung-galaxy-a07-4-64-4-128-6-128-8-256-garansi-resmi-sein-1729815001835537895-1735330887460881895?extParam=ivf%3Dtrue%26keyword%3Dsamsung+a07%26search_id%3D2026051013261194F6D7E04A4D452A9TDF%26src%3Dsearch&t_id=1778419236765&t_st=7&t_pp=search_result&t_efo=search_pure_goods_card&t_ef=goods_search&t_sm=&t_spt=search_result","Barangnya ORI, sellernya komunikativ,  kurirnya juga ramah. Makasih barangnya tiba tepat waktu dan tidak rusak 😊","Barangnya ORI, sellernya komunikativ,  kurirnya juga ramah. Makasih barangnya tiba tepat waktu dan tidak rusak 😊","Oxwalker","Indonesia","05-10-2026","07-28-2024","Pants","Barangnya ORI, sellernya komunikativ,  kurirnya juga ramah. Makasih barangnya tiba tepat waktu dan tidak rusak 😊","Barangnya ORI, sellernya komunikativ,  kurirnya juga ramah. Makasih barangnya tiba tepat waktu dan tidak rusak 😊","Unisex",,,"103314079955","Promo Samsung Galaxy A07 ( 4/64 4/128 6/128 8/256 ) Garansi Resmi Sein","Promo Samsung Galaxy A07 ( 4/64 4/128 6/128 8/256 ) Garansi Resmi Sein - A07 4/64 Black, No Bonus Cicil 0% 3x -  - Ini Toko Budi Shop | Tokopedia","Handphone","Android OS","5","1071537523","Product Review","",,"Tokopedia","Oxwalker","Promo Samsung Galaxy A07 ( 4/64 4/128 6/128 8/256 ) Garansi Resmi Sein",,"2024-Q3"
"https://www.tokopedia.com/ini-toko-budi-shop/samsung-galaxy-a07-4-64-4-128-6-128-8-256-garansi-resmi-sein-1729815001835537895-1735330887460881895?extParam=ivf%3Dtrue%26keyword%3Dsamsung+a07%26search_id%3D2026051013261194F6D7E04A4D452A9TDF%26src%3Dsearch&t_id=1778419236765&t_st=7&t_pp=search_result&t_efo=search_pure_goods_card&t_ef=goods_search&t_sm=&t_spt=search_result","Ya ksh bintang 5 pengiriman cepat.kemasan rapi.aman.msh segel mks seller dan jasa pengiriman.","Ya ksh bintang 5 pengiriman cepat.kemasan rapi.aman.msh segel mks seller dan jasa pengiriman.","Oxwalker","Indonesia","05-10-2026","06-20-2024","Pants","Ya ksh bintang 5 pengiriman cepat.kemasan rapi.aman.msh segel mks seller dan jasa pengiriman.","Ya ksh bintang 5 pengiriman cepat.kemasan rapi.aman.msh segel mks seller dan jasa pengiriman.","Unisex",,,"103314079955","Promo Samsung Galaxy A07 ( 4/64 4/128 6/128 8/256 ) Garansi Resmi Sein","Promo Samsung Galaxy A07 ( 4/64 4/128 6/128 8/256 ) Garansi Resmi Sein - A07 4/64 Black, No Bonus Cicil 0% 3x -  - Ini Toko Budi Shop | Tokopedia","Handphone","Android OS","5","1055122912","Product Review","",,"Tokopedia","Oxwalker","Promo Samsung Galaxy A07 ( 4/64 4/128 6/128 8/256 ) Garansi Resmi Sein",,"2024-Q2"
"https://www.tokopedia.com/ini-toko-budi-shop/samsung-galaxy-a07-4-64-4-128-6-128-8-256-garansi-resmi-sein-1729815001835537895-1735330887460881895?extParam=ivf%3Dtrue%26keyword%3Dsamsung+a07%26search_id%3D2026051013261194F6D7E04A4D452A9TDF%26src%3Dsearch&t_id=1778419236765&t_st=7&t_pp=search_result&t_efo=search_pure_goods_card&t_ef=goods_search&t_sm=&t_spt=search_result","Respon cepat… hp bagus dan sesuia.. pengiriman cepat…terima kasih","Respon cepat… hp bagus dan sesuia.. pengiriman cepat…terima kasih","Oxwalker","Indonesia","05-10-2026","03-13-2024","Pants","Respon cepat… hp bagus dan sesuia.. pengiriman cepat…terima kasih","Respon cepat… hp bagus dan sesuia.. pengiriman cepat…terima kasih","Unisex",,,"103314079955","Promo Samsung Galaxy A07 ( 4/64 4/128 6/128 8/256 ) Garansi Resmi Sein","Promo Samsung Galaxy A07 ( 4/64 4/128 6/128 8/256 ) Garansi Resmi Sein - A07 4/64 Black, No Bonus Cicil 0% 3x -  - Ini Toko Budi Shop | Tokopedia","Handphone","Android OS","5","1013862583","Product Review","",,"Tokopedia","Oxwalker","Promo Samsung Galaxy A07 ( 4/64 4/128 6/128 8/256 ) Garansi Resmi Sein",,"2024-Q1"
"https://www.tokopedia.com/ini-toko-budi-shop/samsung-galaxy-a07-4-64-4-128-6-128-8-256-garansi-resmi-sein-1729815001835537895-1735330887460881895?extParam=ivf%3Dtrue%26keyword%3Dsamsung+a07%26search_id%3D2026051013261194F6D7E04A4D452A9TDF%26src%3Dsearch&t_id=1778419236765&t_st=7&t_pp=search_result&t_efo=search_pure_goods_card&t_ef=goods_search&t_sm=&t_spt=search_result","Kemasan disegel. penjual responsip, pengiriman tepat waktu, barang tiba tanpa lecet sedikitpun. g diragukan lg dh belanja di toko ini . terima kasih","Kemasan disegel. penjual responsip, pengiriman tepat waktu, barang tiba tanpa lecet sedikitpun. g diragukan lg dh belanja di toko ini . terima kasih","Oxwalker","Indonesia","05-10-2026","11-21-2021","Pants","Kemasan disegel. penjual responsip, pengiriman tepat waktu, barang tiba tanpa lecet sedikitpun. g diragukan lg dh belanja di toko ini . terima kasih","Kemasan disegel. penjual responsip, pengiriman tepat waktu, barang tiba tanpa lecet sedikitpun. g diragukan lg dh belanja di toko ini . terima kasih","Unisex",,,"103314079955","Promo Samsung Galaxy A07 ( 4/64 4/128 6/128 8/256 ) Garansi Resmi Sein","Promo Samsung Galaxy A07 ( 4/64 4/128 6/128 8/256 ) Garansi Resmi Sein - A07 4/64 Black, No Bonus Cicil 0% 3x -  - Ini Toko Budi Shop | Tokopedia","Handphone","Android OS","5","529203502","Product Review","",,"Tokopedia","Oxwalker","Promo Samsung Galaxy A07 ( 4/64 4/128 6/128 8/256 ) Garansi Resmi Sein",,"2021-Q4"
"https://www.tokopedia.com/ini-toko-budi-shop/samsung-galaxy-a07-4-64-4-128-6-128-8-256-garansi-resmi-sein-1729815001835537895-1735330887460881895?extParam=ivf%3Dtrue%26keyword%3Dsamsung+a07%26search_id%3D2026051013261194F6D7E04A4D452A9TDF%26src%3Dsearch&t_id=1778419236765&t_st=7&t_pp=search_result&t_efo=search_pure_goods_card&t_ef=goods_search&t_sm=&t_spt=search_result","fastrespon bang ori pengiriman cepat.Spesifikasi sesuai . Kelengkapan sesuai. Berfungsi dengan baik. Proses pesanan cepat. Packaging aman 🙏.","fastrespon bang ori pengiriman cepat.Spesifikasi sesuai . Kelengkapan sesuai. Berfungsi dengan baik. Proses pesanan cepat. Packaging aman 🙏.","Oxwalker","Indonesia","05-10-2026","01-13-2022","Pants","fastrespon bang ori pengiriman cepat.Spesifikasi sesuai . Kelengkapan sesuai. Berfungsi dengan baik. Proses pesanan cepat. Packaging aman 🙏.","fastrespon bang ori pengiriman cepat.Spesifikasi sesuai . Kelengkapan sesuai. Berfungsi dengan baik. Proses pesanan cepat. Packaging aman 🙏.","Unisex",,,"103314079955","Promo Samsung Galaxy A07 ( 4/64 4/128 6/128 8/256 ) Garansi Resmi Sein","Promo Samsung Galaxy A07 ( 4/64 4/128 6/128 8/256 ) Garansi Resmi Sein - A07 4/64 Black, No Bonus Cicil 0% 3x -  - Ini Toko Budi Shop | Tokopedia","Handphone","Android OS","5","573558639","Product Review","",,"Tokopedia","Oxwalker","Promo Samsung Galaxy A07 ( 4/64 4/128 6/128 8/256 ) Garansi Resmi Sein",,"2022-Q1"
"https://www.tokopedia.com/ini-toko-budi-shop/samsung-galaxy-a07-4-64-4-128-6-128-8-256-garansi-resmi-sein-1729815001835537895-1735330887460881895?extParam=ivf%3Dtrue%26keyword%3Dsamsung+a07%26search_id%3D2026051013261194F6D7E04A4D452A9TDF%26src%3Dsearch&t_id=1778419236765&t_st=7&t_pp=search_result&t_efo=search_pure_goods_card&t_ef=goods_search&t_sm=&t_spt=search_result","Barang sampe dengan selamat gada yg lecet kurir juga ramah aga telat sehari gpp lah","Barang sampe dengan selamat gada yg lecet kurir juga ramah aga telat sehari gpp lah","Oxwalker","Indonesia","05-10-2026","03-30-2024","Pants","Barang sampe dengan selamat gada yg lecet kurir juga ramah aga telat sehari gpp lah","Barang sampe dengan selamat gada yg lecet kurir juga ramah aga telat sehari gpp lah","Unisex",,,"103314079955","Promo Samsung Galaxy A07 ( 4/64 4/128 6/128 8/256 ) Garansi Resmi Sein","Promo Samsung Galaxy A07 ( 4/64 4/128 6/128 8/256 ) Garansi Resmi Sein - A07 4/64 Black, No Bonus Cicil 0% 3x -  - Ini Toko Budi Shop | Tokopedia","Handphone","Android OS","5","1021434484","Product Review","",,"Tokopedia","Oxwalker","Promo Samsung Galaxy A07 ( 4/64 4/128 6/128 8/256 ) Garansi Resmi Sein",,"2024-Q1"
"https://www.tokopedia.com/ini-toko-budi-shop/samsung-galaxy-a07-4-64-4-128-6-128-8-256-garansi-resmi-sein-1729815001835537895-1735330887460881895?extParam=ivf%3Dtrue%26keyword%3Dsamsung+a07%26search_id%3D2026051013261194F6D7E04A4D452A9TDF%26src%3Dsearch&t_id=1778419236765&t_st=7&t_pp=search_result&t_efo=search_pure_goods_card&t_ef=goods_search&t_sm=&t_spt=search_result","Barangnya original 👍. Kemasan disegel. Barangnya mulus. semoga sesuai dengan ekspektasi yaa... kereenn barangnya. sampainya juga keren. sempet deg degan juga,krn baru pertama kali belanja hp lwt online. alhamdulillaahh barangnya aman dan bagus","Barangnya original 👍. Kemasan disegel. Barangnya mulus. semoga sesuai dengan ekspektasi yaa... kereenn barangnya. sampainya juga keren. sempet deg degan juga,krn baru pertama kali belanja hp lwt online. alhamdulillaahh barangnya aman dan bagus","Oxwalker","Indonesia","05-10-2026","01-12-2022","Pants","Barangnya original 👍. Kemasan disegel. Barangnya mulus. semoga sesuai dengan ekspektasi yaa... kereenn barangnya. sampainya juga keren. sempet deg degan juga,krn baru pertama kali belanja hp lwt online. alhamdulillaahh barangnya aman dan bagus","Barangnya original 👍. Kemasan disegel. Barangnya mulus. semoga sesuai dengan ekspektasi yaa... kereenn barangnya. sampainya juga keren. sempet deg degan juga,krn baru pertama kali belanja hp lwt online. alhamdulillaahh barangnya aman dan bagus","Unisex",,,"103314079955","Promo Samsung Galaxy A07 ( 4/64 4/128 6/128 8/256 ) Garansi Resmi Sein","Promo Samsung Galaxy A07 ( 4/64 4/128 6/128 8/256 ) Garansi Resmi Sein - A07 4/64 Black, No Bonus Cicil 0% 3x -  - Ini Toko Budi Shop | Tokopedia","Handphone","Android OS","5","572762839","Product Review","",,"Tokopedia","Oxwalker","Promo Samsung Galaxy A07 ( 4/64 4/128 6/128 8/256 ) Garansi Resmi Sein",,"2022-Q1"
"https://www.tokopedia.com/ini-toko-budi-shop/samsung-galaxy-a07-4-64-4-128-6-128-8-256-garansi-resmi-sein-1729815001835537895-1735330887460881895?extParam=ivf%3Dtrue%26keyword%3Dsamsung+a07%26search_id%3D2026051013261194F6D7E04A4D452A9TDF%26src%3Dsearch&t_id=1778419236765&t_st=7&t_pp=search_result&t_efo=search_pure_goods_card&t_ef=goods_search&t_sm=&t_spt=search_result","Al hamdulillah barang ny cepat sampai dn pengiriman ny jg cepat dn sesuai pesanan dn recommended seller nya","Al hamdulillah barang ny cepat sampai dn pengiriman ny jg cepat dn sesuai pesanan dn recommended seller nya","Oxwalker","Indonesia","05-10-2026","06-12-2024","Pants","Al hamdulillah barang ny cepat sampai dn pengiriman ny jg cepat dn sesuai pesanan dn recommended seller nya","Al hamdulillah barang ny cepat sampai dn pengiriman ny jg cepat dn sesuai pesanan dn recommended seller nya","Unisex",,,"103314079955","Promo Samsung Galaxy A07 ( 4/64 4/128 6/128 8/256 ) Garansi Resmi Sein","Promo Samsung Galaxy A07 ( 4/64 4/128 6/128 8/256 ) Garansi Resmi Sein - A07 4/64 Black, No Bonus Cicil 0% 3x -  - Ini Toko Budi Shop | Tokopedia","Handphone","Android OS","5","1052216164","Product Review","",,"Tokopedia","Oxwalker","Promo Samsung Galaxy A07 ( 4/64 4/128 6/128 8/256 ) Garansi Resmi Sein",,"2024-Q2"
"https://www.tokopedia.com/ini-toko-budi-shop/samsung-galaxy-a07-4-64-4-128-6-128-8-256-garansi-resmi-sein-1729815001835537895-1735330887460881895?extParam=ivf%3Dtrue%26keyword%3Dsamsung+a07%26search_id%3D2026051013261194F6D7E04A4D452A9TDF%26src%3Dsearch&t_id=1778419236765&t_st=7&t_pp=search_result&t_efo=search_pure_goods_card&t_ef=goods_search&t_sm=&t_spt=search_result","Barangnya original 👍. Ada garansi resmi. Spesifikasi sesuai . Kemasan disegel. Kelengkapan sesuai. Warna sesuai pesanan. Suara jernih. Barangnya mulus. Berfungsi dengan baik. Kamera tajam. Baterai awet.","Barangnya original 👍. Ada garansi resmi. Spesifikasi sesuai . Kemasan disegel. Kelengkapan sesuai. Warna sesuai pesanan. Suara jernih. Barangnya mulus. Berfungsi dengan baik. Kamera tajam. Baterai awet.","Oxwalker","Indonesia","05-10-2026","11-17-2021","Pants","Barangnya original 👍. Ada garansi resmi. Spesifikasi sesuai . Kemasan disegel. Kelengkapan sesuai. Warna sesuai pesanan. Suara jernih. Barangnya mulus. Berfungsi dengan baik. Kamera tajam. Baterai awet.","Barangnya original 👍. Ada garansi resmi. Spesifikasi sesuai . Kemasan disegel. Kelengkapan sesuai. Warna sesuai pesanan. Suara jernih. Barangnya mulus. Berfungsi dengan baik. Kamera tajam. Baterai awet.","Unisex",,,"103314079955","Promo Samsung Galaxy A07 ( 4/64 4/128 6/128 8/256 ) Garansi Resmi Sein","Promo Samsung Galaxy A07 ( 4/64 4/128 6/128 8/256 ) Garansi Resmi Sein - A07 4/64 Black, No Bonus Cicil 0% 3x -  - Ini Toko Budi Shop | Tokopedia","Handphone","Android OS","5","526071494","Product Review","",,"Tokopedia","Oxwalker","Promo Samsung Galaxy A07 ( 4/64 4/128 6/128 8/256 ) Garansi Resmi Sein",,"2021-Q4"
"https://www.tokopedia.com/ini-toko-budi-shop/samsung-galaxy-a07-4-64-4-128-6-128-8-256-garansi-resmi-sein-1729815001835537895-1735330887460881895?extParam=ivf%3Dtrue%26keyword%3Dsamsung+a07%26search_id%3D2026051013261194F6D7E04A4D452A9TDF%26src%3Dsearch&t_id=1778419236765&t_st=7&t_pp=search_result&t_efo=search_pure_goods_card&t_ef=goods_search&t_sm=&t_spt=search_result","alhamdulillah barang sampai dengan selamat, dan barangnya bisa dipakai secara normalBarangnya original 👍. Kemasan disegel. 
Spesifikasi sesuai . Warna sesuai pesanan. Kelengkapan sesuai. Berfungsi dengan baik. Barangnya mulus. Ada garansi resmi. Suara jernih. Kamera tajam. Baterai awet.","alhamdulillah barang sampai dengan selamat, dan barangnya bisa dipakai secara normalBarangnya original 👍. Kemasan disegel. 
Spesifikasi sesuai . Warna sesuai pesanan. Kelengkapan sesuai. Berfungsi dengan baik. Barangnya mulus. Ada garansi resmi. Suara jernih. Kamera tajam. Baterai awet.","Oxwalker","Indonesia","05-10-2026","12-05-2021","Pants","alhamdulillah barang sampai dengan selamat, dan barangnya bisa dipakai secara normalBarangnya original 👍. Kemasan disegel. 
Spesifikasi sesuai . Warna sesuai pesanan. Kelengkapan sesuai. Berfungsi dengan baik. Barangnya mulus. Ada garansi resmi. Suara jernih. Kamera tajam. Baterai awet.","alhamdulillah barang sampai dengan selamat, dan barangnya bisa dipakai secara normalBarangnya original 👍. Kemasan disegel. 
Spesifikasi sesuai . Warna sesuai pesanan. Kelengkapan sesuai. Berfungsi dengan baik. Barangnya mulus. Ada garansi resmi. Suara jernih. Kamera tajam. Baterai awet.","Unisex",,,"103314079955","Promo Samsung Galaxy A07 ( 4/64 4/128 6/128 8/256 ) Garansi Resmi Sein","Promo Samsung Galaxy A07 ( 4/64 4/128 6/128 8/256 ) Garansi Resmi Sein - A07 4/64 Black, No Bonus Cicil 0% 3x -  - Ini Toko Budi Shop | Tokopedia","Handphone","Android OS","5","540615907","Product Review","",,"Tokopedia","Oxwalker","Promo Samsung Galaxy A07 ( 4/64 4/128 6/128 8/256 ) Garansi Resmi Sein",,"2021-Q4"
"https://www.tokopedia.com/ini-toko-budi-shop/samsung-galaxy-a07-4-64-4-128-6-128-8-256-garansi-resmi-sein-1729815001835537895-1735330887460881895?extParam=ivf%3Dtrue%26keyword%3Dsamsung+a07%26search_id%3D2026051013261194F6D7E04A4D452A9TDF%26src%3Dsearch&t_id=1778419236765&t_st=7&t_pp=search_result&t_efo=search_pure_goods_card&t_ef=goods_search&t_sm=&t_spt=search_result","Barangnya original 👍. Ada garansi resmi. Kemasan disegel. Spesifikasi sesuai . Warna sesuai pesanan. Berfungsi dengan baik. Kelengkapan sesuai. Penjualnya ramah banget. Proses pesanan cepat. Packaging aman 🙏. Respon penjualnya top. Packaging rapi.","Barangnya original 👍. Ada garansi resmi. Kemasan disegel. Spesifikasi sesuai . Warna sesuai pesanan. Berfungsi dengan baik. Kelengkapan sesuai. Penjualnya ramah banget. Proses pesanan cepat. Packaging aman 🙏. Respon penjualnya top. Packaging rapi.","Oxwalker","Indonesia","05-10-2026","03-15-2022","Pants","Barangnya original 👍. Ada garansi resmi. Kemasan disegel. Spesifikasi sesuai . Warna sesuai pesanan. Berfungsi dengan baik. Kelengkapan sesuai. Penjualnya ramah banget. Proses pesanan cepat. Packaging aman 🙏. Respon penjualnya top. Packaging rapi.","Barangnya original 👍. Ada garansi resmi. Kemasan disegel. Spesifikasi sesuai . Warna sesuai pesanan. Berfungsi dengan baik. Kelengkapan sesuai. Penjualnya ramah banget. Proses pesanan cepat. Packaging aman 🙏. Respon penjualnya top. Packaging rapi.","Unisex",,,"103314079955","Promo Samsung Galaxy A07 ( 4/64 4/128 6/128 8/256 ) Garansi Resmi Sein","Promo Samsung Galaxy A07 ( 4/64 4/128 6/128 8/256 ) Garansi Resmi Sein - A07 4/64 Black, No Bonus Cicil 0% 3x -  - Ini Toko Budi Shop | Tokopedia","Handphone","Android OS","5","623744187","Product Review","",,"Tokopedia","Oxwalker","Promo Samsung Galaxy A07 ( 4/64 4/128 6/128 8/256 ) Garansi Resmi Sein",,"2022-Q1"
"https://www.tokopedia.com/ini-toko-budi-shop/samsung-galaxy-a07-4-64-4-128-6-128-8-256-garansi-resmi-sein-1729815001835537895-1735330887460881895?extParam=ivf%3Dtrue%26keyword%3Dsamsung+a07%26search_id%3D2026051013261194F6D7E04A4D452A9TDF%26src%3Dsearch&t_id=1778419236765&t_st=7&t_pp=search_result&t_efo=search_pure_goods_card&t_ef=goods_search&t_sm=&t_spt=search_result","sesuai deskripsi dan spec Ram 6GB Memory 128GB, warna sesuai pesanan.. barang tersegel. seller komunikatif dan responsif.  pengiriman juga cepat, semoga maju terus usahanya.","sesuai deskripsi dan spec Ram 6GB Memory 128GB, warna sesuai pesanan.. barang tersegel. seller komunikatif dan responsif.  pengiriman juga cepat, semoga maju terus usahanya.","Oxwalker","Indonesia","05-10-2026","02-28-2022","Pants","sesuai deskripsi dan spec Ram 6GB Memory 128GB, warna sesuai pesanan.. barang tersegel. seller komunikatif dan responsif.  pengiriman juga cepat, semoga maju terus usahanya.","sesuai deskripsi dan spec Ram 6GB Memory 128GB, warna sesuai pesanan.. barang tersegel. seller komunikatif dan responsif.  pengiriman juga cepat, semoga maju terus usahanya.","Unisex",,,"103314079955","Promo Samsung Galaxy A07 ( 4/64 4/128 6/128 8/256 ) Garansi Resmi Sein","Promo Samsung Galaxy A07 ( 4/64 4/128 6/128 8/256 ) Garansi Resmi Sein - A07 4/64 Black, No Bonus Cicil 0% 3x -  - Ini Toko Budi Shop | Tokopedia","Handphone","Android OS","5","611019896","Product Review","",,"Tokopedia","Oxwalker","Promo Samsung Galaxy A07 ( 4/64 4/128 6/128 8/256 ) Garansi Resmi Sein",,"2022-Q1"
"https://www.tokopedia.com/ini-toko-budi-shop/samsung-galaxy-a07-4-64-4-128-6-128-8-256-garansi-resmi-sein-1729815001835537895-1735330887460881895?extParam=ivf%3Dtrue%26keyword%3Dsamsung+a07%26search_id%3D2026051013261194F6D7E04A4D452A9TDF%26src%3Dsearch&t_id=1778419236765&t_st=7&t_pp=search_result&t_efo=search_pure_goods_card&t_ef=goods_search&t_sm=&t_spt=search_result","alhamdulillah barang aman diterima. dan cepet banget hari ini pesan besok nya dateng","alhamdulillah barang aman diterima. dan cepet banget hari ini pesan besok nya dateng","Oxwalker","Indonesia","05-10-2026","02-02-2022","Pants","alhamdulillah barang aman diterima. dan cepet banget hari ini pesan besok nya dateng","alhamdulillah barang aman diterima. dan cepet banget hari ini pesan besok nya dateng","Unisex",,,"103314079955","Promo Samsung Galaxy A07 ( 4/64 4/128 6/128 8/256 ) Garansi Resmi Sein","Promo Samsung Galaxy A07 ( 4/64 4/128 6/128 8/256 ) Garansi Resmi Sein - A07 4/64 Black, No Bonus Cicil 0% 3x -  - Ini Toko Budi Shop | Tokopedia","Handphone","Android OS","5","589118021","Product Review","",,"Tokopedia","Oxwalker","Promo Samsung Galaxy A07 ( 4/64 4/128 6/128 8/256 ) Garansi Resmi Sein",,"2022-Q1"
"https://www.tokopedia.com/ini-toko-budi-shop/samsung-galaxy-a07-4-64-4-128-6-128-8-256-garansi-resmi-sein-1729815001835537895-1735330887460881895?extParam=ivf%3Dtrue%26keyword%3Dsamsung+a07%26search_id%3D2026051013261194F6D7E04A4D452A9TDF%26src%3Dsearch&t_id=1778419236765&t_st=7&t_pp=search_result&t_efo=search_pure_goods_card&t_ef=goods_search&t_sm=&t_spt=search_result","hp nya berfungsi dengan baik, semoga awet dan aftersales nya tidak ribet. mantuk","hp nya berfungsi dengan baik, semoga awet dan aftersales nya tidak ribet. mantuk","Oxwalker","Indonesia","05-10-2026","02-24-2024","Pants","hp nya berfungsi dengan baik, semoga awet dan aftersales nya tidak ribet. mantuk","hp nya berfungsi dengan baik, semoga awet dan aftersales nya tidak ribet. mantuk","Unisex",,,"103314079955","Promo Samsung Galaxy A07 ( 4/64 4/128 6/128 8/256 ) Garansi Resmi Sein","Promo Samsung Galaxy A07 ( 4/64 4/128 6/128 8/256 ) Garansi Resmi Sein - A07 4/64 Black, No Bonus Cicil 0% 3x -  - Ini Toko Budi Shop | Tokopedia","Handphone","Android OS","5","1005988189","Product Review","",,"Tokopedia","Oxwalker","Promo Samsung Galaxy A07 ( 4/64 4/128 6/128 8/256 ) Garansi Resmi Sein",,"2024-Q1"
"https://www.tokopedia.com/ini-toko-budi-shop/samsung-galaxy-a07-4-64-4-128-6-128-8-256-garansi-resmi-sein-1729815001835537895-1735330887460881895?extParam=ivf%3Dtrue%26keyword%3Dsamsung+a07%26search_id%3D2026051013261194F6D7E04A4D452A9TDF%26src%3Dsearch&t_id=1778419236765&t_st=7&t_pp=search_result&t_efo=search_pure_goods_card&t_ef=goods_search&t_sm=&t_spt=search_result","oke mantappp","oke mantappp","Oxwalker","Indonesia","05-10-2026","04-13-2024","Pants","oke mantappp","oke mantappp","Unisex",,,"103314079955","Promo Samsung Galaxy A07 ( 4/64 4/128 6/128 8/256 ) Garansi Resmi Sein","Promo Samsung Galaxy A07 ( 4/64 4/128 6/128 8/256 ) Garansi Resmi Sein - A07 4/64 Black, No Bonus Cicil 0% 3x -  - Ini Toko Budi Shop | Tokopedia","Handphone","Android OS","5","1027486128","Product Review","",,"Tokopedia","Oxwalker","Promo Samsung Galaxy A07 ( 4/64 4/128 6/128 8/256 ) Garansi Resmi Sein",,"2024-Q2"
"https://www.tokopedia.com/ini-toko-budi-shop/samsung-galaxy-a07-4-64-4-128-6-128-8-256-garansi-resmi-sein-1729815001835537895-1735330887460881895?extParam=ivf%3Dtrue%26keyword%3Dsamsung+a07%26search_id%3D2026051013261194F6D7E04A4D452A9TDF%26src%3Dsearch&t_id=1778419236765&t_st=7&t_pp=search_result&t_efo=search_pure_goods_card&t_ef=goods_search&t_sm=&t_spt=search_result","mantap pengiriman nya expres dan toko nya amanah.  Barangnya original 👍. Warna sesuai pesanan. Suara jernih. Kemasan disegel. Spesifikasi sesuai . Barangnya mulus. Berfungsi dengan baik. Kamera tajam. Ada garansi resmi. Kelengkapan sesuai. Baterai awet.","mantap pengiriman nya expres dan toko nya amanah.  Barangnya original 👍. Warna sesuai pesanan. Suara jernih. Kemasan disegel. Spesifikasi sesuai . Barangnya mulus. Berfungsi dengan baik. Kamera tajam. Ada garansi resmi. Kelengkapan sesuai. Baterai awet.","Oxwalker","Indonesia","05-10-2026","11-02-2021","Pants","mantap pengiriman nya expres dan toko nya amanah.  Barangnya original 👍. Warna sesuai pesanan. Suara jernih. Kemasan disegel. Spesifikasi sesuai . Barangnya mulus. Berfungsi dengan baik. Kamera tajam. Ada garansi resmi. Kelengkapan sesuai. Baterai awet.","mantap pengiriman nya expres dan toko nya amanah.  Barangnya original 👍. Warna sesuai pesanan. Suara jernih. Kemasan disegel. Spesifikasi sesuai . Barangnya mulus. Berfungsi dengan baik. Kamera tajam. Ada garansi resmi. Kelengkapan sesuai. Baterai awet.","Unisex",,,"103314079955","Promo Samsung Galaxy A07 ( 4/64 4/128 6/128 8/256 ) Garansi Resmi Sein","Promo Samsung Galaxy A07 ( 4/64 4/128 6/128 8/256 ) Garansi Resmi Sein - A07 4/64 Black, No Bonus Cicil 0% 3x -  - Ini Toko Budi Shop | Tokopedia","Handphone","Android OS","5","514276120","Product Review","",,"Tokopedia","Oxwalker","Promo Samsung Galaxy A07 ( 4/64 4/128 6/128 8/256 ) Garansi Resmi Sein",,"2021-Q4"
"https://www.tokopedia.com/ini-toko-budi-shop/samsung-galaxy-a07-4-64-4-128-6-128-8-256-garansi-resmi-sein-1729815001835537895-1735330887460881895?extParam=ivf%3Dtrue%26keyword%3Dsamsung+a07%26search_id%3D2026051013261194F6D7E04A4D452A9TDF%26src%3Dsearch&t_id=1778419236765&t_st=7&t_pp=search_result&t_efo=search_pure_goods_card&t_ef=goods_search&t_sm=&t_spt=search_result","Mantap. Barang sesuai, aman. Pengiriman cepat. Ok","Mantap. Barang sesuai, aman. Pengiriman cepat. Ok","Oxwalker","Indonesia","05-10-2026","07-30-2024","Pants","Mantap. Barang sesuai, aman. Pengiriman cepat. Ok","Mantap. Barang sesuai, aman. Pengiriman cepat. Ok","Unisex",,,"103314079955","Promo Samsung Galaxy A07 ( 4/64 4/128 6/128 8/256 ) Garansi Resmi Sein","Promo Samsung Galaxy A07 ( 4/64 4/128 6/128 8/256 ) Garansi Resmi Sein - A07 4/64 Black, No Bonus Cicil 0% 3x -  - Ini Toko Budi Shop | Tokopedia","Handphone","Android OS","5","1072299126","Product Review","",,"Tokopedia","Oxwalker","Promo Samsung Galaxy A07 ( 4/64 4/128 6/128 8/256 ) Garansi Resmi Sein",,"2024-Q3"
"https://www.tokopedia.com/ini-toko-budi-shop/samsung-galaxy-a07-4-64-4-128-6-128-8-256-garansi-resmi-sein-1729815001835537895-1735330887460881895?extParam=ivf%3Dtrue%26keyword%3Dsamsung+a07%26search_id%3D2026051013261194F6D7E04A4D452A9TDF%26src%3Dsearch&t_id=1778419236765&t_st=7&t_pp=search_result&t_efo=search_pure_goods_card&t_ef=goods_search&t_sm=&t_spt=search_result","muantafff,,,segel dus U Now Lah,,,Trimss Gan","muantafff,,,segel dus U Now Lah,,,Trimss Gan","Oxwalker","Indonesia","05-10-2026","11-18-2025","Pants","muantafff,,,segel dus U Now Lah,,,Trimss Gan","muantafff,,,segel dus U Now Lah,,,Trimss Gan","Unisex",,,"103314079955","Promo Samsung Galaxy A07 ( 4/64 4/128 6/128 8/256 ) Garansi Resmi Sein","Promo Samsung Galaxy A07 ( 4/64 4/128 6/128 8/256 ) Garansi Resmi Sein - A07 4/64 Black, No Bonus Cicil 0% 3x -  - Ini Toko Budi Shop | Tokopedia","Handphone","Android OS","5","1771954426","Product Review","",,"Tokopedia","Oxwalker","Promo Samsung Galaxy A07 ( 4/64 4/128 6/128 8/256 ) Garansi Resmi Sein",,"2025-Q4"
"https://www.tokopedia.com/ini-toko-budi-shop/samsung-galaxy-a07-4-64-4-128-6-128-8-256-garansi-resmi-sein-1729815001835537895-1735330887460881895?extParam=ivf%3Dtrue%26keyword%3Dsamsung+a07%26search_id%3D2026051013261194F6D7E04A4D452A9TDF%26src%3Dsearch&t_id=1778419236765&t_st=7&t_pp=search_result&t_efo=search_pure_goods_card&t_ef=goods_search&t_sm=&t_spt=search_result","pesanan mendarat dengan aman, Barangnya original 👍. 
faking ok..","pesanan mendarat dengan aman, Barangnya original 👍. 
faking ok..","Oxwalker","Indonesia","05-10-2026","03-13-2022","Pants","pesanan mendarat dengan aman, Barangnya original 👍. 
faking ok..","pesanan mendarat dengan aman, Barangnya original 👍. 
faking ok..","Unisex",,,"103314079955","Promo Samsung Galaxy A07 ( 4/64 4/128 6/128 8/256 ) Garansi Resmi Sein","Promo Samsung Galaxy A07 ( 4/64 4/128 6/128 8/256 ) Garansi Resmi Sein - A07 4/64 Black, No Bonus Cicil 0% 3x -  - Ini Toko Budi Shop | Tokopedia","Handphone","Android OS","5","622282851","Product Review","",,"Tokopedia","Oxwalker","Promo Samsung Galaxy A07 ( 4/64 4/128 6/128 8/256 ) Garansi Resmi Sein",,"2022-Q1"
"https://www.tokopedia.com/ini-toko-budi-shop/samsung-galaxy-a07-4-64-4-128-6-128-8-256-garansi-resmi-sein-1729815001835537895-1735330887460881895?extParam=ivf%3Dtrue%26keyword%3Dsamsung+a07%26search_id%3D2026051013261194F6D7E04A4D452A9TDF%26src%3Dsearch&t_id=1778419236765&t_st=7&t_pp=search_result&t_efo=search_pure_goods_card&t_ef=goods_search&t_sm=&t_spt=search_result","Barangnya original 👍. Warna sesuai pesanan. Berfungsi dengan baik.","Barangnya original 👍. Warna sesuai pesanan. Berfungsi dengan baik.","Oxwalker","Indonesia","05-10-2026","12-24-2021","Pants","Barangnya original 👍. Warna sesuai pesanan. Berfungsi dengan baik.","Barangnya original 👍. Warna sesuai pesanan. Berfungsi dengan baik.","Unisex",,,"103314079955","Promo Samsung Galaxy A07 ( 4/64 4/128 6/128 8/256 ) Garansi Resmi Sein","Promo Samsung Galaxy A07 ( 4/64 4/128 6/128 8/256 ) Garansi Resmi Sein - A07 4/64 Black, No Bonus Cicil 0% 3x -  - Ini Toko Budi Shop | Tokopedia","Handphone","Android OS","5","557047381","Product Review","",,"Tokopedia","Oxwalker","Promo Samsung Galaxy A07 ( 4/64 4/128 6/128 8/256 ) Garansi Resmi Sein",,"2021-Q4"
"https://www.tokopedia.com/ini-toko-budi-shop/samsung-galaxy-a07-4-64-4-128-6-128-8-256-garansi-resmi-sein-1729815001835537895-1735330887460881895?extParam=ivf%3Dtrue%26keyword%3Dsamsung+a07%26search_id%3D2026051013261194F6D7E04A4D452A9TDF%26src%3Dsearch&t_id=1778419236765&t_st=7&t_pp=search_result&t_efo=search_pure_goods_card&t_ef=goods_search&t_sm=&t_spt=search_result","Barangnya original. Kemasan disegel. Spesifikasi sesuai . Warna sesuai pesanan. Packaging rapih no lecet, overall good. delivery cepat👍🏽","Barangnya original. Kemasan disegel. Spesifikasi sesuai . Warna sesuai pesanan. Packaging rapih no lecet, overall good. delivery cepat👍🏽","Oxwalker","Indonesia","05-10-2026","11-10-2021","Pants","Barangnya original. Kemasan disegel. Spesifikasi sesuai . Warna sesuai pesanan. Packaging rapih no lecet, overall good. delivery cepat👍🏽","Barangnya original. Kemasan disegel. Spesifikasi sesuai . Warna sesuai pesanan. Packaging rapih no lecet, overall good. delivery cepat👍🏽","Unisex",,,"103314079955","Promo Samsung Galaxy A07 ( 4/64 4/128 6/128 8/256 ) Garansi Resmi Sein","Promo Samsung Galaxy A07 ( 4/64 4/128 6/128 8/256 ) Garansi Resmi Sein - A07 4/64 Black, No Bonus Cicil 0% 3x -  - Ini Toko Budi Shop | Tokopedia","Handphone","Android OS","5","520730850","Product Review","",,"Tokopedia","Oxwalker","Promo Samsung Galaxy A07 ( 4/64 4/128 6/128 8/256 ) Garansi Resmi Sein",,"2021-Q4"
"https://www.tokopedia.com/ini-toko-budi-shop/samsung-galaxy-a07-4-64-4-128-6-128-8-256-garansi-resmi-sein-1729815001835537895-1735330887460881895?extParam=ivf%3Dtrue%26keyword%3Dsamsung+a07%26search_id%3D2026051013261194F6D7E04A4D452A9TDF%26src%3Dsearch&t_id=1778419236765&t_st=7&t_pp=search_result&t_efo=search_pure_goods_card&t_ef=goods_search&t_sm=&t_spt=search_result","everythings in good condition and running well","everythings in good condition and running well","Oxwalker","Indonesia","05-10-2026","06-20-2025","Pants","everythings in good condition and running well","everythings in good condition and running well","Unisex",,,"103314079955","Promo Samsung Galaxy A07 ( 4/64 4/128 6/128 8/256 ) Garansi Resmi Sein","Promo Samsung Galaxy A07 ( 4/64 4/128 6/128 8/256 ) Garansi Resmi Sein - A07 4/64 Black, No Bonus Cicil 0% 3x -  - Ini Toko Budi Shop | Tokopedia","Handphone","Android OS","5","1532264248","Product Review","",,"Tokopedia","Oxwalker","Promo Samsung Galaxy A07 ( 4/64 4/128 6/128 8/256 ) Garansi Resmi Sein",,"2025-Q2"
"https://www.tokopedia.com/ini-toko-budi-shop/samsung-galaxy-a07-4-64-4-128-6-128-8-256-garansi-resmi-sein-1729815001835537895-1735330887460881895?extParam=ivf%3Dtrue%26keyword%3Dsamsung+a07%26search_id%3D2026051013261194F6D7E04A4D452A9TDF%26src%3Dsearch&t_id=1778419236765&t_st=7&t_pp=search_result&t_efo=search_pure_goods_card&t_ef=goods_search&t_sm=&t_spt=search_result","sesuai deskripsi, bagus semua . berfungsi dengan baik.. makasih yaaaaa","sesuai deskripsi, bagus semua . berfungsi dengan baik.. makasih yaaaaa","Oxwalker","Indonesia","05-10-2026","04-22-2025","Pants","sesuai deskripsi, bagus semua . berfungsi dengan baik.. makasih yaaaaa","sesuai deskripsi, bagus semua . berfungsi dengan baik.. makasih yaaaaa","Unisex",,,"103314079955","Promo Samsung Galaxy A07 ( 4/64 4/128 6/128 8/256 ) Garansi Resmi Sein","Promo Samsung Galaxy A07 ( 4/64 4/128 6/128 8/256 ) Garansi Resmi Sein - A07 4/64 Black, No Bonus Cicil 0% 3x -  - Ini Toko Budi Shop | Tokopedia","Handphone","Android OS","5","1393094209","Product Review","",,"Tokopedia","Oxwalker","Promo Samsung Galaxy A07 ( 4/64 4/128 6/128 8/256 ) Garansi Resmi Sein",,"2025-Q2"
"https://www.tokopedia.com/ini-toko-budi-shop/samsung-galaxy-a07-4-64-4-128-6-128-8-256-garansi-resmi-sein-1729815001835537895-1735330887460881895?extParam=ivf%3Dtrue%26keyword%3Dsamsung+a07%26search_id%3D2026051013261194F6D7E04A4D452A9TDF%26src%3Dsearch&t_id=1778419236765&t_st=7&t_pp=search_result&t_efo=search_pure_goods_card&t_ef=goods_search&t_sm=&t_spt=search_result","sudah diterima semoga awet.","sudah diterima semoga awet.","Oxwalker","Indonesia","05-10-2026","11-09-2025","Pants","sudah diterima semoga awet.","sudah diterima semoga awet.","Unisex",,,"103314079955","Promo Samsung Galaxy A07 ( 4/64 4/128 6/128 8/256 ) Garansi Resmi Sein","Promo Samsung Galaxy A07 ( 4/64 4/128 6/128 8/256 ) Garansi Resmi Sein - A07 4/64 Black, No Bonus Cicil 0% 3x -  - Ini Toko Budi Shop | Tokopedia","Handphone","Android OS","5","1757965402","Product Review","",,"Tokopedia","Oxwalker","Promo Samsung Galaxy A07 ( 4/64 4/128 6/128 8/256 ) Garansi Resmi Sein",,"2025-Q4"
"https://www.tokopedia.com/ini-toko-budi-shop/samsung-galaxy-a07-4-64-4-128-6-128-8-256-garansi-resmi-sein-1729815001835537895-1735330887460881895?extParam=ivf%3Dtrue%26keyword%3Dsamsung+a07%26search_id%3D2026051013261194F6D7E04A4D452A9TDF%26src%3Dsearch&t_id=1778419236765&t_st=7&t_pp=search_result&t_efo=search_pure_goods_card&t_ef=goods_search&t_sm=&t_spt=search_result","paket datang dengan selamat sampai tujuan tanpa cacat sedikitpun saya sebelumnya sudah request untuk casingnya agar berwarna hitam dan sudah di iyakan sama adminnya tapi setelah datang case nya malah bening tapi nggk papa juga overaal setelah pemakaian 1 Minggu hp nya masih sangat sangat aman karna memang kondisi baru dan masih segel","paket datang dengan selamat sampai tujuan tanpa cacat sedikitpun saya sebelumnya sudah request untuk casingnya agar berwarna hitam dan sudah di iyakan sama adminnya tapi setelah datang case nya malah bening tapi nggk papa juga overaal setelah pemakaian 1 Minggu hp nya masih sangat sangat aman karna memang kondisi baru dan masih segel","Oxwalker","Indonesia","05-10-2026","03-01-2026","Pants","paket datang dengan selamat sampai tujuan tanpa cacat sedikitpun saya sebelumnya sudah request untuk casingnya agar berwarna hitam dan sudah di iyakan sama adminnya tapi setelah datang case nya malah bening tapi nggk papa juga overaal setelah pemakaian 1 Minggu hp nya masih sangat sangat aman karna memang kondisi baru dan masih segel","paket datang dengan selamat sampai tujuan tanpa cacat sedikitpun saya sebelumnya sudah request untuk casingnya agar berwarna hitam dan sudah di iyakan sama adminnya tapi setelah datang case nya malah bening tapi nggk papa juga overaal setelah pemakaian 1 Minggu hp nya masih sangat sangat aman karna memang kondisi baru dan masih segel","Unisex",,,"103314079955","Promo Samsung Galaxy A07 ( 4/64 4/128 6/128 8/256 ) Garansi Resmi Sein","Promo Samsung Galaxy A07 ( 4/64 4/128 6/128 8/256 ) Garansi Resmi Sein - A07 4/64 Black, No Bonus Cicil 0% 3x -  - Ini Toko Budi Shop | Tokopedia","Handphone","Android OS","5","1958911824","Product Review","",,"Tokopedia","Oxwalker","Promo Samsung Galaxy A07 ( 4/64 4/128 6/128 8/256 ) Garansi Resmi Sein",,"2026-Q1"
"https://www.tokopedia.com/ini-toko-budi-shop/samsung-galaxy-a07-4-64-4-128-6-128-8-256-garansi-resmi-sein-1729815001835537895-1735330887460881895?extParam=ivf%3Dtrue%26keyword%3Dsamsung+a07%26search_id%3D2026051013261194F6D7E04A4D452A9TDF%26src%3Dsearch&t_id=1778419236765&t_st=7&t_pp=search_result&t_efo=search_pure_goods_card&t_ef=goods_search&t_sm=&t_spt=search_result","Sesuai deskripsi test nyala normal new segel","Sesuai deskripsi test nyala normal new segel","Oxwalker","Indonesia","05-10-2026","07-07-2025","Pants","Sesuai deskripsi test nyala normal new segel","Sesuai deskripsi test nyala normal new segel","Unisex",,,"103314079955","Promo Samsung Galaxy A07 ( 4/64 4/128 6/128 8/256 ) Garansi Resmi Sein","Promo Samsung Galaxy A07 ( 4/64 4/128 6/128 8/256 ) Garansi Resmi Sein - A07 4/64 Black, No Bonus Cicil 0% 3x -  - Ini Toko Budi Shop | Tokopedia","Handphone","Android OS","5","1560986331","Product Review","",,"Tokopedia","Oxwalker","Promo Samsung Galaxy A07 ( 4/64 4/128 6/128 8/256 ) Garansi Resmi Sein",,"2025-Q3"
"https://www.tokopedia.com/ini-toko-budi-shop/samsung-galaxy-a07-4-64-4-128-6-128-8-256-garansi-resmi-sein-1729815001835537895-1735330887460881895?extParam=ivf%3Dtrue%26keyword%3Dsamsung+a07%26search_id%3D2026051013261194F6D7E04A4D452A9TDF%26src%3Dsearch&t_id=1778419236765&t_st=7&t_pp=search_result&t_efo=search_pure_goods_card&t_ef=goods_search&t_sm=&t_spt=search_result","paket sudah diterima dengan lengkap..thks","paket sudah diterima dengan lengkap..thks","Oxwalker","Indonesia","05-10-2026","01-10-2026","Pants","paket sudah diterima dengan lengkap..thks","paket sudah diterima dengan lengkap..thks","Unisex",,,"103314079955","Promo Samsung Galaxy A07 ( 4/64 4/128 6/128 8/256 ) Garansi Resmi Sein","Promo Samsung Galaxy A07 ( 4/64 4/128 6/128 8/256 ) Garansi Resmi Sein - A07 4/64 Black, No Bonus Cicil 0% 3x -  - Ini Toko Budi Shop | Tokopedia","Handphone","Android OS","5","1860286389","Product Review","",,"Tokopedia","Oxwalker","Promo Samsung Galaxy A07 ( 4/64 4/128 6/128 8/256 ) Garansi Resmi Sein",,"2026-Q1"
"https://www.tokopedia.com/ini-toko-budi-shop/samsung-galaxy-a07-4-64-4-128-6-128-8-256-garansi-resmi-sein-1729815001835537895-1735330887460881895?extParam=ivf%3Dtrue%26keyword%3Dsamsung+a07%26search_id%3D2026051013261194F6D7E04A4D452A9TDF%26src%3Dsearch&t_id=1778419236765&t_st=7&t_pp=search_result&t_efo=search_pure_goods_card&t_ef=goods_search&t_sm=&t_spt=search_result","barang sampai dengan selamat dan cepat, barang okee lengkap dan fastresponse! thank you!","barang sampai dengan selamat dan cepat, barang okee lengkap dan fastresponse! thank you!","Oxwalker","Indonesia","05-10-2026","03-06-2025","Pants","barang sampai dengan selamat dan cepat, barang okee lengkap dan fastresponse! thank you!","barang sampai dengan selamat dan cepat, barang okee lengkap dan fastresponse! thank you!","Unisex",,,"103314079955","Promo Samsung Galaxy A07 ( 4/64 4/128 6/128 8/256 ) Garansi Resmi Sein","Promo Samsung Galaxy A07 ( 4/64 4/128 6/128 8/256 ) Garansi Resmi Sein - A07 4/64 Black, No Bonus Cicil 0% 3x -  - Ini Toko Budi Shop | Tokopedia","Handphone","Android OS","5","1300454127","Product Review","",,"Tokopedia","Oxwalker","Promo Samsung Galaxy A07 ( 4/64 4/128 6/128 8/256 ) Garansi Resmi Sein",,"2025-Q1"
"https://www.tokopedia.com/ini-toko-budi-shop/samsung-galaxy-a07-4-64-4-128-6-128-8-256-garansi-resmi-sein-1729815001835537895-1735330887460881895?extParam=ivf%3Dtrue%26keyword%3Dsamsung+a07%26search_id%3D2026051013261194F6D7E04A4D452A9TDF%26src%3Dsearch&t_id=1778419236765&t_st=7&t_pp=search_result&t_efo=search_pure_goods_card&t_ef=goods_search&t_sm=&t_spt=search_result","Barangnya sampai belum dibuka semoga amannn","Barangnya sampai belum dibuka semoga amannn","Oxwalker","Indonesia","05-10-2026","11-08-2025","Pants","Barangnya sampai belum dibuka semoga amannn","Barangnya sampai belum dibuka semoga amannn","Unisex",,,"103314079955","Promo Samsung Galaxy A07 ( 4/64 4/128 6/128 8/256 ) Garansi Resmi Sein","Promo Samsung Galaxy A07 ( 4/64 4/128 6/128 8/256 ) Garansi Resmi Sein - A07 4/64 Black, No Bonus Cicil 0% 3x -  - Ini Toko Budi Shop | Tokopedia","Handphone","Android OS","5","1756615510","Product Review","",,"Tokopedia","Oxwalker","Promo Samsung Galaxy A07 ( 4/64 4/128 6/128 8/256 ) Garansi Resmi Sein",,"2025-Q4"
"https://www.tokopedia.com/ini-toko-budi-shop/samsung-galaxy-a07-4-64-4-128-6-128-8-256-garansi-resmi-sein-1729815001835537895-1735330887460881895?extParam=ivf%3Dtrue%26keyword%3Dsamsung+a07%26search_id%3D2026051013261194F6D7E04A4D452A9TDF%26src%3Dsearch&t_id=1778419236765&t_st=7&t_pp=search_result&t_efo=search_pure_goods_card&t_ef=goods_search&t_sm=&t_spt=search_result","barang oke, spesifikasi sesuai harga mantap.","barang oke, spesifikasi sesuai harga mantap.","Oxwalker","Indonesia","05-10-2026","08-23-2024","Pants","barang oke, spesifikasi sesuai harga mantap.","barang oke, spesifikasi sesuai harga mantap.","Unisex",,,"103314079955","Promo Samsung Galaxy A07 ( 4/64 4/128 6/128 8/256 ) Garansi Resmi Sein","Promo Samsung Galaxy A07 ( 4/64 4/128 6/128 8/256 ) Garansi Resmi Sein - A07 4/64 Black, No Bonus Cicil 0% 3x -  - Ini Toko Budi Shop | Tokopedia","Handphone","Android OS","5","1082892614","Product Review","",,"Tokopedia","Oxwalker","Promo Samsung Galaxy A07 ( 4/64 4/128 6/128 8/256 ) Garansi Resmi Sein",,"2024-Q3"
"https://www.tokopedia.com/ini-toko-budi-shop/samsung-galaxy-a07-4-64-4-128-6-128-8-256-garansi-resmi-sein-1729815001835537895-1735330887460881895?extParam=ivf%3Dtrue%26keyword%3Dsamsung+a07%26search_id%3D2026051013261194F6D7E04A4D452A9TDF%26src%3Dsearch&t_id=1778419236765&t_st=7&t_pp=search_result&t_efo=search_pure_goods_card&t_ef=goods_search&t_sm=&t_spt=search_result","barang baguss sesuai pesanan","barang baguss sesuai pesanan","Oxwalker","Indonesia","05-10-2026","03-29-2026","Pants","barang baguss sesuai pesanan","barang baguss sesuai pesanan","Unisex",,,"103314079955","Promo Samsung Galaxy A07 ( 4/64 4/128 6/128 8/256 ) Garansi Resmi Sein","Promo Samsung Galaxy A07 ( 4/64 4/128 6/128 8/256 ) Garansi Resmi Sein - A07 4/64 Black, No Bonus Cicil 0% 3x -  - Ini Toko Budi Shop | Tokopedia","Handphone","Android OS","5","2019917551","Product Review","",,"Tokopedia","Oxwalker","Promo Samsung Galaxy A07 ( 4/64 4/128 6/128 8/256 ) Garansi Resmi Sein",,"2026-Q1"
"https://www.tokopedia.com/ini-toko-budi-shop/samsung-galaxy-a07-4-64-4-128-6-128-8-256-garansi-resmi-sein-1729815001835537895-1735330887460881895?extParam=ivf%3Dtrue%26keyword%3Dsamsung+a07%26search_id%3D2026051013261194F6D7E04A4D452A9TDF%26src%3Dsearch&t_id=1778419236765&t_st=7&t_pp=search_result&t_efo=search_pure_goods_card&t_ef=goods_search&t_sm=&t_spt=search_result","Sempet kawatir karena Pekingnya asal asalan...,tapi Alhamdulillah..barang original dan tidak rusak,tolong Pekingnya di perbaiki...","Sempet kawatir karena Pekingnya asal asalan...,tapi Alhamdulillah..barang original dan tidak rusak,tolong Pekingnya di perbaiki...","Oxwalker","Indonesia","05-10-2026","10-23-2025","Pants","Sempet kawatir karena Pekingnya asal asalan...,tapi Alhamdulillah..barang original dan tidak rusak,tolong Pekingnya di perbaiki...","Sempet kawatir karena Pekingnya asal asalan...,tapi Alhamdulillah..barang original dan tidak rusak,tolong Pekingnya di perbaiki...","Unisex",,,"103314079955","Promo Samsung Galaxy A07 ( 4/64 4/128 6/128 8/256 ) Garansi Resmi Sein","Promo Samsung Galaxy A07 ( 4/64 4/128 6/128 8/256 ) Garansi Resmi Sein - A07 4/64 Black, No Bonus Cicil 0% 3x -  - Ini Toko Budi Shop | Tokopedia","Handphone","Android OS","4","1733016821","Product Review","",,"Tokopedia","Oxwalker","Promo Samsung Galaxy A07 ( 4/64 4/128 6/128 8/256 ) Garansi Resmi Sein",,"2025-Q4"
"https://www.tokopedia.com/ini-toko-budi-shop/samsung-galaxy-a07-4-64-4-128-6-128-8-256-garansi-resmi-sein-1729815001835537895-1735330887460881895?extParam=ivf%3Dtrue%26keyword%3Dsamsung+a07%26search_id%3D2026051013261194F6D7E04A4D452A9TDF%26src%3Dsearch&t_id=1778419236765&t_st=7&t_pp=search_result&t_efo=search_pure_goods_card&t_ef=goods_search&t_sm=&t_spt=search_result","pengiriman lama dari tanggal 19 saya pesan tanggal 21 baru di serahkan pihak ekspedisi dan baru saya terima itu sudah lewat dari estimasi max nya","pengiriman lama dari tanggal 19 saya pesan tanggal 21 baru di serahkan pihak ekspedisi dan baru saya terima itu sudah lewat dari estimasi max nya","Oxwalker","Indonesia","05-10-2026","09-24-2025","Pants","pengiriman lama dari tanggal 19 saya pesan tanggal 21 baru di serahkan pihak ekspedisi dan baru saya terima itu sudah lewat dari estimasi max nya","pengiriman lama dari tanggal 19 saya pesan tanggal 21 baru di serahkan pihak ekspedisi dan baru saya terima itu sudah lewat dari estimasi max nya","Unisex",,,"103314079955","Promo Samsung Galaxy A07 ( 4/64 4/128 6/128 8/256 ) Garansi Resmi Sein","Promo Samsung Galaxy A07 ( 4/64 4/128 6/128 8/256 ) Garansi Resmi Sein - A07 4/64 Black, No Bonus Cicil 0% 3x -  - Ini Toko Budi Shop | Tokopedia","Handphone","Android OS","3","1691979565","Product Review","",,"Tokopedia","Oxwalker","Promo Samsung Galaxy A07 ( 4/64 4/128 6/128 8/256 ) Garansi Resmi Sein",,"2025-Q3"
"https://www.tokopedia.com/ini-toko-budi-shop/samsung-galaxy-a07-4-64-4-128-6-128-8-256-garansi-resmi-sein-1729815001835537895-1735330887460881895?extParam=ivf%3Dtrue%26keyword%3Dsamsung+a07%26search_id%3D2026051013261194F6D7E04A4D452A9TDF%26src%3Dsearch&t_id=1778419236765&t_st=7&t_pp=search_result&t_efo=search_pure_goods_card&t_ef=goods_search&t_sm=&t_spt=search_result","Barang original, harga ok, respon penjual cepat, packing aman dibu gkus bubble wrap dan kardus. Recommended buat yg nyari hp 👍","Barang original, harga ok, respon penjual cepat, packing aman dibu gkus bubble wrap dan kardus. Recommended buat yg nyari hp 👍","Oxwalker","Indonesia","05-10-2026","11-17-2025","Pants","Barang original, harga ok, respon penjual cepat, packing aman dibu gkus bubble wrap dan kardus. Recommended buat yg nyari hp 👍","Barang original, harga ok, respon penjual cepat, packing aman dibu gkus bubble wrap dan kardus. Recommended buat yg nyari hp 👍","Unisex",,,"103314079955","Promo Samsung Galaxy A07 ( 4/64 4/128 6/128 8/256 ) Garansi Resmi Sein","Promo Samsung Galaxy A07 ( 4/64 4/128 6/128 8/256 ) Garansi Resmi Sein - A07 4/64 Black, No Bonus Cicil 0% 3x -  - Ini Toko Budi Shop | Tokopedia","Handphone","Android OS","5","1771671937","Product Review","",,"Tokopedia","Oxwalker","Promo Samsung Galaxy A07 ( 4/64 4/128 6/128 8/256 ) Garansi Resmi Sein",,"2025-Q4"
"https://www.tokopedia.com/ini-toko-budi-shop/samsung-galaxy-a07-4-64-4-128-6-128-8-256-garansi-resmi-sein-1729815001835537895-1735330887460881895?extParam=ivf%3Dtrue%26keyword%3Dsamsung+a07%26search_id%3D2026051013261194F6D7E04A4D452A9TDF%26src%3Dsearch&t_id=1778419236765&t_st=7&t_pp=search_result&t_efo=search_pure_goods_card&t_ef=goods_search&t_sm=&t_spt=search_result","Barangnya ori bangettt udah langgann
Kejernihan lensa: Baik
Kualitas pengerjaan: Rapih","Barangnya ori bangettt udah langgann
Kejernihan lensa: Baik
Kualitas pengerjaan: Rapih","Oxwalker","Indonesia","05-10-2026","01-21-2026","Pants","Barangnya ori bangettt udah langgann
Kejernihan lensa: Baik
Kualitas pengerjaan: Rapih","Barangnya ori bangettt udah langgann
Kejernihan lensa: Baik
Kualitas pengerjaan: Rapih","Unisex",,,"103314079955","Promo Samsung Galaxy A07 ( 4/64 4/128 6/128 8/256 ) Garansi Resmi Sein","Promo Samsung Galaxy A07 ( 4/64 4/128 6/128 8/256 ) Garansi Resmi Sein - A07 4/64 Black, No Bonus Cicil 0% 3x -  - Ini Toko Budi Shop | Tokopedia","Handphone","Android OS","5","1879218501","Product Review","",,"Tokopedia","Oxwalker","Promo Samsung Galaxy A07 ( 4/64 4/128 6/128 8/256 ) Garansi Resmi Sein",,"2026-Q1"
"https://www.tokopedia.com/ini-toko-budi-shop/samsung-galaxy-a07-4-64-4-128-6-128-8-256-garansi-resmi-sein-1729815001835537895-1735330887460881895?extParam=ivf%3Dtrue%26keyword%3Dsamsung+a07%26search_id%3D2026051013261194F6D7E04A4D452A9TDF%26src%3Dsearch&t_id=1778419236765&t_st=7&t_pp=search_result&t_efo=search_pure_goods_card&t_ef=goods_search&t_sm=&t_spt=search_result","Paket sudah diterima lengkap
Sesuai pesanan
Barang aman tidak ada kerusakan
Seller sangat amanah
Pengiriman cepat
Bakal langganan di toko ini","Paket sudah diterima lengkap
Sesuai pesanan
Barang aman tidak ada kerusakan
Seller sangat amanah
Pengiriman cepat
Bakal langganan di toko ini","Oxwalker","Indonesia","05-10-2026","12-24-2025","Pants","Paket sudah diterima lengkap
Sesuai pesanan
Barang aman tidak ada kerusakan
Seller sangat amanah
Pengiriman cepat
Bakal langganan di toko ini","Paket sudah diterima lengkap
Sesuai pesanan
Barang aman tidak ada kerusakan
Seller sangat amanah
Pengiriman cepat
Bakal langganan di toko ini","Unisex",,,"103314079955","Promo Samsung Galaxy A07 ( 4/64 4/128 6/128 8/256 ) Garansi Resmi Sein","Promo Samsung Galaxy A07 ( 4/64 4/128 6/128 8/256 ) Garansi Resmi Sein - A07 4/64 Black, No Bonus Cicil 0% 3x -  - Ini Toko Budi Shop | Tokopedia","Handphone","Android OS","5","1831992730","Product Review","",,"Tokopedia","Oxwalker","Promo Samsung Galaxy A07 ( 4/64 4/128 6/128 8/256 ) Garansi Resmi Sein",,"2025-Q4"
"https://www.tokopedia.com/ini-toko-budi-shop/samsung-galaxy-a07-4-64-4-128-6-128-8-256-garansi-resmi-sein-1729815001835537895-1735330887460881895?extParam=ivf%3Dtrue%26keyword%3Dsamsung+a07%26search_id%3D2026051013261194F6D7E04A4D452A9TDF%26src%3Dsearch&t_id=1778419236765&t_st=7&t_pp=search_result&t_efo=search_pure_goods_card&t_ef=goods_search&t_sm=&t_spt=search_result","Mantap. Kiriman cepat sampai. Rekomended.","Mantap. Kiriman cepat sampai. Rekomended.","Oxwalker","Indonesia","05-10-2026","11-06-2025","Pants","Mantap. Kiriman cepat sampai. Rekomended.","Mantap. Kiriman cepat sampai. Rekomended.","Unisex",,,"103314079955","Promo Samsung Galaxy A07 ( 4/64 4/128 6/128 8/256 ) Garansi Resmi Sein","Promo Samsung Galaxy A07 ( 4/64 4/128 6/128 8/256 ) Garansi Resmi Sein - A07 4/64 Black, No Bonus Cicil 0% 3x -  - Ini Toko Budi Shop | Tokopedia","Handphone","Android OS","5","1753955146","Product Review","",,"Tokopedia","Oxwalker","Promo Samsung Galaxy A07 ( 4/64 4/128 6/128 8/256 ) Garansi Resmi Sein",,"2025-Q4"
"https://www.tokopedia.com/ini-toko-budi-shop/samsung-galaxy-a07-4-64-4-128-6-128-8-256-garansi-resmi-sein-1729815001835537895-1735330887460881895?extParam=ivf%3Dtrue%26keyword%3Dsamsung+a07%26search_id%3D2026051013261194F6D7E04A4D452A9TDF%26src%3Dsearch&t_id=1778419236765&t_st=7&t_pp=search_result&t_efo=search_pure_goods_card&t_ef=goods_search&t_sm=&t_spt=search_result","toko sangat amanah, pengiriman sehari langsung sampe ga nunggu lama, dan dikirim dengan kondisi baik","toko sangat amanah, pengiriman sehari langsung sampe ga nunggu lama, dan dikirim dengan kondisi baik","Oxwalker","Indonesia","05-10-2026","03-08-2026","Pants","toko sangat amanah, pengiriman sehari langsung sampe ga nunggu lama, dan dikirim dengan kondisi baik","toko sangat amanah, pengiriman sehari langsung sampe ga nunggu lama, dan dikirim dengan kondisi baik","Unisex",,,"103314079955","Promo Samsung Galaxy A07 ( 4/64 4/128 6/128 8/256 ) Garansi Resmi Sein","Promo Samsung Galaxy A07 ( 4/64 4/128 6/128 8/256 ) Garansi Resmi Sein - A07 4/64 Black, No Bonus Cicil 0% 3x -  - Ini Toko Budi Shop | Tokopedia","Handphone","Android OS","5","1977614929","Product Review","",,"Tokopedia","Oxwalker","Promo Samsung Galaxy A07 ( 4/64 4/128 6/128 8/256 ) Garansi Resmi Sein",,"2026-Q1"
"https://www.tokopedia.com/ini-toko-budi-shop/samsung-galaxy-a07-4-64-4-128-6-128-8-256-garansi-resmi-sein-1729815001835537895-1735330887460881895?extParam=ivf%3Dtrue%26keyword%3Dsamsung+a07%26search_id%3D2026051013261194F6D7E04A4D452A9TDF%26src%3Dsearch&t_id=1778419236765&t_st=7&t_pp=search_result&t_efo=search_pure_goods_card&t_ef=goods_search&t_sm=&t_spt=search_result","oke oce","oke oce","Oxwalker","Indonesia","05-10-2026","04-29-2025","Pants","oke oce","oke oce","Unisex",,,"103314079955","Promo Samsung Galaxy A07 ( 4/64 4/128 6/128 8/256 ) Garansi Resmi Sein","Promo Samsung Galaxy A07 ( 4/64 4/128 6/128 8/256 ) Garansi Resmi Sein - A07 4/64 Black, No Bonus Cicil 0% 3x -  - Ini Toko Budi Shop | Tokopedia","Handphone","Android OS","5","1416757972","Product Review","",,"Tokopedia","Oxwalker","Promo Samsung Galaxy A07 ( 4/64 4/128 6/128 8/256 ) Garansi Resmi Sein",,"2025-Q2"
"https://www.tokopedia.com/ini-toko-budi-shop/samsung-galaxy-a07-4-64-4-128-6-128-8-256-garansi-resmi-sein-1729815001835537895-1735330887460881895?extParam=ivf%3Dtrue%26keyword%3Dsamsung+a07%26search_id%3D2026051013261194F6D7E04A4D452A9TDF%26src%3Dsearch&t_id=1778419236765&t_st=7&t_pp=search_result&t_efo=search_pure_goods_card&t_ef=goods_search&t_sm=&t_spt=search_result","Paket sudah diterima lengkap
Sesuai pesanan
Barang aman tidak ada kerusakan
Seller sangat amanah
Pengiriman cepat
Bakal langganan di toko ini","Paket sudah diterima lengkap
Sesuai pesanan
Barang aman tidak ada kerusakan
Seller sangat amanah
Pengiriman cepat
Bakal langganan di toko ini","Oxwalker","Indonesia","05-10-2026","12-24-2025","Pants","Paket sudah diterima lengkap
Sesuai pesanan
Barang aman tidak ada kerusakan
Seller sangat amanah
Pengiriman cepat
Bakal langganan di toko ini","Paket sudah diterima lengkap
Sesuai pesanan
Barang aman tidak ada kerusakan
Seller sangat amanah
Pengiriman cepat
Bakal langganan di toko ini","Unisex",,,"103314079955","Promo Samsung Galaxy A07 ( 4/64 4/128 6/128 8/256 ) Garansi Resmi Sein","Promo Samsung Galaxy A07 ( 4/64 4/128 6/128 8/256 ) Garansi Resmi Sein - A07 4/64 Black, No Bonus Cicil 0% 3x -  - Ini Toko Budi Shop | Tokopedia","Handphone","Android OS","5","1831992731","Product Review","",,"Tokopedia","Oxwalker","Promo Samsung Galaxy A07 ( 4/64 4/128 6/128 8/256 ) Garansi Resmi Sein",,"2025-Q4"
"https://www.tokopedia.com/ini-toko-budi-shop/samsung-galaxy-a07-4-64-4-128-6-128-8-256-garansi-resmi-sein-1729815001835537895-1735330887460881895?extParam=ivf%3Dtrue%26keyword%3Dsamsung+a07%26search_id%3D2026051013261194F6D7E04A4D452A9TDF%26src%3Dsearch&t_id=1778419236765&t_st=7&t_pp=search_result&t_efo=search_pure_goods_card&t_ef=goods_search&t_sm=&t_spt=search_result","Kualitas pengerjaan: Baru datang langsung unboxing,Cakep semoga hp nya awet di pakainya,Samsung galaxy A07","Kualitas pengerjaan: Baru datang langsung unboxing,Cakep semoga hp nya awet di pakainya,Samsung galaxy A07","Oxwalker","Indonesia","05-10-2026","03-13-2026","Pants","Kualitas pengerjaan: Baru datang langsung unboxing,Cakep semoga hp nya awet di pakainya,Samsung galaxy A07","Kualitas pengerjaan: Baru datang langsung unboxing,Cakep semoga hp nya awet di pakainya,Samsung galaxy A07","Unisex",,,"103314079955","Promo Samsung Galaxy A07 ( 4/64 4/128 6/128 8/256 ) Garansi Resmi Sein","Promo Samsung Galaxy A07 ( 4/64 4/128 6/128 8/256 ) Garansi Resmi Sein - A07 4/64 Black, No Bonus Cicil 0% 3x -  - Ini Toko Budi Shop | Tokopedia","Handphone","Android OS","4","1993420756","Product Review","",,"Tokopedia","Oxwalker","Promo Samsung Galaxy A07 ( 4/64 4/128 6/128 8/256 ) Garansi Resmi Sein",,"2026-Q1"
"https://www.tokopedia.com/ini-toko-budi-shop/samsung-galaxy-a07-4-64-4-128-6-128-8-256-garansi-resmi-sein-1729815001835537895-1735330887460881895?extParam=ivf%3Dtrue%26keyword%3Dsamsung+a07%26search_id%3D2026051013261194F6D7E04A4D452A9TDF%26src%3Dsearch&t_id=1778419236765&t_st=7&t_pp=search_result&t_efo=search_pure_goods_card&t_ef=goods_search&t_sm=&t_spt=search_result","Barang diterima dengan baik. Packaging aman. HP so far ok. Harga terjangkau.","Barang diterima dengan baik. Packaging aman. HP so far ok. Harga terjangkau.","Oxwalker","Indonesia","05-10-2026","05-18-2025","Pants","Barang diterima dengan baik. Packaging aman. HP so far ok. Harga terjangkau.","Barang diterima dengan baik. Packaging aman. HP so far ok. Harga terjangkau.","Unisex",,,"103314079955","Promo Samsung Galaxy A07 ( 4/64 4/128 6/128 8/256 ) Garansi Resmi Sein","Promo Samsung Galaxy A07 ( 4/64 4/128 6/128 8/256 ) Garansi Resmi Sein - A07 4/64 Black, No Bonus Cicil 0% 3x -  - Ini Toko Budi Shop | Tokopedia","Handphone","Android OS","5","1466059706","Product Review","",,"Tokopedia","Oxwalker","Promo Samsung Galaxy A07 ( 4/64 4/128 6/128 8/256 ) Garansi Resmi Sein",,"2025-Q2"
"https://www.tokopedia.com/ini-toko-budi-shop/samsung-galaxy-a07-4-64-4-128-6-128-8-256-garansi-resmi-sein-1729815001835537895-1735330887460881895?extParam=ivf%3Dtrue%26keyword%3Dsamsung+a07%26search_id%3D2026051013261194F6D7E04A4D452A9TDF%26src%3Dsearch&t_id=1778419236765&t_st=7&t_pp=search_result&t_efo=search_pure_goods_card&t_ef=goods_search&t_sm=&t_spt=search_result","Toko amanah, barang sampai dalam keaadan tersegel dan baik, lengkap beserta bonusnya. terima kasih","Toko amanah, barang sampai dalam keaadan tersegel dan baik, lengkap beserta bonusnya. terima kasih","Oxwalker","Indonesia","05-10-2026","12-26-2025","Pants","Toko amanah, barang sampai dalam keaadan tersegel dan baik, lengkap beserta bonusnya. terima kasih","Toko amanah, barang sampai dalam keaadan tersegel dan baik, lengkap beserta bonusnya. terima kasih","Unisex",,,"103314079955","Promo Samsung Galaxy A07 ( 4/64 4/128 6/128 8/256 ) Garansi Resmi Sein","Promo Samsung Galaxy A07 ( 4/64 4/128 6/128 8/256 ) Garansi Resmi Sein - A07 4/64 Black, No Bonus Cicil 0% 3x -  - Ini Toko Budi Shop | Tokopedia","Handphone","Android OS","5","1835807396","Product Review","",,"Tokopedia","Oxwalker","Promo Samsung Galaxy A07 ( 4/64 4/128 6/128 8/256 ) Garansi Resmi Sein",,"2025-Q4"
"https://www.tokopedia.com/ini-toko-budi-shop/samsung-galaxy-a07-4-64-4-128-6-128-8-256-garansi-resmi-sein-1729815001835537895-1735330887460881895?extParam=ivf%3Dtrue%26keyword%3Dsamsung+a07%26search_id%3D2026051013261194F6D7E04A4D452A9TDF%26src%3Dsearch&t_id=1778419236765&t_st=7&t_pp=search_result&t_efo=search_pure_goods_card&t_ef=goods_search&t_sm=&t_spt=search_result","Beli ongkirnya yang 3 jam, belom sampe 1 jam udah langsung di tangan in sama toko, 2 jam sudah sampai. Barang juga sampai dengan baik, lengkap sama kepala charger, sesuai deskripsi dan mantul 👍👍👍","Beli ongkirnya yang 3 jam, belom sampe 1 jam udah langsung di tangan in sama toko, 2 jam sudah sampai. Barang juga sampai dengan baik, lengkap sama kepala charger, sesuai deskripsi dan mantul 👍👍👍","Oxwalker","Indonesia","05-10-2026","10-29-2025","Pants","Beli ongkirnya yang 3 jam, belom sampe 1 jam udah langsung di tangan in sama toko, 2 jam sudah sampai. Barang juga sampai dengan baik, lengkap sama kepala charger, sesuai deskripsi dan mantul 👍👍👍","Beli ongkirnya yang 3 jam, belom sampe 1 jam udah langsung di tangan in sama toko, 2 jam sudah sampai. Barang juga sampai dengan baik, lengkap sama kepala charger, sesuai deskripsi dan mantul 👍👍👍","Unisex",,,"103314079955","Promo Samsung Galaxy A07 ( 4/64 4/128 6/128 8/256 ) Garansi Resmi Sein","Promo Samsung Galaxy A07 ( 4/64 4/128 6/128 8/256 ) Garansi Resmi Sein - A07 4/64 Black, No Bonus Cicil 0% 3x -  - Ini Toko Budi Shop | Tokopedia","Handphone","Android OS","5","1741317266","Product Review","",,"Tokopedia","Oxwalker","Promo Samsung Galaxy A07 ( 4/64 4/128 6/128 8/256 ) Garansi Resmi Sein",,"2025-Q4"
"https://www.tokopedia.com/ini-toko-budi-shop/samsung-galaxy-a07-4-64-4-128-6-128-8-256-garansi-resmi-sein-1729815001835537895-1735330887460881895?extParam=ivf%3Dtrue%26keyword%3Dsamsung+a07%26search_id%3D2026051013261194F6D7E04A4D452A9TDF%26src%3Dsearch&t_id=1778419236765&t_st=7&t_pp=search_result&t_efo=search_pure_goods_card&t_ef=goods_search&t_sm=&t_spt=search_result","Cepat sih, tapi oeswnku warna putih, eh yang datang hitam.
Tapi nggak papa juga sih...
Mohon hangan di ulangi lagi ya","Cepat sih, tapi oeswnku warna putih, eh yang datang hitam.
Tapi nggak papa juga sih...
Mohon hangan di ulangi lagi ya","Oxwalker","Indonesia","05-10-2026","11-07-2024","Pants","Cepat sih, tapi oeswnku warna putih, eh yang datang hitam.
Tapi nggak papa juga sih...
Mohon hangan di ulangi lagi ya","Cepat sih, tapi oeswnku warna putih, eh yang datang hitam.
Tapi nggak papa juga sih...
Mohon hangan di ulangi lagi ya","Unisex",,,"103314079955","Promo Samsung Galaxy A07 ( 4/64 4/128 6/128 8/256 ) Garansi Resmi Sein","Promo Samsung Galaxy A07 ( 4/64 4/128 6/128 8/256 ) Garansi Resmi Sein - A07 4/64 Black, No Bonus Cicil 0% 3x -  - Ini Toko Budi Shop | Tokopedia","Handphone","Android OS","4","1146451320","Product Review","",,"Tokopedia","Oxwalker","Promo Samsung Galaxy A07 ( 4/64 4/128 6/128 8/256 ) Garansi Resmi Sein",,"2024-Q4"
"https://www.tokopedia.com/ini-toko-budi-shop/samsung-galaxy-a07-4-64-4-128-6-128-8-256-garansi-resmi-sein-1729815001835537895-1735330887460881895?extParam=ivf%3Dtrue%26keyword%3Dsamsung+a07%26search_id%3D2026051013261194F6D7E04A4D452A9TDF%26src%3Dsearch&t_id=1778419236765&t_st=7&t_pp=search_result&t_efo=search_pure_goods_card&t_ef=goods_search&t_sm=&t_spt=search_result","Produk original, sesuai pesanan, pengiriman cepat, packing rapi dan aman, masih tersegel dengan baik","Produk original, sesuai pesanan, pengiriman cepat, packing rapi dan aman, masih tersegel dengan baik","Oxwalker","Indonesia","05-10-2026","09-15-2025","Pants","Produk original, sesuai pesanan, pengiriman cepat, packing rapi dan aman, masih tersegel dengan baik","Produk original, sesuai pesanan, pengiriman cepat, packing rapi dan aman, masih tersegel dengan baik","Unisex",,,"103314079955","Promo Samsung Galaxy A07 ( 4/64 4/128 6/128 8/256 ) Garansi Resmi Sein","Promo Samsung Galaxy A07 ( 4/64 4/128 6/128 8/256 ) Garansi Resmi Sein - A07 4/64 Black, No Bonus Cicil 0% 3x -  - Ini Toko Budi Shop | Tokopedia","Handphone","Android OS","5","1679077450","Product Review","",,"Tokopedia","Oxwalker","Promo Samsung Galaxy A07 ( 4/64 4/128 6/128 8/256 ) Garansi Resmi Sein",,"2025-Q3"
"https://www.tokopedia.com/ini-toko-budi-shop/samsung-galaxy-a07-4-64-4-128-6-128-8-256-garansi-resmi-sein-1729815001835537895-1735330887460881895?extParam=ivf%3Dtrue%26keyword%3Dsamsung+a07%26search_id%3D2026051013261194F6D7E04A4D452A9TDF%26src%3Dsearch&t_id=1778419236765&t_st=7&t_pp=search_result&t_efo=search_pure_goods_card&t_ef=goods_search&t_sm=&t_spt=search_result","produk sampai dgn selamat, tapi pas datang segel bagian atas dus seperti sudah dibuka padahal diluarnya ada plastik pembungkus","produk sampai dgn selamat, tapi pas datang segel bagian atas dus seperti sudah dibuka padahal diluarnya ada plastik pembungkus","Oxwalker","Indonesia","05-10-2026","12-04-2025","Pants","produk sampai dgn selamat, tapi pas datang segel bagian atas dus seperti sudah dibuka padahal diluarnya ada plastik pembungkus","produk sampai dgn selamat, tapi pas datang segel bagian atas dus seperti sudah dibuka padahal diluarnya ada plastik pembungkus","Unisex",,,"103314079955","Promo Samsung Galaxy A07 ( 4/64 4/128 6/128 8/256 ) Garansi Resmi Sein","Promo Samsung Galaxy A07 ( 4/64 4/128 6/128 8/256 ) Garansi Resmi Sein - A07 4/64 Black, No Bonus Cicil 0% 3x -  - Ini Toko Budi Shop | Tokopedia","Handphone","Android OS","5","1797358588","Product Review","",,"Tokopedia","Oxwalker","Promo Samsung Galaxy A07 ( 4/64 4/128 6/128 8/256 ) Garansi Resmi Sein",,"2025-Q4"
"https://www.tokopedia.com/ini-toko-budi-shop/samsung-galaxy-a07-4-64-4-128-6-128-8-256-garansi-resmi-sein-1729815001835537895-1735330887460881895?extParam=ivf%3Dtrue%26keyword%3Dsamsung+a07%26search_id%3D2026051013261194F6D7E04A4D452A9TDF%26src%3Dsearch&t_id=1778419236765&t_st=7&t_pp=search_result&t_efo=search_pure_goods_card&t_ef=goods_search&t_sm=&t_spt=search_result","Barang sesuai dan kondisi bagus juga berfungsi dengan baik.","Barang sesuai dan kondisi bagus juga berfungsi dengan baik.","Oxwalker","Indonesia","05-10-2026","02-19-2026","Pants","Barang sesuai dan kondisi bagus juga berfungsi dengan baik.","Barang sesuai dan kondisi bagus juga berfungsi dengan baik.","Unisex",,,"103314079955","Promo Samsung Galaxy A07 ( 4/64 4/128 6/128 8/256 ) Garansi Resmi Sein","Promo Samsung Galaxy A07 ( 4/64 4/128 6/128 8/256 ) Garansi Resmi Sein - A07 4/64 Black, No Bonus Cicil 0% 3x -  - Ini Toko Budi Shop | Tokopedia","Handphone","Android OS","5","1933764495","Product Review","",,"Tokopedia","Oxwalker","Promo Samsung Galaxy A07 ( 4/64 4/128 6/128 8/256 ) Garansi Resmi Sein",,"2026-Q1"
"https://www.tokopedia.com/ini-toko-budi-shop/samsung-galaxy-a07-4-64-4-128-6-128-8-256-garansi-resmi-sein-1729815001835537895-1735330887460881895?extParam=ivf%3Dtrue%26keyword%3Dsamsung+a07%26search_id%3D2026051013261194F6D7E04A4D452A9TDF%26src%3Dsearch&t_id=1778419236765&t_st=7&t_pp=search_result&t_efo=search_pure_goods_card&t_ef=goods_search&t_sm=&t_spt=search_result","oke, cumen aku kurang teliti aja baca varian, jadi ga dapet adapter nya , overal oke lah","oke, cumen aku kurang teliti aja baca varian, jadi ga dapet adapter nya , overal oke lah","Oxwalker","Indonesia","05-10-2026","01-02-2026","Pants","oke, cumen aku kurang teliti aja baca varian, jadi ga dapet adapter nya , overal oke lah","oke, cumen aku kurang teliti aja baca varian, jadi ga dapet adapter nya , overal oke lah","Unisex",,,"103314079955","Promo Samsung Galaxy A07 ( 4/64 4/128 6/128 8/256 ) Garansi Resmi Sein","Promo Samsung Galaxy A07 ( 4/64 4/128 6/128 8/256 ) Garansi Resmi Sein - A07 4/64 Black, No Bonus Cicil 0% 3x -  - Ini Toko Budi Shop | Tokopedia","Handphone","Android OS","5","1847695632","Product Review","",,"Tokopedia","Oxwalker","Promo Samsung Galaxy A07 ( 4/64 4/128 6/128 8/256 ) Garansi Resmi Sein",,"2026-Q1"
"https://www.tokopedia.com/ini-toko-budi-shop/samsung-galaxy-a07-4-64-4-128-6-128-8-256-garansi-resmi-sein-1729815001835537895-1735330887460881895?extParam=ivf%3Dtrue%26keyword%3Dsamsung+a07%26search_id%3D2026051013261194F6D7E04A4D452A9TDF%26src%3Dsearch&t_id=1778419236765&t_st=7&t_pp=search_result&t_efo=search_pure_goods_card&t_ef=goods_search&t_sm=&t_spt=search_result","barang udah sampai dengan selamat 👍
Terima kasih untuk penjualnya 🙏
Terima kasih juga untuk abang ojolnya 🙏
barang sesuai dengan keinginan 👍
Recommended deh seller nya 👍","barang udah sampai dengan selamat 👍
Terima kasih untuk penjualnya 🙏
Terima kasih juga untuk abang ojolnya 🙏
barang sesuai dengan keinginan 👍
Recommended deh seller nya 👍","Oxwalker","Indonesia","05-10-2026","11-18-2025","Pants","barang udah sampai dengan selamat 👍
Terima kasih untuk penjualnya 🙏
Terima kasih juga untuk abang ojolnya 🙏
barang sesuai dengan keinginan 👍
Recommended deh seller nya 👍","barang udah sampai dengan selamat 👍
Terima kasih untuk penjualnya 🙏
Terima kasih juga untuk abang ojolnya 🙏
barang sesuai dengan keinginan 👍
Recommended deh seller nya 👍","Unisex",,,"103314079955","Promo Samsung Galaxy A07 ( 4/64 4/128 6/128 8/256 ) Garansi Resmi Sein","Promo Samsung Galaxy A07 ( 4/64 4/128 6/128 8/256 ) Garansi Resmi Sein - A07 4/64 Black, No Bonus Cicil 0% 3x -  - Ini Toko Budi Shop | Tokopedia","Handphone","Android OS","5","1772952385","Product Review","",,"Tokopedia","Oxwalker","Promo Samsung Galaxy A07 ( 4/64 4/128 6/128 8/256 ) Garansi Resmi Sein",,"2025-Q4"
"https://www.tokopedia.com/ini-toko-budi-shop/samsung-galaxy-a07-4-64-4-128-6-128-8-256-garansi-resmi-sein-1729815001835537895-1735330887460881895?extParam=ivf%3Dtrue%26keyword%3Dsamsung+a07%26search_id%3D2026051013261194F6D7E04A4D452A9TDF%26src%3Dsearch&t_id=1778419236765&t_st=7&t_pp=search_result&t_efo=search_pure_goods_card&t_ef=goods_search&t_sm=&t_spt=search_result","Aseek paket yg ditunggu sdh datang tapi baru smpat buka dan Alhamdulillah sesuai ekspektasi, barang sesuai deskripsi ori 100%,trimakasih seller semoga usahanya berkah jg lancar selalu 🤲😊🙏","Aseek paket yg ditunggu sdh datang tapi baru smpat buka dan Alhamdulillah sesuai ekspektasi, barang sesuai deskripsi ori 100%,trimakasih seller semoga usahanya berkah jg lancar selalu 🤲😊🙏","Oxwalker","Indonesia","05-10-2026","04-19-2026","Pants","Aseek paket yg ditunggu sdh datang tapi baru smpat buka dan Alhamdulillah sesuai ekspektasi, barang sesuai deskripsi ori 100%,trimakasih seller semoga usahanya berkah jg lancar selalu 🤲😊🙏","Aseek paket yg ditunggu sdh datang tapi baru smpat buka dan Alhamdulillah sesuai ekspektasi, barang sesuai deskripsi ori 100%,trimakasih seller semoga usahanya berkah jg lancar selalu 🤲😊🙏","Unisex",,,"103314079955","Promo Samsung Galaxy A07 ( 4/64 4/128 6/128 8/256 ) Garansi Resmi Sein","Promo Samsung Galaxy A07 ( 4/64 4/128 6/128 8/256 ) Garansi Resmi Sein - A07 4/64 Black, No Bonus Cicil 0% 3x -  - Ini Toko Budi Shop | Tokopedia","Handphone","Android OS","5","2053454453","Product Review","",,"Tokopedia","Oxwalker","Promo Samsung Galaxy A07 ( 4/64 4/128 6/128 8/256 ) Garansi Resmi Sein",,"2026-Q2"
"https://www.tokopedia.com/ini-toko-budi-shop/samsung-galaxy-a07-4-64-4-128-6-128-8-256-garansi-resmi-sein-1729815001835537895-1735330887460881895?extParam=ivf%3Dtrue%26keyword%3Dsamsung+a07%26search_id%3D2026051013261194F6D7E04A4D452A9TDF%26src%3Dsearch&t_id=1778419236765&t_st=7&t_pp=search_result&t_efo=search_pure_goods_card&t_ef=goods_search&t_sm=&t_spt=search_result","pengiriman cepat, harga murah, dapat bonus adaptor charger dan gratis kirim instant... barang sesuai dan segel","pengiriman cepat, harga murah, dapat bonus adaptor charger dan gratis kirim instant... barang sesuai dan segel","Oxwalker","Indonesia","05-10-2026","09-21-2025","Pants","pengiriman cepat, harga murah, dapat bonus adaptor charger dan gratis kirim instant... barang sesuai dan segel","pengiriman cepat, harga murah, dapat bonus adaptor charger dan gratis kirim instant... barang sesuai dan segel","Unisex",,,"103314079955","Promo Samsung Galaxy A07 ( 4/64 4/128 6/128 8/256 ) Garansi Resmi Sein","Promo Samsung Galaxy A07 ( 4/64 4/128 6/128 8/256 ) Garansi Resmi Sein - A07 4/64 Black, No Bonus Cicil 0% 3x -  - Ini Toko Budi Shop | Tokopedia","Handphone","Android OS","5","1688050695","Product Review","",,"Tokopedia","Oxwalker","Promo Samsung Galaxy A07 ( 4/64 4/128 6/128 8/256 ) Garansi Resmi Sein",,"2025-Q3"
"https://www.tokopedia.com/ini-toko-budi-shop/samsung-galaxy-a07-4-64-4-128-6-128-8-256-garansi-resmi-sein-1729815001835537895-1735330887460881895?extParam=ivf%3Dtrue%26keyword%3Dsamsung+a07%26search_id%3D2026051013261194F6D7E04A4D452A9TDF%26src%3Dsearch&t_id=1778419236765&t_st=7&t_pp=search_result&t_efo=search_pure_goods_card&t_ef=goods_search&t_sm=&t_spt=search_result","barang masih d segel. original. cepat pula pengiriman nya.  pesan jumat sore. sabtu siang udah dateng dari jkt ke serang banten. thanks. toko nya amanah.","barang masih d segel. original. cepat pula pengiriman nya.  pesan jumat sore. sabtu siang udah dateng dari jkt ke serang banten. thanks. toko nya amanah.","Oxwalker","Indonesia","05-10-2026","11-01-2025","Pants","barang masih d segel. original. cepat pula pengiriman nya.  pesan jumat sore. sabtu siang udah dateng dari jkt ke serang banten. thanks. toko nya amanah.","barang masih d segel. original. cepat pula pengiriman nya.  pesan jumat sore. sabtu siang udah dateng dari jkt ke serang banten. thanks. toko nya amanah.","Unisex",,,"103314079955","Promo Samsung Galaxy A07 ( 4/64 4/128 6/128 8/256 ) Garansi Resmi Sein","Promo Samsung Galaxy A07 ( 4/64 4/128 6/128 8/256 ) Garansi Resmi Sein - A07 4/64 Black, No Bonus Cicil 0% 3x -  - Ini Toko Budi Shop | Tokopedia","Handphone","Android OS","5","1745837268","Product Review","",,"Tokopedia","Oxwalker","Promo Samsung Galaxy A07 ( 4/64 4/128 6/128 8/256 ) Garansi Resmi Sein",,"2025-Q4"
"https://www.tokopedia.com/ini-toko-budi-shop/samsung-galaxy-a07-4-64-4-128-6-128-8-256-garansi-resmi-sein-1729815001835537895-1735330887460881895?extParam=ivf%3Dtrue%26keyword%3Dsamsung+a07%26search_id%3D2026051013261194F6D7E04A4D452A9TDF%26src%3Dsearch&t_id=1778419236765&t_st=7&t_pp=search_result&t_efo=search_pure_goods_card&t_ef=goods_search&t_sm=&t_spt=search_result","terimakasih barang diterima dengan baik sesuai dengan pesanan","terimakasih barang diterima dengan baik sesuai dengan pesanan","Oxwalker","Indonesia","05-10-2026","12-04-2025","Pants","terimakasih barang diterima dengan baik sesuai dengan pesanan","terimakasih barang diterima dengan baik sesuai dengan pesanan","Unisex",,,"103314079955","Promo Samsung Galaxy A07 ( 4/64 4/128 6/128 8/256 ) Garansi Resmi Sein","Promo Samsung Galaxy A07 ( 4/64 4/128 6/128 8/256 ) Garansi Resmi Sein - A07 4/64 Black, No Bonus Cicil 0% 3x -  - Ini Toko Budi Shop | Tokopedia","Handphone","Android OS","5","1796532923","Product Review","",,"Tokopedia","Oxwalker","Promo Samsung Galaxy A07 ( 4/64 4/128 6/128 8/256 ) Garansi Resmi Sein",,"2025-Q4"
"https://www.tokopedia.com/ini-toko-budi-shop/samsung-galaxy-a07-4-64-4-128-6-128-8-256-garansi-resmi-sein-1729815001835537895-1735330887460881895?extParam=ivf%3Dtrue%26keyword%3Dsamsung+a07%26search_id%3D2026051013261194F6D7E04A4D452A9TDF%26src%3Dsearch&t_id=1778419236765&t_st=7&t_pp=search_result&t_efo=search_pure_goods_card&t_ef=goods_search&t_sm=&t_spt=search_result","Barang masih segel jos, sangat baik, pengiriman sangat baik. Seller amanah jos Top.","Barang masih segel jos, sangat baik, pengiriman sangat baik. Seller amanah jos Top.","Oxwalker","Indonesia","05-10-2026","12-27-2025","Pants","Barang masih segel jos, sangat baik, pengiriman sangat baik. Seller amanah jos Top.","Barang masih segel jos, sangat baik, pengiriman sangat baik. Seller amanah jos Top.","Unisex",,,"103314079955","Promo Samsung Galaxy A07 ( 4/64 4/128 6/128 8/256 ) Garansi Resmi Sein","Promo Samsung Galaxy A07 ( 4/64 4/128 6/128 8/256 ) Garansi Resmi Sein - A07 4/64 Black, No Bonus Cicil 0% 3x -  - Ini Toko Budi Shop | Tokopedia","Handphone","Android OS","5","1837006136","Product Review","",,"Tokopedia","Oxwalker","Promo Samsung Galaxy A07 ( 4/64 4/128 6/128 8/256 ) Garansi Resmi Sein",,"2025-Q4"
"https://www.tokopedia.com/ini-toko-budi-shop/samsung-galaxy-a07-4-64-4-128-6-128-8-256-garansi-resmi-sein-1729815001835537895-1735330887460881895?extParam=ivf%3Dtrue%26keyword%3Dsamsung+a07%26search_id%3D2026051013261194F6D7E04A4D452A9TDF%26src%3Dsearch&t_id=1778419236765&t_st=7&t_pp=search_result&t_efo=search_pure_goods_card&t_ef=goods_search&t_sm=&t_spt=search_result","respon cepat, produk segel blom dinyalain, pengiriman cepat","respon cepat, produk segel blom dinyalain, pengiriman cepat","Oxwalker","Indonesia","05-10-2026","12-03-2025","Pants","respon cepat, produk segel blom dinyalain, pengiriman cepat","respon cepat, produk segel blom dinyalain, pengiriman cepat","Unisex",,,"103314079955","Promo Samsung Galaxy A07 ( 4/64 4/128 6/128 8/256 ) Garansi Resmi Sein","Promo Samsung Galaxy A07 ( 4/64 4/128 6/128 8/256 ) Garansi Resmi Sein - A07 4/64 Black, No Bonus Cicil 0% 3x -  - Ini Toko Budi Shop | Tokopedia","Handphone","Android OS","5","1795109333","Product Review","",,"Tokopedia","Oxwalker","Promo Samsung Galaxy A07 ( 4/64 4/128 6/128 8/256 ) Garansi Resmi Sein",,"2025-Q4"
"https://www.tokopedia.com/ini-toko-budi-shop/samsung-galaxy-a07-4-64-4-128-6-128-8-256-garansi-resmi-sein-1729815001835537895-1735330887460881895?extParam=ivf%3Dtrue%26keyword%3Dsamsung+a07%26search_id%3D2026051013261194F6D7E04A4D452A9TDF%26src%3Dsearch&t_id=1778419236765&t_st=7&t_pp=search_result&t_efo=search_pure_goods_card&t_ef=goods_search&t_sm=&t_spt=search_result","Barang berfungsi dg baik, original, seller top, recommend 
pengiriman cepat sampai","Barang berfungsi dg baik, original, seller top, recommend 
pengiriman cepat sampai","Oxwalker","Indonesia","05-10-2026","11-14-2025","Pants","Barang berfungsi dg baik, original, seller top, recommend 
pengiriman cepat sampai","Barang berfungsi dg baik, original, seller top, recommend 
pengiriman cepat sampai","Unisex",,,"103314079955","Promo Samsung Galaxy A07 ( 4/64 4/128 6/128 8/256 ) Garansi Resmi Sein","Promo Samsung Galaxy A07 ( 4/64 4/128 6/128 8/256 ) Garansi Resmi Sein - A07 4/64 Black, No Bonus Cicil 0% 3x -  - Ini Toko Budi Shop | Tokopedia","Handphone","Android OS","5","1766534235","Product Review","",,"Tokopedia","Oxwalker","Promo Samsung Galaxy A07 ( 4/64 4/128 6/128 8/256 ) Garansi Resmi Sein",,"2025-Q4"
"https://www.tokopedia.com/ini-toko-budi-shop/samsung-galaxy-a07-4-64-4-128-6-128-8-256-garansi-resmi-sein-1729815001835537895-1735330887460881895?extParam=ivf%3Dtrue%26keyword%3Dsamsung+a07%26search_id%3D2026051013261194F6D7E04A4D452A9TDF%26src%3Dsearch&t_id=1778419236765&t_st=7&t_pp=search_result&t_efo=search_pure_goods_card&t_ef=goods_search&t_sm=&t_spt=search_result","Barang sampai dengan selamat kaka cuman ada keterlambatan estimasi waktu sampai...tapi ga masalah lah...matursuwun","Barang sampai dengan selamat kaka cuman ada keterlambatan estimasi waktu sampai...tapi ga masalah lah...matursuwun","Oxwalker","Indonesia","05-10-2026","05-06-2026","Pants","Barang sampai dengan selamat kaka cuman ada keterlambatan estimasi waktu sampai...tapi ga masalah lah...matursuwun","Barang sampai dengan selamat kaka cuman ada keterlambatan estimasi waktu sampai...tapi ga masalah lah...matursuwun","Unisex",,,"103314079955","Promo Samsung Galaxy A07 ( 4/64 4/128 6/128 8/256 ) Garansi Resmi Sein","Promo Samsung Galaxy A07 ( 4/64 4/128 6/128 8/256 ) Garansi Resmi Sein - A07 4/64 Black, No Bonus Cicil 0% 3x -  - Ini Toko Budi Shop | Tokopedia","Handphone","Android OS","5","2084436967","Product Review","",,"Tokopedia","Oxwalker","Promo Samsung Galaxy A07 ( 4/64 4/128 6/128 8/256 ) Garansi Resmi Sein",,"2026-Q2"
"https://www.tokopedia.com/ini-toko-budi-shop/samsung-galaxy-a07-4-64-4-128-6-128-8-256-garansi-resmi-sein-1729815001835537895-1735330887460881895?extParam=ivf%3Dtrue%26keyword%3Dsamsung+a07%26search_id%3D2026051013261194F6D7E04A4D452A9TDF%26src%3Dsearch&t_id=1778419236765&t_st=7&t_pp=search_result&t_efo=search_pure_goods_card&t_ef=goods_search&t_sm=&t_spt=search_result","Barang masih baru, masih disegel resmi dan lengkap. Terima kasih.","Barang masih baru, masih disegel resmi dan lengkap. Terima kasih.","Oxwalker","Indonesia","05-10-2026","01-23-2026","Pants","Barang masih baru, masih disegel resmi dan lengkap. Terima kasih.","Barang masih baru, masih disegel resmi dan lengkap. Terima kasih.","Unisex",,,"103314079955","Promo Samsung Galaxy A07 ( 4/64 4/128 6/128 8/256 ) Garansi Resmi Sein","Promo Samsung Galaxy A07 ( 4/64 4/128 6/128 8/256 ) Garansi Resmi Sein - A07 4/64 Black, No Bonus Cicil 0% 3x -  - Ini Toko Budi Shop | Tokopedia","Handphone","Android OS","5","1883137250","Product Review","",,"Tokopedia","Oxwalker","Promo Samsung Galaxy A07 ( 4/64 4/128 6/128 8/256 ) Garansi Resmi Sein",,"2026-Q1"
"https://www.tokopedia.com/ini-toko-budi-shop/samsung-galaxy-a07-4-64-4-128-6-128-8-256-garansi-resmi-sein-1729815001835537895-1735330887460881895?extParam=ivf%3Dtrue%26keyword%3Dsamsung+a07%26search_id%3D2026051013261194F6D7E04A4D452A9TDF%26src%3Dsearch&t_id=1778419236765&t_st=7&t_pp=search_result&t_efo=search_pure_goods_card&t_ef=goods_search&t_sm=&t_spt=search_result","Barang cepat dikirim dan sesuai pesanan... mantab tks semoga awet","Barang cepat dikirim dan sesuai pesanan... mantab tks semoga awet","Oxwalker","Indonesia","05-10-2026","12-23-2025","Pants","Barang cepat dikirim dan sesuai pesanan... mantab tks semoga awet","Barang cepat dikirim dan sesuai pesanan... mantab tks semoga awet","Unisex",,,"103314079955","Promo Samsung Galaxy A07 ( 4/64 4/128 6/128 8/256 ) Garansi Resmi Sein","Promo Samsung Galaxy A07 ( 4/64 4/128 6/128 8/256 ) Garansi Resmi Sein - A07 4/64 Black, No Bonus Cicil 0% 3x -  - Ini Toko Budi Shop | Tokopedia","Handphone","Android OS","5","1829953987","Product Review","",,"Tokopedia","Oxwalker","Promo Samsung Galaxy A07 ( 4/64 4/128 6/128 8/256 ) Garansi Resmi Sein",,"2025-Q4"
"https://www.tokopedia.com/ini-toko-budi-shop/samsung-galaxy-a07-4-64-4-128-6-128-8-256-garansi-resmi-sein-1729815001835537895-1735330887460881895?extParam=ivf%3Dtrue%26keyword%3Dsamsung+a07%26search_id%3D2026051013261194F6D7E04A4D452A9TDF%26src%3Dsearch&t_id=1778419236765&t_st=7&t_pp=search_result&t_efo=search_pure_goods_card&t_ef=goods_search&t_sm=&t_spt=search_result","Paketnya sudah smpai dngn baik packingan rapi,bagus smoga awet dan tahan lama","Paketnya sudah smpai dngn baik packingan rapi,bagus smoga awet dan tahan lama","Oxwalker","Indonesia","05-10-2026","05-04-2026","Pants","Paketnya sudah smpai dngn baik packingan rapi,bagus smoga awet dan tahan lama","Paketnya sudah smpai dngn baik packingan rapi,bagus smoga awet dan tahan lama","Unisex",,,"103314079955","Promo Samsung Galaxy A07 ( 4/64 4/128 6/128 8/256 ) Garansi Resmi Sein","Promo Samsung Galaxy A07 ( 4/64 4/128 6/128 8/256 ) Garansi Resmi Sein - A07 4/64 Black, No Bonus Cicil 0% 3x -  - Ini Toko Budi Shop | Tokopedia","Handphone","Android OS","5","2079665632","Product Review","",,"Tokopedia","Oxwalker","Promo Samsung Galaxy A07 ( 4/64 4/128 6/128 8/256 ) Garansi Resmi Sein",,"2026-Q2"
"https://www.tokopedia.com/ini-toko-budi-shop/samsung-galaxy-a07-4-64-4-128-6-128-8-256-garansi-resmi-sein-1729815001835537895-1735330887460881895?extParam=ivf%3Dtrue%26keyword%3Dsamsung+a07%26search_id%3D2026051013261194F6D7E04A4D452A9TDF%26src%3Dsearch&t_id=1778419236765&t_st=7&t_pp=search_result&t_efo=search_pure_goods_card&t_ef=goods_search&t_sm=&t_spt=search_result","Alhamdulillah barang smpe dengan selamat, cpt ,tdk ada halangan 
Dn barang di cek normal semua . Smga awett","Alhamdulillah barang smpe dengan selamat, cpt ,tdk ada halangan 
Dn barang di cek normal semua . Smga awett","Oxwalker","Indonesia","05-10-2026","08-31-2025","Pants","Alhamdulillah barang smpe dengan selamat, cpt ,tdk ada halangan 
Dn barang di cek normal semua . Smga awett","Alhamdulillah barang smpe dengan selamat, cpt ,tdk ada halangan 
Dn barang di cek normal semua . Smga awett","Unisex",,,"103314079955","Promo Samsung Galaxy A07 ( 4/64 4/128 6/128 8/256 ) Garansi Resmi Sein","Promo Samsung Galaxy A07 ( 4/64 4/128 6/128 8/256 ) Garansi Resmi Sein - A07 4/64 Black, No Bonus Cicil 0% 3x -  - Ini Toko Budi Shop | Tokopedia","Handphone","Android OS","5","1654668371","Product Review","",,"Tokopedia","Oxwalker","Promo Samsung Galaxy A07 ( 4/64 4/128 6/128 8/256 ) Garansi Resmi Sein",,"2025-Q3"
"https://www.tokopedia.com/ini-toko-budi-shop/samsung-galaxy-a07-4-64-4-128-6-128-8-256-garansi-resmi-sein-1729815001835537895-1735330887460881895?extParam=ivf%3Dtrue%26keyword%3Dsamsung+a07%26search_id%3D2026051013261194F6D7E04A4D452A9TDF%26src%3Dsearch&t_id=1778419236765&t_st=7&t_pp=search_result&t_efo=search_pure_goods_card&t_ef=goods_search&t_sm=&t_spt=search_result","packing aman, dengan bubble wrap dan kardus tambahan. handphone terjaga baik sampai diterima","packing aman, dengan bubble wrap dan kardus tambahan. handphone terjaga baik sampai diterima","Oxwalker","Indonesia","05-10-2026","09-11-2025","Pants","packing aman, dengan bubble wrap dan kardus tambahan. handphone terjaga baik sampai diterima","packing aman, dengan bubble wrap dan kardus tambahan. handphone terjaga baik sampai diterima","Unisex",,,"103314079955","Promo Samsung Galaxy A07 ( 4/64 4/128 6/128 8/256 ) Garansi Resmi Sein","Promo Samsung Galaxy A07 ( 4/64 4/128 6/128 8/256 ) Garansi Resmi Sein - A07 4/64 Black, No Bonus Cicil 0% 3x -  - Ini Toko Budi Shop | Tokopedia","Handphone","Android OS","5","1673102803","Product Review","",,"Tokopedia","Oxwalker","Promo Samsung Galaxy A07 ( 4/64 4/128 6/128 8/256 ) Garansi Resmi Sein",,"2025-Q3"
"https://www.tokopedia.com/ini-toko-budi-shop/samsung-galaxy-a07-4-64-4-128-6-128-8-256-garansi-resmi-sein-1729815001835537895-1735330887460881895?extParam=ivf%3Dtrue%26keyword%3Dsamsung+a07%26search_id%3D2026051013261194F6D7E04A4D452A9TDF%26src%3Dsearch&t_id=1778419236765&t_st=7&t_pp=search_result&t_efo=search_pure_goods_card&t_ef=goods_search&t_sm=&t_spt=search_result","Barang ori bagus. hasil kamera tajem jernih. packing aman.mksh","Barang ori bagus. hasil kamera tajem jernih. packing aman.mksh","Oxwalker","Indonesia","05-10-2026","10-11-2025","Pants","Barang ori bagus. hasil kamera tajem jernih. packing aman.mksh","Barang ori bagus. hasil kamera tajem jernih. packing aman.mksh","Unisex",,,"103314079955","Promo Samsung Galaxy A07 ( 4/64 4/128 6/128 8/256 ) Garansi Resmi Sein","Promo Samsung Galaxy A07 ( 4/64 4/128 6/128 8/256 ) Garansi Resmi Sein - A07 4/64 Black, No Bonus Cicil 0% 3x -  - Ini Toko Budi Shop | Tokopedia","Handphone","Android OS","5","1716125013","Product Review","",,"Tokopedia","Oxwalker","Promo Samsung Galaxy A07 ( 4/64 4/128 6/128 8/256 ) Garansi Resmi Sein",,"2025-Q4"
"https://www.tokopedia.com/ini-toko-budi-shop/samsung-galaxy-a07-4-64-4-128-6-128-8-256-garansi-resmi-sein-1729815001835537895-1735330887460881895?extParam=ivf%3Dtrue%26keyword%3Dsamsung+a07%26search_id%3D2026051013261194F6D7E04A4D452A9TDF%26src%3Dsearch&t_id=1778419236765&t_st=7&t_pp=search_result&t_efo=search_pure_goods_card&t_ef=goods_search&t_sm=&t_spt=search_result","Kualitas pengerjaan: Super rapih
Kejernihan lensa: Bagus bangettt","Kualitas pengerjaan: Super rapih
Kejernihan lensa: Bagus bangettt","Oxwalker","Indonesia","05-10-2026","10-01-2025","Pants","Kualitas pengerjaan: Super rapih
Kejernihan lensa: Bagus bangettt","Kualitas pengerjaan: Super rapih
Kejernihan lensa: Bagus bangettt","Unisex",,,"103314079955","Promo Samsung Galaxy A07 ( 4/64 4/128 6/128 8/256 ) Garansi Resmi Sein","Promo Samsung Galaxy A07 ( 4/64 4/128 6/128 8/256 ) Garansi Resmi Sein - A07 4/64 Black, No Bonus Cicil 0% 3x -  - Ini Toko Budi Shop | Tokopedia","Handphone","Android OS","5","1701250504","Product Review","",,"Tokopedia","Oxwalker","Promo Samsung Galaxy A07 ( 4/64 4/128 6/128 8/256 ) Garansi Resmi Sein",,"2025-Q4"
"https://www.tokopedia.com/ini-toko-budi-shop/samsung-galaxy-a07-4-64-4-128-6-128-8-256-garansi-resmi-sein-1729815001835537895-1735330887460881895?extParam=ivf%3Dtrue%26keyword%3Dsamsung+a07%26search_id%3D2026051013261194F6D7E04A4D452A9TDF%26src%3Dsearch&t_id=1778419236765&t_st=7&t_pp=search_result&t_efo=search_pure_goods_card&t_ef=goods_search&t_sm=&t_spt=search_result","bagus bgt warnanya
packing rapi
pengiriman cpt
segel dan bergaransi","bagus bgt warnanya
packing rapi
pengiriman cpt
segel dan bergaransi","Oxwalker","Indonesia","05-10-2026","10-02-2025","Pants","bagus bgt warnanya
packing rapi
pengiriman cpt
segel dan bergaransi","bagus bgt warnanya
packing rapi
pengiriman cpt
segel dan bergaransi","Unisex",,,"103314079955","Promo Samsung Galaxy A07 ( 4/64 4/128 6/128 8/256 ) Garansi Resmi Sein","Promo Samsung Galaxy A07 ( 4/64 4/128 6/128 8/256 ) Garansi Resmi Sein - A07 4/64 Black, No Bonus Cicil 0% 3x -  - Ini Toko Budi Shop | Tokopedia","Handphone","Android OS","5","1702569797","Product Review","",,"Tokopedia","Oxwalker","Promo Samsung Galaxy A07 ( 4/64 4/128 6/128 8/256 ) Garansi Resmi Sein",,"2025-Q4"
"https://www.tokopedia.com/ini-toko-budi-shop/samsung-galaxy-a07-4-64-4-128-6-128-8-256-garansi-resmi-sein-1729815001835537895-1735330887460881895?extParam=ivf%3Dtrue%26keyword%3Dsamsung+a07%26search_id%3D2026051013261194F6D7E04A4D452A9TDF%26src%3Dsearch&t_id=1778419236765&t_st=7&t_pp=search_result&t_efo=search_pure_goods_card&t_ef=goods_search&t_sm=&t_spt=search_result","barang sesuai pesanan...packing rapih dan pengiriman cepat...HP nya lancar jaya mudah mudahan awet..terima kasih dan sukses selalu","barang sesuai pesanan...packing rapih dan pengiriman cepat...HP nya lancar jaya mudah mudahan awet..terima kasih dan sukses selalu","Oxwalker","Indonesia","05-10-2026","09-22-2025","Pants","barang sesuai pesanan...packing rapih dan pengiriman cepat...HP nya lancar jaya mudah mudahan awet..terima kasih dan sukses selalu","barang sesuai pesanan...packing rapih dan pengiriman cepat...HP nya lancar jaya mudah mudahan awet..terima kasih dan sukses selalu","Unisex",,,"103314079955","Promo Samsung Galaxy A07 ( 4/64 4/128 6/128 8/256 ) Garansi Resmi Sein","Promo Samsung Galaxy A07 ( 4/64 4/128 6/128 8/256 ) Garansi Resmi Sein - A07 4/64 Black, No Bonus Cicil 0% 3x -  - Ini Toko Budi Shop | Tokopedia","Handphone","Android OS","5","1688852287","Product Review","",,"Tokopedia","Oxwalker","Promo Samsung Galaxy A07 ( 4/64 4/128 6/128 8/256 ) Garansi Resmi Sein",,"2025-Q3"
"https://www.tokopedia.com/ini-toko-budi-shop/samsung-galaxy-a07-4-64-4-128-6-128-8-256-garansi-resmi-sein-1729815001835537895-1735330887460881895?extParam=ivf%3Dtrue%26keyword%3Dsamsung+a07%26search_id%3D2026051013261194F6D7E04A4D452A9TDF%26src%3Dsearch&t_id=1778419236765&t_st=7&t_pp=search_result&t_efo=search_pure_goods_card&t_ef=goods_search&t_sm=&t_spt=search_result","Cakep sekali, makasih kak. Hp nya dalam keadaan baik sekali. Semuanya berfungsi dan packingnya kuat.","Cakep sekali, makasih kak. Hp nya dalam keadaan baik sekali. Semuanya berfungsi dan packingnya kuat.","Oxwalker","Indonesia","05-10-2026","02-27-2026","Pants","Cakep sekali, makasih kak. Hp nya dalam keadaan baik sekali. Semuanya berfungsi dan packingnya kuat.","Cakep sekali, makasih kak. Hp nya dalam keadaan baik sekali. Semuanya berfungsi dan packingnya kuat.","Unisex",,,"103314079955","Promo Samsung Galaxy A07 ( 4/64 4/128 6/128 8/256 ) Garansi Resmi Sein","Promo Samsung Galaxy A07 ( 4/64 4/128 6/128 8/256 ) Garansi Resmi Sein - A07 4/64 Black, No Bonus Cicil 0% 3x -  - Ini Toko Budi Shop | Tokopedia","Handphone","Android OS","5","1953207439","Product Review","",,"Tokopedia","Oxwalker","Promo Samsung Galaxy A07 ( 4/64 4/128 6/128 8/256 ) Garansi Resmi Sein",,"2026-Q1"
"https://www.tokopedia.com/ini-toko-budi-shop/samsung-galaxy-a07-4-64-4-128-6-128-8-256-garansi-resmi-sein-1729815001835537895-1735330887460881895?extParam=ivf%3Dtrue%26keyword%3Dsamsung+a07%26search_id%3D2026051013261194F6D7E04A4D452A9TDF%26src%3Dsearch&t_id=1778419236765&t_st=7&t_pp=search_result&t_efo=search_pure_goods_card&t_ef=goods_search&t_sm=&t_spt=search_result","Barang masih disegel saat datang. Pas dinyalakan batere 51%. Sampai sekarang tidak ada masalah.","Barang masih disegel saat datang. Pas dinyalakan batere 51%. Sampai sekarang tidak ada masalah.","Oxwalker","Indonesia","05-10-2026","06-03-2025","Pants","Barang masih disegel saat datang. Pas dinyalakan batere 51%. Sampai sekarang tidak ada masalah.","Barang masih disegel saat datang. Pas dinyalakan batere 51%. Sampai sekarang tidak ada masalah.","Unisex",,,"103314079955","Promo Samsung Galaxy A07 ( 4/64 4/128 6/128 8/256 ) Garansi Resmi Sein","Promo Samsung Galaxy A07 ( 4/64 4/128 6/128 8/256 ) Garansi Resmi Sein - A07 4/64 Black, No Bonus Cicil 0% 3x -  - Ini Toko Budi Shop | Tokopedia","Handphone","Android OS","5","1502080625","Product Review","",,"Tokopedia","Oxwalker","Promo Samsung Galaxy A07 ( 4/64 4/128 6/128 8/256 ) Garansi Resmi Sein",,"2025-Q2"
"https://www.tokopedia.com/ini-toko-budi-shop/samsung-galaxy-a07-4-64-4-128-6-128-8-256-garansi-resmi-sein-1729815001835537895-1735330887460881895?extParam=ivf%3Dtrue%26keyword%3Dsamsung+a07%26search_id%3D2026051013261194F6D7E04A4D452A9TDF%26src%3Dsearch&t_id=1778419236765&t_st=7&t_pp=search_result&t_efo=search_pure_goods_card&t_ef=goods_search&t_sm=&t_spt=search_result","barang telah diterima dengan baik. masih disegel. pengiriman cepat. sesuai dengan apa yang dipesan","barang telah diterima dengan baik. masih disegel. pengiriman cepat. sesuai dengan apa yang dipesan","Oxwalker","Indonesia","05-10-2026","09-28-2025","Pants","barang telah diterima dengan baik. masih disegel. pengiriman cepat. sesuai dengan apa yang dipesan","barang telah diterima dengan baik. masih disegel. pengiriman cepat. sesuai dengan apa yang dipesan","Unisex",,,"103314079955","Promo Samsung Galaxy A07 ( 4/64 4/128 6/128 8/256 ) Garansi Resmi Sein","Promo Samsung Galaxy A07 ( 4/64 4/128 6/128 8/256 ) Garansi Resmi Sein - A07 4/64 Black, No Bonus Cicil 0% 3x -  - Ini Toko Budi Shop | Tokopedia","Handphone","Android OS","5","1697610564","Product Review","",,"Tokopedia","Oxwalker","Promo Samsung Galaxy A07 ( 4/64 4/128 6/128 8/256 ) Garansi Resmi Sein",,"2025-Q3"
"https://www.tokopedia.com/ini-toko-budi-shop/samsung-galaxy-a07-4-64-4-128-6-128-8-256-garansi-resmi-sein-1729815001835537895-1735330887460881895?extParam=ivf%3Dtrue%26keyword%3Dsamsung+a07%26search_id%3D2026051013261194F6D7E04A4D452A9TDF%26src%3Dsearch&t_id=1778419236765&t_st=7&t_pp=search_result&t_efo=search_pure_goods_card&t_ef=goods_search&t_sm=&t_spt=search_result","segel aman, pengiriman dan respon penjual sama cepatnya, spek sesuai deskripsi","segel aman, pengiriman dan respon penjual sama cepatnya, spek sesuai deskripsi","Oxwalker","Indonesia","05-10-2026","10-23-2025","Pants","segel aman, pengiriman dan respon penjual sama cepatnya, spek sesuai deskripsi","segel aman, pengiriman dan respon penjual sama cepatnya, spek sesuai deskripsi","Unisex",,,"103314079955","Promo Samsung Galaxy A07 ( 4/64 4/128 6/128 8/256 ) Garansi Resmi Sein","Promo Samsung Galaxy A07 ( 4/64 4/128 6/128 8/256 ) Garansi Resmi Sein - A07 4/64 Black, No Bonus Cicil 0% 3x -  - Ini Toko Budi Shop | Tokopedia","Handphone","Android OS","5","1732568158","Product Review","",,"Tokopedia","Oxwalker","Promo Samsung Galaxy A07 ( 4/64 4/128 6/128 8/256 ) Garansi Resmi Sein",,"2025-Q4"
"https://www.tokopedia.com/ini-toko-budi-shop/samsung-galaxy-a07-4-64-4-128-6-128-8-256-garansi-resmi-sein-1729815001835537895-1735330887460881895?extParam=ivf%3Dtrue%26keyword%3Dsamsung+a07%26search_id%3D2026051013261194F6D7E04A4D452A9TDF%26src%3Dsearch&t_id=1778419236765&t_st=7&t_pp=search_result&t_efo=search_pure_goods_card&t_ef=goods_search&t_sm=&t_spt=search_result","Pesan langsung sampai hari yang sama, packing aman. Product sesuai deskripsi","Pesan langsung sampai hari yang sama, packing aman. Product sesuai deskripsi","Oxwalker","Indonesia","05-10-2026","09-30-2025","Pants","Pesan langsung sampai hari yang sama, packing aman. Product sesuai deskripsi","Pesan langsung sampai hari yang sama, packing aman. Product sesuai deskripsi","Unisex",,,"103314079955","Promo Samsung Galaxy A07 ( 4/64 4/128 6/128 8/256 ) Garansi Resmi Sein","Promo Samsung Galaxy A07 ( 4/64 4/128 6/128 8/256 ) Garansi Resmi Sein - A07 4/64 Black, No Bonus Cicil 0% 3x -  - Ini Toko Budi Shop | Tokopedia","Handphone","Android OS","5","1699920991","Product Review","",,"Tokopedia","Oxwalker","Promo Samsung Galaxy A07 ( 4/64 4/128 6/128 8/256 ) Garansi Resmi Sein",,"2025-Q3"
"https://www.tokopedia.com/ini-toko-budi-shop/samsung-galaxy-a07-4-64-4-128-6-128-8-256-garansi-resmi-sein-1729815001835537895-1735330887460881895?extParam=ivf%3Dtrue%26keyword%3Dsamsung+a07%26search_id%3D2026051013261194F6D7E04A4D452A9TDF%26src%3Dsearch&t_id=1778419236765&t_st=7&t_pp=search_result&t_efo=search_pure_goods_card&t_ef=goods_search&t_sm=&t_spt=search_result","sesuai harga pengiriman juga sesuai estimasi yang ada
Kejernihan lensa: jernih","sesuai harga pengiriman juga sesuai estimasi yang ada
Kejernihan lensa: jernih","Oxwalker","Indonesia","05-10-2026","02-21-2026","Pants","sesuai harga pengiriman juga sesuai estimasi yang ada
Kejernihan lensa: jernih","sesuai harga pengiriman juga sesuai estimasi yang ada
Kejernihan lensa: jernih","Unisex",,,"103314079955","Promo Samsung Galaxy A07 ( 4/64 4/128 6/128 8/256 ) Garansi Resmi Sein","Promo Samsung Galaxy A07 ( 4/64 4/128 6/128 8/256 ) Garansi Resmi Sein - A07 4/64 Black, No Bonus Cicil 0% 3x -  - Ini Toko Budi Shop | Tokopedia","Handphone","Android OS","5","1938162577","Product Review","",,"Tokopedia","Oxwalker","Promo Samsung Galaxy A07 ( 4/64 4/128 6/128 8/256 ) Garansi Resmi Sein",,"2026-Q1"
"https://www.tokopedia.com/ini-toko-budi-shop/samsung-galaxy-a07-4-64-4-128-6-128-8-256-garansi-resmi-sein-1729815001835537895-1735330887460881895?extParam=ivf%3Dtrue%26keyword%3Dsamsung+a07%26search_id%3D2026051013261194F6D7E04A4D452A9TDF%26src%3Dsearch&t_id=1778419236765&t_st=7&t_pp=search_result&t_efo=search_pure_goods_card&t_ef=goods_search&t_sm=&t_spt=search_result","pengiriman nya cepat, kurirnya sopan, terimakasih Tokopedia dan seller","pengiriman nya cepat, kurirnya sopan, terimakasih Tokopedia dan seller","Oxwalker","Indonesia","05-10-2026","12-01-2025","Pants","pengiriman nya cepat, kurirnya sopan, terimakasih Tokopedia dan seller","pengiriman nya cepat, kurirnya sopan, terimakasih Tokopedia dan seller","Unisex",,,"103314079955","Promo Samsung Galaxy A07 ( 4/64 4/128 6/128 8/256 ) Garansi Resmi Sein","Promo Samsung Galaxy A07 ( 4/64 4/128 6/128 8/256 ) Garansi Resmi Sein - A07 4/64 Black, No Bonus Cicil 0% 3x -  - Ini Toko Budi Shop | Tokopedia","Handphone","Android OS","5","1791441242","Product Review","",,"Tokopedia","Oxwalker","Promo Samsung Galaxy A07 ( 4/64 4/128 6/128 8/256 ) Garansi Resmi Sein",,"2025-Q4"
"https://www.tokopedia.com/ini-toko-budi-shop/samsung-galaxy-a07-4-64-4-128-6-128-8-256-garansi-resmi-sein-1729815001835537895-1735330887460881895?extParam=ivf%3Dtrue%26keyword%3Dsamsung+a07%26search_id%3D2026051013261194F6D7E04A4D452A9TDF%26src%3Dsearch&t_id=1778419236765&t_st=7&t_pp=search_result&t_efo=search_pure_goods_card&t_ef=goods_search&t_sm=&t_spt=search_result","produk sudah diterima, secara umum sesuai, maksou seller, semoga awet dan semoga berkah, makasih juga abang kurir nya.","produk sudah diterima, secara umum sesuai, maksou seller, semoga awet dan semoga berkah, makasih juga abang kurir nya.","Oxwalker","Indonesia","05-10-2026","06-15-2025","Pants","produk sudah diterima, secara umum sesuai, maksou seller, semoga awet dan semoga berkah, makasih juga abang kurir nya.","produk sudah diterima, secara umum sesuai, maksou seller, semoga awet dan semoga berkah, makasih juga abang kurir nya.","Unisex",,,"103314079955","Promo Samsung Galaxy A07 ( 4/64 4/128 6/128 8/256 ) Garansi Resmi Sein","Promo Samsung Galaxy A07 ( 4/64 4/128 6/128 8/256 ) Garansi Resmi Sein - A07 4/64 Black, No Bonus Cicil 0% 3x -  - Ini Toko Budi Shop | Tokopedia","Handphone","Android OS","5","1524656220","Product Review","",,"Tokopedia","Oxwalker","Promo Samsung Galaxy A07 ( 4/64 4/128 6/128 8/256 ) Garansi Resmi Sein",,"2025-Q2"
"https://www.tokopedia.com/ini-toko-budi-shop/samsung-galaxy-a07-4-64-4-128-6-128-8-256-garansi-resmi-sein-1729815001835537895-1735330887460881895?extParam=ivf%3Dtrue%26keyword%3Dsamsung+a07%26search_id%3D2026051013261194F6D7E04A4D452A9TDF%26src%3Dsearch&t_id=1778419236765&t_st=7&t_pp=search_result&t_efo=search_pure_goods_card&t_ef=goods_search&t_sm=&t_spt=search_result","pengiriman nya cepat, kurirnya sopan, terimakasih Tokopedia dan seller","pengiriman nya cepat, kurirnya sopan, terimakasih Tokopedia dan seller","Oxwalker","Indonesia","05-10-2026","03-03-2026","Pants","pengiriman nya cepat, kurirnya sopan, terimakasih Tokopedia dan seller","pengiriman nya cepat, kurirnya sopan, terimakasih Tokopedia dan seller","Unisex",,,"103314079955","Promo Samsung Galaxy A07 ( 4/64 4/128 6/128 8/256 ) Garansi Resmi Sein","Promo Samsung Galaxy A07 ( 4/64 4/128 6/128 8/256 ) Garansi Resmi Sein - A07 4/64 Black, No Bonus Cicil 0% 3x -  - Ini Toko Budi Shop | Tokopedia","Handphone","Android OS","5","1963915262","Product Review","",,"Tokopedia","Oxwalker","Promo Samsung Galaxy A07 ( 4/64 4/128 6/128 8/256 ) Garansi Resmi Sein",,"2026-Q1"
"https://www.tokopedia.com/ini-toko-budi-shop/samsung-galaxy-a07-4-64-4-128-6-128-8-256-garansi-resmi-sein-1729815001835537895-1735330887460881895?extParam=ivf%3Dtrue%26keyword%3Dsamsung+a07%26search_id%3D2026051013261194F6D7E04A4D452A9TDF%26src%3Dsearch&t_id=1778419236765&t_st=7&t_pp=search_result&t_efo=search_pure_goods_card&t_ef=goods_search&t_sm=&t_spt=search_result","seller responsip.. pengiriman cepat.. barang sesuai pesanan.. packing rapi.. toko amanah.. recomended bngt....
Jangan ragu belanja di toko ini","seller responsip.. pengiriman cepat.. barang sesuai pesanan.. packing rapi.. toko amanah.. recomended bngt....
Jangan ragu belanja di toko ini","Oxwalker","Indonesia","05-10-2026","05-06-2026","Pants","seller responsip.. pengiriman cepat.. barang sesuai pesanan.. packing rapi.. toko amanah.. recomended bngt....
Jangan ragu belanja di toko ini","seller responsip.. pengiriman cepat.. barang sesuai pesanan.. packing rapi.. toko amanah.. recomended bngt....
Jangan ragu belanja di toko ini","Unisex",,,"103314079955","Promo Samsung Galaxy A07 ( 4/64 4/128 6/128 8/256 ) Garansi Resmi Sein","Promo Samsung Galaxy A07 ( 4/64 4/128 6/128 8/256 ) Garansi Resmi Sein - A07 4/64 Black, No Bonus Cicil 0% 3x -  - Ini Toko Budi Shop | Tokopedia","Handphone","Android OS","5","2083588956","Product Review","",,"Tokopedia","Oxwalker","Promo Samsung Galaxy A07 ( 4/64 4/128 6/128 8/256 ) Garansi Resmi Sein",,"2026-Q2"
"https://www.tokopedia.com/ini-toko-budi-shop/samsung-galaxy-a07-4-64-4-128-6-128-8-256-garansi-resmi-sein-1729815001835537895-1735330887460881895?extParam=ivf%3Dtrue%26keyword%3Dsamsung+a07%26search_id%3D2026051013261194F6D7E04A4D452A9TDF%26src%3Dsearch&t_id=1778419236765&t_st=7&t_pp=search_result&t_efo=search_pure_goods_card&t_ef=goods_search&t_sm=&t_spt=search_result","mantap banget cuy harga segini dapet spek 2 jutaan mana pengirimannya cepet banget sisanya aman no problem Josslah pokoknya","mantap banget cuy harga segini dapet spek 2 jutaan mana pengirimannya cepet banget sisanya aman no problem Josslah pokoknya","Oxwalker","Indonesia","05-10-2026","09-22-2025","Pants","mantap banget cuy harga segini dapet spek 2 jutaan mana pengirimannya cepet banget sisanya aman no problem Josslah pokoknya","mantap banget cuy harga segini dapet spek 2 jutaan mana pengirimannya cepet banget sisanya aman no problem Josslah pokoknya","Unisex",,,"103314079955","Promo Samsung Galaxy A07 ( 4/64 4/128 6/128 8/256 ) Garansi Resmi Sein","Promo Samsung Galaxy A07 ( 4/64 4/128 6/128 8/256 ) Garansi Resmi Sein - A07 4/64 Black, No Bonus Cicil 0% 3x -  - Ini Toko Budi Shop | Tokopedia","Handphone","Android OS","5","1689279419","Product Review","",,"Tokopedia","Oxwalker","Promo Samsung Galaxy A07 ( 4/64 4/128 6/128 8/256 ) Garansi Resmi Sein",,"2025-Q3"
"https://www.tokopedia.com/ini-toko-budi-shop/samsung-galaxy-a07-4-64-4-128-6-128-8-256-garansi-resmi-sein-1729815001835537895-1735330887460881895?extParam=ivf%3Dtrue%26keyword%3Dsamsung+a07%26search_id%3D2026051013261194F6D7E04A4D452A9TDF%26src%3Dsearch&t_id=1778419236765&t_st=7&t_pp=search_result&t_efo=search_pure_goods_card&t_ef=goods_search&t_sm=&t_spt=search_result","terimahkazih banyak kak barang sampai cepT dan selamat","terimahkazih banyak kak barang sampai cepT dan selamat","Oxwalker","Indonesia","05-10-2026","12-27-2025","Pants","terimahkazih banyak kak barang sampai cepT dan selamat","terimahkazih banyak kak barang sampai cepT dan selamat","Unisex",,,"103314079955","Promo Samsung Galaxy A07 ( 4/64 4/128 6/128 8/256 ) Garansi Resmi Sein","Promo Samsung Galaxy A07 ( 4/64 4/128 6/128 8/256 ) Garansi Resmi Sein - A07 4/64 Black, No Bonus Cicil 0% 3x -  - Ini Toko Budi Shop | Tokopedia","Handphone","Android OS","5","1837200080","Product Review","",,"Tokopedia","Oxwalker","Promo Samsung Galaxy A07 ( 4/64 4/128 6/128 8/256 ) Garansi Resmi Sein",,"2025-Q4"
"https://www.tokopedia.com/ini-toko-budi-shop/samsung-galaxy-a07-4-64-4-128-6-128-8-256-garansi-resmi-sein-1729815001835537895-1735330887460881895?extParam=ivf%3Dtrue%26keyword%3Dsamsung+a07%26search_id%3D2026051013261194F6D7E04A4D452A9TDF%26src%3Dsearch&t_id=1778419236765&t_st=7&t_pp=search_result&t_efo=search_pure_goods_card&t_ef=goods_search&t_sm=&t_spt=search_result","barang bagus dan sesuai deskripsi pesanan.pengiriman juga cepat,jakut-bekbar 2jam.
recsel","barang bagus dan sesuai deskripsi pesanan.pengiriman juga cepat,jakut-bekbar 2jam.
recsel","Oxwalker","Indonesia","05-10-2026","11-12-2025","Pants","barang bagus dan sesuai deskripsi pesanan.pengiriman juga cepat,jakut-bekbar 2jam.
recsel","barang bagus dan sesuai deskripsi pesanan.pengiriman juga cepat,jakut-bekbar 2jam.
recsel","Unisex",,,"103314079955","Promo Samsung Galaxy A07 ( 4/64 4/128 6/128 8/256 ) Garansi Resmi Sein","Promo Samsung Galaxy A07 ( 4/64 4/128 6/128 8/256 ) Garansi Resmi Sein - A07 4/64 Black, No Bonus Cicil 0% 3x -  - Ini Toko Budi Shop | Tokopedia","Handphone","Android OS","5","1762139988","Product Review","",,"Tokopedia","Oxwalker","Promo Samsung Galaxy A07 ( 4/64 4/128 6/128 8/256 ) Garansi Resmi Sein",,"2025-Q4"
"https://www.tokopedia.com/ini-toko-budi-shop/samsung-galaxy-a07-4-64-4-128-6-128-8-256-garansi-resmi-sein-1729815001835537895-1735330887460881895?extParam=ivf%3Dtrue%26keyword%3Dsamsung+a07%26search_id%3D2026051013261194F6D7E04A4D452A9TDF%26src%3Dsearch&t_id=1778419236765&t_st=7&t_pp=search_result&t_efo=search_pure_goods_card&t_ef=goods_search&t_sm=&t_spt=search_result","Kejernihan lensa: Ori
Kualitas pengerjaan: Ori
Barangnya original bonusnya lengkap","Kejernihan lensa: Ori
Kualitas pengerjaan: Ori
Barangnya original bonusnya lengkap","Oxwalker","Indonesia","05-10-2026","02-21-2026","Pants","Kejernihan lensa: Ori
Kualitas pengerjaan: Ori
Barangnya original bonusnya lengkap","Kejernihan lensa: Ori
Kualitas pengerjaan: Ori
Barangnya original bonusnya lengkap","Unisex",,,"103314079955","Promo Samsung Galaxy A07 ( 4/64 4/128 6/128 8/256 ) Garansi Resmi Sein","Promo Samsung Galaxy A07 ( 4/64 4/128 6/128 8/256 ) Garansi Resmi Sein - A07 4/64 Black, No Bonus Cicil 0% 3x -  - Ini Toko Budi Shop | Tokopedia","Handphone","Android OS","5","1938834407","Product Review","",,"Tokopedia","Oxwalker","Promo Samsung Galaxy A07 ( 4/64 4/128 6/128 8/256 ) Garansi Resmi Sein",,"2026-Q1"
"https://www.tokopedia.com/ini-toko-budi-shop/samsung-galaxy-a07-4-64-4-128-6-128-8-256-garansi-resmi-sein-1729815001835537895-1735330887460881895?extParam=ivf%3Dtrue%26keyword%3Dsamsung+a07%26search_id%3D2026051013261194F6D7E04A4D452A9TDF%26src%3Dsearch&t_id=1778419236765&t_st=7&t_pp=search_result&t_efo=search_pure_goods_card&t_ef=goods_search&t_sm=&t_spt=search_result","paket aman, spek sesuai pengiriman on time dan ori","paket aman, spek sesuai pengiriman on time dan ori","Oxwalker","Indonesia","05-10-2026","10-18-2025","Pants","paket aman, spek sesuai pengiriman on time dan ori","paket aman, spek sesuai pengiriman on time dan ori","Unisex",,,"103314079955","Promo Samsung Galaxy A07 ( 4/64 4/128 6/128 8/256 ) Garansi Resmi Sein","Promo Samsung Galaxy A07 ( 4/64 4/128 6/128 8/256 ) Garansi Resmi Sein - A07 4/64 Black, No Bonus Cicil 0% 3x -  - Ini Toko Budi Shop | Tokopedia","Handphone","Android OS","5","1725272127","Product Review","",,"Tokopedia","Oxwalker","Promo Samsung Galaxy A07 ( 4/64 4/128 6/128 8/256 ) Garansi Resmi Sein",,"2025-Q4"
"https://www.tokopedia.com/ini-toko-budi-shop/samsung-galaxy-a07-4-64-4-128-6-128-8-256-garansi-resmi-sein-1729815001835537895-1735330887460881895?extParam=ivf%3Dtrue%26keyword%3Dsamsung+a07%26search_id%3D2026051013261194F6D7E04A4D452A9TDF%26src%3Dsearch&t_id=1778419236765&t_st=7&t_pp=search_result&t_efo=search_pure_goods_card&t_ef=goods_search&t_sm=&t_spt=search_result","Mantap, hapenya sudah sampe. terimakasih.
jangan ragu beli di toko ini, harga paling murah seTokped","Mantap, hapenya sudah sampe. terimakasih.
jangan ragu beli di toko ini, harga paling murah seTokped","Oxwalker","Indonesia","05-10-2026","10-23-2025","Pants","Mantap, hapenya sudah sampe. terimakasih.
jangan ragu beli di toko ini, harga paling murah seTokped","Mantap, hapenya sudah sampe. terimakasih.
jangan ragu beli di toko ini, harga paling murah seTokped","Unisex",,,"103314079955","Promo Samsung Galaxy A07 ( 4/64 4/128 6/128 8/256 ) Garansi Resmi Sein","Promo Samsung Galaxy A07 ( 4/64 4/128 6/128 8/256 ) Garansi Resmi Sein - A07 4/64 Black, No Bonus Cicil 0% 3x -  - Ini Toko Budi Shop | Tokopedia","Handphone","Android OS","5","1732356033","Product Review","",,"Tokopedia","Oxwalker","Promo Samsung Galaxy A07 ( 4/64 4/128 6/128 8/256 ) Garansi Resmi Sein",,"2025-Q4"
"https://www.tokopedia.com/ini-toko-budi-shop/samsung-galaxy-a07-4-64-4-128-6-128-8-256-garansi-resmi-sein-1729815001835537895-1735330887460881895?extParam=ivf%3Dtrue%26keyword%3Dsamsung+a07%26search_id%3D2026051013261194F6D7E04A4D452A9TDF%26src%3Dsearch&t_id=1778419236765&t_st=7&t_pp=search_result&t_efo=search_pure_goods_card&t_ef=goods_search&t_sm=&t_spt=search_result","Seler ramah sekali barang sesuai pesanan,tapi sayang expedisi nya leled pake JNE, biasanya kalau JNT cepet
Terimakasih","Seler ramah sekali barang sesuai pesanan,tapi sayang expedisi nya leled pake JNE, biasanya kalau JNT cepet
Terimakasih","Oxwalker","Indonesia","05-10-2026","05-06-2026","Pants","Seler ramah sekali barang sesuai pesanan,tapi sayang expedisi nya leled pake JNE, biasanya kalau JNT cepet
Terimakasih","Seler ramah sekali barang sesuai pesanan,tapi sayang expedisi nya leled pake JNE, biasanya kalau JNT cepet
Terimakasih","Unisex",,,"103314079955","Promo Samsung Galaxy A07 ( 4/64 4/128 6/128 8/256 ) Garansi Resmi Sein","Promo Samsung Galaxy A07 ( 4/64 4/128 6/128 8/256 ) Garansi Resmi Sein - A07 4/64 Black, No Bonus Cicil 0% 3x -  - Ini Toko Budi Shop | Tokopedia","Handphone","Android OS","5","2083523761","Product Review","",,"Tokopedia","Oxwalker","Promo Samsung Galaxy A07 ( 4/64 4/128 6/128 8/256 ) Garansi Resmi Sein",,"2026-Q2"
"https://www.tokopedia.com/ini-toko-budi-shop/samsung-galaxy-a07-4-64-4-128-6-128-8-256-garansi-resmi-sein-1729815001835537895-1735330887460881895?extParam=ivf%3Dtrue%26keyword%3Dsamsung+a07%26search_id%3D2026051013261194F6D7E04A4D452A9TDF%26src%3Dsearch&t_id=1778419236765&t_st=7&t_pp=search_result&t_efo=search_pure_goods_card&t_ef=goods_search&t_sm=&t_spt=search_result","produk sesuai dengan deskripsi fungsi normal packing aman dan rapi","produk sesuai dengan deskripsi fungsi normal packing aman dan rapi","Oxwalker","Indonesia","05-10-2026","02-05-2026","Pants","produk sesuai dengan deskripsi fungsi normal packing aman dan rapi","produk sesuai dengan deskripsi fungsi normal packing aman dan rapi","Unisex",,,"103314079955","Promo Samsung Galaxy A07 ( 4/64 4/128 6/128 8/256 ) Garansi Resmi Sein","Promo Samsung Galaxy A07 ( 4/64 4/128 6/128 8/256 ) Garansi Resmi Sein - A07 4/64 Black, No Bonus Cicil 0% 3x -  - Ini Toko Budi Shop | Tokopedia","Handphone","Android OS","5","1906270369","Product Review","",,"Tokopedia","Oxwalker","Promo Samsung Galaxy A07 ( 4/64 4/128 6/128 8/256 ) Garansi Resmi Sein",,"2026-Q1"
"https://www.tokopedia.com/ini-toko-budi-shop/samsung-galaxy-a07-4-64-4-128-6-128-8-256-garansi-resmi-sein-1729815001835537895-1735330887460881895?extParam=ivf%3Dtrue%26keyword%3Dsamsung+a07%26search_id%3D2026051013261194F6D7E04A4D452A9TDF%26src%3Dsearch&t_id=1778419236765&t_st=7&t_pp=search_result&t_efo=search_pure_goods_card&t_ef=goods_search&t_sm=&t_spt=search_result","Kejernihan lensa: Bagus
Kualitas pengerjaan: Mantap","Kejernihan lensa: Bagus
Kualitas pengerjaan: Mantap","Oxwalker","Indonesia","05-10-2026","09-19-2025","Pants","Kejernihan lensa: Bagus
Kualitas pengerjaan: Mantap","Kejernihan lensa: Bagus
Kualitas pengerjaan: Mantap","Unisex",,,"103314079955","Promo Samsung Galaxy A07 ( 4/64 4/128 6/128 8/256 ) Garansi Resmi Sein","Promo Samsung Galaxy A07 ( 4/64 4/128 6/128 8/256 ) Garansi Resmi Sein - A07 4/64 Black, No Bonus Cicil 0% 3x -  - Ini Toko Budi Shop | Tokopedia","Handphone","Android OS","5","1685494697","Product Review","",,"Tokopedia","Oxwalker","Promo Samsung Galaxy A07 ( 4/64 4/128 6/128 8/256 ) Garansi Resmi Sein",,"2025-Q3"
"https://www.tokopedia.com/ini-toko-budi-shop/samsung-galaxy-a07-4-64-4-128-6-128-8-256-garansi-resmi-sein-1729815001835537895-1735330887460881895?extParam=ivf%3Dtrue%26keyword%3Dsamsung+a07%26search_id%3D2026051013261194F6D7E04A4D452A9TDF%26src%3Dsearch&t_id=1778419236765&t_st=7&t_pp=search_result&t_efo=search_pure_goods_card&t_ef=goods_search&t_sm=&t_spt=search_result","Superr cepet prosesnya, ori juga! semoga awet ya.. Salam dari negeri kanguru!","Superr cepet prosesnya, ori juga! semoga awet ya.. Salam dari negeri kanguru!","Oxwalker","Indonesia","05-10-2026","10-27-2025","Pants","Superr cepet prosesnya, ori juga! semoga awet ya.. Salam dari negeri kanguru!","Superr cepet prosesnya, ori juga! semoga awet ya.. Salam dari negeri kanguru!","Unisex",,,"103314079955","Promo Samsung Galaxy A07 ( 4/64 4/128 6/128 8/256 ) Garansi Resmi Sein","Promo Samsung Galaxy A07 ( 4/64 4/128 6/128 8/256 ) Garansi Resmi Sein - A07 4/64 Black, No Bonus Cicil 0% 3x -  - Ini Toko Budi Shop | Tokopedia","Handphone","Android OS","5","1738034070","Product Review","",,"Tokopedia","Oxwalker","Promo Samsung Galaxy A07 ( 4/64 4/128 6/128 8/256 ) Garansi Resmi Sein",,"2025-Q4"
"https://www.tokopedia.com/ini-toko-budi-shop/samsung-galaxy-a07-4-64-4-128-6-128-8-256-garansi-resmi-sein-1729815001835537895-1735330887460881895?extParam=ivf%3Dtrue%26keyword%3Dsamsung+a07%26search_id%3D2026051013261194F6D7E04A4D452A9TDF%26src%3Dsearch&t_id=1778419236765&t_st=7&t_pp=search_result&t_efo=search_pure_goods_card&t_ef=goods_search&t_sm=&t_spt=search_result","Barang udah sampai dengan aman, tidak ada kendala. semoga awet.","Barang udah sampai dengan aman, tidak ada kendala. semoga awet.","Oxwalker","Indonesia","05-10-2026","11-08-2025","Pants","Barang udah sampai dengan aman, tidak ada kendala. semoga awet.","Barang udah sampai dengan aman, tidak ada kendala. semoga awet.","Unisex",,,"103314079955","Promo Samsung Galaxy A07 ( 4/64 4/128 6/128 8/256 ) Garansi Resmi Sein","Promo Samsung Galaxy A07 ( 4/64 4/128 6/128 8/256 ) Garansi Resmi Sein - A07 4/64 Black, No Bonus Cicil 0% 3x -  - Ini Toko Budi Shop | Tokopedia","Handphone","Android OS","5","1757271346","Product Review","",,"Tokopedia","Oxwalker","Promo Samsung Galaxy A07 ( 4/64 4/128 6/128 8/256 ) Garansi Resmi Sein",,"2025-Q4"
"https://www.tokopedia.com/ini-toko-budi-shop/samsung-galaxy-a07-4-64-4-128-6-128-8-256-garansi-resmi-sein-1729815001835537895-1735330887460881895?extParam=ivf%3Dtrue%26keyword%3Dsamsung+a07%26search_id%3D2026051013261194F6D7E04A4D452A9TDF%26src%3Dsearch&t_id=1778419236765&t_st=7&t_pp=search_result&t_efo=search_pure_goods_card&t_ef=goods_search&t_sm=&t_spt=search_result","Kejernihan lensa: Bagus banget
Kualitas pengerjaan: Okke","Kejernihan lensa: Bagus banget
Kualitas pengerjaan: Okke","Oxwalker","Indonesia","05-10-2026","10-04-2025","Pants","Kejernihan lensa: Bagus banget
Kualitas pengerjaan: Okke","Kejernihan lensa: Bagus banget
Kualitas pengerjaan: Okke","Unisex",,,"103314079955","Promo Samsung Galaxy A07 ( 4/64 4/128 6/128 8/256 ) Garansi Resmi Sein","Promo Samsung Galaxy A07 ( 4/64 4/128 6/128 8/256 ) Garansi Resmi Sein - A07 4/64 Black, No Bonus Cicil 0% 3x -  - Ini Toko Budi Shop | Tokopedia","Handphone","Android OS","5","1706194441","Product Review","",,"Tokopedia","Oxwalker","Promo Samsung Galaxy A07 ( 4/64 4/128 6/128 8/256 ) Garansi Resmi Sein",,"2025-Q4"
"https://www.tokopedia.com/ini-toko-budi-shop/samsung-galaxy-a07-4-64-4-128-6-128-8-256-garansi-resmi-sein-1729815001835537895-1735330887460881895?extParam=ivf%3Dtrue%26keyword%3Dsamsung+a07%26search_id%3D2026051013261194F6D7E04A4D452A9TDF%26src%3Dsearch&t_id=1778419236765&t_st=7&t_pp=search_result&t_efo=search_pure_goods_card&t_ef=goods_search&t_sm=&t_spt=search_result","Nice sesuai ekspektasi, cuman kurang bonus case aja 😁","Nice sesuai ekspektasi, cuman kurang bonus case aja 😁","Oxwalker","Indonesia","05-10-2026","03-11-2026","Pants","Nice sesuai ekspektasi, cuman kurang bonus case aja 😁","Nice sesuai ekspektasi, cuman kurang bonus case aja 😁","Unisex",,,"103314079955","Promo Samsung Galaxy A07 ( 4/64 4/128 6/128 8/256 ) Garansi Resmi Sein","Promo Samsung Galaxy A07 ( 4/64 4/128 6/128 8/256 ) Garansi Resmi Sein - A07 4/64 Black, No Bonus Cicil 0% 3x -  - Ini Toko Budi Shop | Tokopedia","Handphone","Android OS","5","1987981339","Product Review","",,"Tokopedia","Oxwalker","Promo Samsung Galaxy A07 ( 4/64 4/128 6/128 8/256 ) Garansi Resmi Sein",,"2026-Q1"
"https://www.tokopedia.com/ini-toko-budi-shop/samsung-galaxy-a07-4-64-4-128-6-128-8-256-garansi-resmi-sein-1729815001835537895-1735330887460881895?extParam=ivf%3Dtrue%26keyword%3Dsamsung+a07%26search_id%3D2026051013261194F6D7E04A4D452A9TDF%26src%3Dsearch&t_id=1778419236765&t_st=7&t_pp=search_result&t_efo=search_pure_goods_card&t_ef=goods_search&t_sm=&t_spt=search_result","packing aman, sesuai ekspektasi. cuma pengiriman agak lama","packing aman, sesuai ekspektasi. cuma pengiriman agak lama","Oxwalker","Indonesia","05-10-2026","02-23-2026","Pants","packing aman, sesuai ekspektasi. cuma pengiriman agak lama","packing aman, sesuai ekspektasi. cuma pengiriman agak lama","Unisex",,,"103314079955","Promo Samsung Galaxy A07 ( 4/64 4/128 6/128 8/256 ) Garansi Resmi Sein","Promo Samsung Galaxy A07 ( 4/64 4/128 6/128 8/256 ) Garansi Resmi Sein - A07 4/64 Black, No Bonus Cicil 0% 3x -  - Ini Toko Budi Shop | Tokopedia","Handphone","Android OS","5","1943187505","Product Review","",,"Tokopedia","Oxwalker","Promo Samsung Galaxy A07 ( 4/64 4/128 6/128 8/256 ) Garansi Resmi Sein",,"2026-Q1"
"https://www.tokopedia.com/ini-toko-budi-shop/samsung-galaxy-a07-4-64-4-128-6-128-8-256-garansi-resmi-sein-1729815001835537895-1735330887460881895?extParam=ivf%3Dtrue%26keyword%3Dsamsung+a07%26search_id%3D2026051013261194F6D7E04A4D452A9TDF%26src%3Dsearch&t_id=1778419236765&t_st=7&t_pp=search_result&t_efo=search_pure_goods_card&t_ef=goods_search&t_sm=&t_spt=search_result","Sudah sampai dengan aman, barang sesuai dengan pesanan","Sudah sampai dengan aman, barang sesuai dengan pesanan","Oxwalker","Indonesia","05-10-2026","08-02-2025","Pants","Sudah sampai dengan aman, barang sesuai dengan pesanan","Sudah sampai dengan aman, barang sesuai dengan pesanan","Unisex",,,"103314079955","Promo Samsung Galaxy A07 ( 4/64 4/128 6/128 8/256 ) Garansi Resmi Sein","Promo Samsung Galaxy A07 ( 4/64 4/128 6/128 8/256 ) Garansi Resmi Sein - A07 4/64 Black, No Bonus Cicil 0% 3x -  - Ini Toko Budi Shop | Tokopedia","Handphone","Android OS","5","1606754224","Product Review","",,"Tokopedia","Oxwalker","Promo Samsung Galaxy A07 ( 4/64 4/128 6/128 8/256 ) Garansi Resmi Sein",,"2025-Q3"
"https://www.tokopedia.com/ini-toko-budi-shop/samsung-galaxy-a07-4-64-4-128-6-128-8-256-garansi-resmi-sein-1729815001835537895-1735330887460881895?extParam=ivf%3Dtrue%26keyword%3Dsamsung+a07%26search_id%3D2026051013261194F6D7E04A4D452A9TDF%26src%3Dsearch&t_id=1778419236765&t_st=7&t_pp=search_result&t_efo=search_pure_goods_card&t_ef=goods_search&t_sm=&t_spt=search_result","barangnya mantap original produk semoga awet barangnya","barangnya mantap original produk semoga awet barangnya","Oxwalker","Indonesia","05-10-2026","07-15-2025","Pants","barangnya mantap original produk semoga awet barangnya","barangnya mantap original produk semoga awet barangnya","Unisex",,,"103314079955","Promo Samsung Galaxy A07 ( 4/64 4/128 6/128 8/256 ) Garansi Resmi Sein","Promo Samsung Galaxy A07 ( 4/64 4/128 6/128 8/256 ) Garansi Resmi Sein - A07 4/64 Black, No Bonus Cicil 0% 3x -  - Ini Toko Budi Shop | Tokopedia","Handphone","Android OS","5","1573325097","Product Review","",,"Tokopedia","Oxwalker","Promo Samsung Galaxy A07 ( 4/64 4/128 6/128 8/256 ) Garansi Resmi Sein",,"2025-Q3"
"https://www.tokopedia.com/ini-toko-budi-shop/samsung-galaxy-a07-4-64-4-128-6-128-8-256-garansi-resmi-sein-1729815001835537895-1735330887460881895?extParam=ivf%3Dtrue%26keyword%3Dsamsung+a07%26search_id%3D2026051013261194F6D7E04A4D452A9TDF%26src%3Dsearch&t_id=1778419236765&t_st=7&t_pp=search_result&t_efo=search_pure_goods_card&t_ef=goods_search&t_sm=&t_spt=search_result","Barang masih di segel waktu sampai, dan lengkap. terimakasih banyakkk","Barang masih di segel waktu sampai, dan lengkap. terimakasih banyakkk","Oxwalker","Indonesia","05-10-2026","06-28-2025","Pants","Barang masih di segel waktu sampai, dan lengkap. terimakasih banyakkk","Barang masih di segel waktu sampai, dan lengkap. terimakasih banyakkk","Unisex",,,"103314079955","Promo Samsung Galaxy A07 ( 4/64 4/128 6/128 8/256 ) Garansi Resmi Sein","Promo Samsung Galaxy A07 ( 4/64 4/128 6/128 8/256 ) Garansi Resmi Sein - A07 4/64 Black, No Bonus Cicil 0% 3x -  - Ini Toko Budi Shop | Tokopedia","Handphone","Android OS","5","1545629284","Product Review","",,"Tokopedia","Oxwalker","Promo Samsung Galaxy A07 ( 4/64 4/128 6/128 8/256 ) Garansi Resmi Sein",,"2025-Q2"
"https://www.tokopedia.com/ini-toko-budi-shop/samsung-galaxy-a07-4-64-4-128-6-128-8-256-garansi-resmi-sein-1729815001835537895-1735330887460881895?extParam=ivf%3Dtrue%26keyword%3Dsamsung+a07%26search_id%3D2026051013261194F6D7E04A4D452A9TDF%26src%3Dsearch&t_id=1778419236765&t_st=7&t_pp=search_result&t_efo=search_pure_goods_card&t_ef=goods_search&t_sm=&t_spt=search_result","cepet juga sampainya semoga saja awet LG di charge dl nih sampe penuh","cepet juga sampainya semoga saja awet LG di charge dl nih sampe penuh","Oxwalker","Indonesia","05-10-2026","07-19-2025","Pants","cepet juga sampainya semoga saja awet LG di charge dl nih sampe penuh","cepet juga sampainya semoga saja awet LG di charge dl nih sampe penuh","Unisex",,,"103314079955","Promo Samsung Galaxy A07 ( 4/64 4/128 6/128 8/256 ) Garansi Resmi Sein","Promo Samsung Galaxy A07 ( 4/64 4/128 6/128 8/256 ) Garansi Resmi Sein - A07 4/64 Black, No Bonus Cicil 0% 3x -  - Ini Toko Budi Shop | Tokopedia","Handphone","Android OS","5","1580323816","Product Review","",,"Tokopedia","Oxwalker","Promo Samsung Galaxy A07 ( 4/64 4/128 6/128 8/256 ) Garansi Resmi Sein",,"2025-Q3"
"https://www.tokopedia.com/ini-toko-budi-shop/samsung-galaxy-a07-4-64-4-128-6-128-8-256-garansi-resmi-sein-1729815001835537895-1735330887460881895?extParam=ivf%3Dtrue%26keyword%3Dsamsung+a07%26search_id%3D2026051013261194F6D7E04A4D452A9TDF%26src%3Dsearch&t_id=1778419236765&t_st=7&t_pp=search_result&t_efo=search_pure_goods_card&t_ef=goods_search&t_sm=&t_spt=search_result","Barang Ok, pengiriman cepat, sesuai ekspektasi, thanks seller","Barang Ok, pengiriman cepat, sesuai ekspektasi, thanks seller","Oxwalker","Indonesia","05-10-2026","09-18-2025","Pants","Barang Ok, pengiriman cepat, sesuai ekspektasi, thanks seller","Barang Ok, pengiriman cepat, sesuai ekspektasi, thanks seller","Unisex",,,"103314079955","Promo Samsung Galaxy A07 ( 4/64 4/128 6/128 8/256 ) Garansi Resmi Sein","Promo Samsung Galaxy A07 ( 4/64 4/128 6/128 8/256 ) Garansi Resmi Sein - A07 4/64 Black, No Bonus Cicil 0% 3x -  - Ini Toko Budi Shop | Tokopedia","Handphone","Android OS","5","1683305017","Product Review","",,"Tokopedia","Oxwalker","Promo Samsung Galaxy A07 ( 4/64 4/128 6/128 8/256 ) Garansi Resmi Sein",,"2025-Q3"
"https://www.tokopedia.com/ini-toko-budi-shop/samsung-galaxy-a07-4-64-4-128-6-128-8-256-garansi-resmi-sein-1729815001835537895-1735330887460881895?extParam=ivf%3Dtrue%26keyword%3Dsamsung+a07%26search_id%3D2026051013261194F6D7E04A4D452A9TDF%26src%3Dsearch&t_id=1778419236765&t_st=7&t_pp=search_result&t_efo=search_pure_goods_card&t_ef=goods_search&t_sm=&t_spt=search_result","alhamdulillah barang masih di segel tapi saya blm ngecek secara keseluruhan,,,karena yg nerima orang rumah.","alhamdulillah barang masih di segel tapi saya blm ngecek secara keseluruhan,,,karena yg nerima orang rumah.","Oxwalker","Indonesia","05-10-2026","03-08-2026","Pants","alhamdulillah barang masih di segel tapi saya blm ngecek secara keseluruhan,,,karena yg nerima orang rumah.","alhamdulillah barang masih di segel tapi saya blm ngecek secara keseluruhan,,,karena yg nerima orang rumah.","Unisex",,,"103314079955","Promo Samsung Galaxy A07 ( 4/64 4/128 6/128 8/256 ) Garansi Resmi Sein","Promo Samsung Galaxy A07 ( 4/64 4/128 6/128 8/256 ) Garansi Resmi Sein - A07 4/64 Black, No Bonus Cicil 0% 3x -  - Ini Toko Budi Shop | Tokopedia","Handphone","Android OS","5","1976637865","Product Review","",,"Tokopedia","Oxwalker","Promo Samsung Galaxy A07 ( 4/64 4/128 6/128 8/256 ) Garansi Resmi Sein",,"2026-Q1"
"https://www.tokopedia.com/ini-toko-budi-shop/samsung-galaxy-a07-4-64-4-128-6-128-8-256-garansi-resmi-sein-1729815001835537895-1735330887460881895?extParam=ivf%3Dtrue%26keyword%3Dsamsung+a07%26search_id%3D2026051013261194F6D7E04A4D452A9TDF%26src%3Dsearch&t_id=1778419236765&t_st=7&t_pp=search_result&t_efo=search_pure_goods_card&t_ef=goods_search&t_sm=&t_spt=search_result","tepat waktu dan sesuai dengan pesanan..semoga barang aman","tepat waktu dan sesuai dengan pesanan..semoga barang aman","Oxwalker","Indonesia","05-10-2026","01-22-2026","Pants","tepat waktu dan sesuai dengan pesanan..semoga barang aman","tepat waktu dan sesuai dengan pesanan..semoga barang aman","Unisex",,,"103314079955","Promo Samsung Galaxy A07 ( 4/64 4/128 6/128 8/256 ) Garansi Resmi Sein","Promo Samsung Galaxy A07 ( 4/64 4/128 6/128 8/256 ) Garansi Resmi Sein - A07 4/64 Black, No Bonus Cicil 0% 3x -  - Ini Toko Budi Shop | Tokopedia","Handphone","Android OS","5","1881237091","Product Review","",,"Tokopedia","Oxwalker","Promo Samsung Galaxy A07 ( 4/64 4/128 6/128 8/256 ) Garansi Resmi Sein",,"2026-Q1"
"https://www.tokopedia.com/ini-toko-budi-shop/samsung-galaxy-a07-4-64-4-128-6-128-8-256-garansi-resmi-sein-1729815001835537895-1735330887460881895?extParam=ivf%3Dtrue%26keyword%3Dsamsung+a07%26search_id%3D2026051013261194F6D7E04A4D452A9TDF%26src%3Dsearch&t_id=1778419236765&t_st=7&t_pp=search_result&t_efo=search_pure_goods_card&t_ef=goods_search&t_sm=&t_spt=search_result","trimakasih, Allhamdulilah mendarat dengan aman dan cepat, 3 hari dah sampai","trimakasih, Allhamdulilah mendarat dengan aman dan cepat, 3 hari dah sampai","Oxwalker","Indonesia","05-10-2026","07-21-2025","Pants","trimakasih, Allhamdulilah mendarat dengan aman dan cepat, 3 hari dah sampai","trimakasih, Allhamdulilah mendarat dengan aman dan cepat, 3 hari dah sampai","Unisex",,,"103314079955","Promo Samsung Galaxy A07 ( 4/64 4/128 6/128 8/256 ) Garansi Resmi Sein","Promo Samsung Galaxy A07 ( 4/64 4/128 6/128 8/256 ) Garansi Resmi Sein - A07 4/64 Black, No Bonus Cicil 0% 3x -  - Ini Toko Budi Shop | Tokopedia","Handphone","Android OS","5","1582784285","Product Review","",,"Tokopedia","Oxwalker","Promo Samsung Galaxy A07 ( 4/64 4/128 6/128 8/256 ) Garansi Resmi Sein",,"2025-Q3"
"https://www.tokopedia.com/ini-toko-budi-shop/samsung-galaxy-a07-4-64-4-128-6-128-8-256-garansi-resmi-sein-1729815001835537895-1735330887460881895?extParam=ivf%3Dtrue%26keyword%3Dsamsung+a07%26search_id%3D2026051013261194F6D7E04A4D452A9TDF%26src%3Dsearch&t_id=1778419236765&t_st=7&t_pp=search_result&t_efo=search_pure_goods_card&t_ef=goods_search&t_sm=&t_spt=search_result","sesuai pesanan dan mendarat dg aman.
seller amanah,responsive n recomended","sesuai pesanan dan mendarat dg aman.
seller amanah,responsive n recomended","Oxwalker","Indonesia","05-10-2026","11-28-2025","Pants","sesuai pesanan dan mendarat dg aman.
seller amanah,responsive n recomended","sesuai pesanan dan mendarat dg aman.
seller amanah,responsive n recomended","Unisex",,,"103314079955","Promo Samsung Galaxy A07 ( 4/64 4/128 6/128 8/256 ) Garansi Resmi Sein","Promo Samsung Galaxy A07 ( 4/64 4/128 6/128 8/256 ) Garansi Resmi Sein - A07 4/64 Black, No Bonus Cicil 0% 3x -  - Ini Toko Budi Shop | Tokopedia","Handphone","Android OS","5","1787376261","Product Review","",,"Tokopedia","Oxwalker","Promo Samsung Galaxy A07 ( 4/64 4/128 6/128 8/256 ) Garansi Resmi Sein",,"2025-Q4"
"https://www.tokopedia.com/ini-toko-budi-shop/samsung-galaxy-a07-4-64-4-128-6-128-8-256-garansi-resmi-sein-1729815001835537895-1735330887460881895?extParam=ivf%3Dtrue%26keyword%3Dsamsung+a07%26search_id%3D2026051013261194F6D7E04A4D452A9TDF%26src%3Dsearch&t_id=1778419236765&t_st=7&t_pp=search_result&t_efo=search_pure_goods_card&t_ef=goods_search&t_sm=&t_spt=search_result","pelayanan cepat, chat nya juga dibalas terus. ini pembelian ke 2 toko ini","pelayanan cepat, chat nya juga dibalas terus. ini pembelian ke 2 toko ini","Oxwalker","Indonesia","05-10-2026","09-22-2025","Pants","pelayanan cepat, chat nya juga dibalas terus. ini pembelian ke 2 toko ini","pelayanan cepat, chat nya juga dibalas terus. ini pembelian ke 2 toko ini","Unisex",,,"103314079955","Promo Samsung Galaxy A07 ( 4/64 4/128 6/128 8/256 ) Garansi Resmi Sein","Promo Samsung Galaxy A07 ( 4/64 4/128 6/128 8/256 ) Garansi Resmi Sein - A07 4/64 Black, No Bonus Cicil 0% 3x -  - Ini Toko Budi Shop | Tokopedia","Handphone","Android OS","5","1689195458","Product Review","",,"Tokopedia","Oxwalker","Promo Samsung Galaxy A07 ( 4/64 4/128 6/128 8/256 ) Garansi Resmi Sein",,"2025-Q3"
"https://www.tokopedia.com/ini-toko-budi-shop/samsung-galaxy-a07-4-64-4-128-6-128-8-256-garansi-resmi-sein-1729815001835537895-1735330887460881895?extParam=ivf%3Dtrue%26keyword%3Dsamsung+a07%26search_id%3D2026051013261194F6D7E04A4D452A9TDF%26src%3Dsearch&t_id=1778419236765&t_st=7&t_pp=search_result&t_efo=search_pure_goods_card&t_ef=goods_search&t_sm=&t_spt=search_result","kynya repack sih tapi gpp buat dipake ibu,moga tidak ada kendala","kynya repack sih tapi gpp buat dipake ibu,moga tidak ada kendala","Oxwalker","Indonesia","05-10-2026","11-02-2025","Pants","kynya repack sih tapi gpp buat dipake ibu,moga tidak ada kendala","kynya repack sih tapi gpp buat dipake ibu,moga tidak ada kendala","Unisex",,,"103314079955","Promo Samsung Galaxy A07 ( 4/64 4/128 6/128 8/256 ) Garansi Resmi Sein","Promo Samsung Galaxy A07 ( 4/64 4/128 6/128 8/256 ) Garansi Resmi Sein - A07 4/64 Black, No Bonus Cicil 0% 3x -  - Ini Toko Budi Shop | Tokopedia","Handphone","Android OS","5","1746506245","Product Review","",,"Tokopedia","Oxwalker","Promo Samsung Galaxy A07 ( 4/64 4/128 6/128 8/256 ) Garansi Resmi Sein",,"2025-Q4"
"https://www.tokopedia.com/ini-toko-budi-shop/samsung-galaxy-a07-4-64-4-128-6-128-8-256-garansi-resmi-sein-1729815001835537895-1735330887460881895?extParam=ivf%3Dtrue%26keyword%3Dsamsung+a07%26search_id%3D2026051013261194F6D7E04A4D452A9TDF%26src%3Dsearch&t_id=1778419236765&t_st=7&t_pp=search_result&t_efo=search_pure_goods_card&t_ef=goods_search&t_sm=&t_spt=search_result","seller fast respon, pengiriman cepat.. barang sesuai ori mksih yh kka","seller fast respon, pengiriman cepat.. barang sesuai ori mksih yh kka","Oxwalker","Indonesia","05-10-2026","10-30-2025","Pants","seller fast respon, pengiriman cepat.. barang sesuai ori mksih yh kka","seller fast respon, pengiriman cepat.. barang sesuai ori mksih yh kka","Unisex",,,"103314079955","Promo Samsung Galaxy A07 ( 4/64 4/128 6/128 8/256 ) Garansi Resmi Sein","Promo Samsung Galaxy A07 ( 4/64 4/128 6/128 8/256 ) Garansi Resmi Sein - A07 4/64 Black, No Bonus Cicil 0% 3x -  - Ini Toko Budi Shop | Tokopedia","Handphone","Android OS","5","1742352692","Product Review","",,"Tokopedia","Oxwalker","Promo Samsung Galaxy A07 ( 4/64 4/128 6/128 8/256 ) Garansi Resmi Sein",,"2025-Q4"
"https://www.tokopedia.com/ini-toko-budi-shop/samsung-galaxy-a07-4-64-4-128-6-128-8-256-garansi-resmi-sein-1729815001835537895-1735330887460881895?extParam=ivf%3Dtrue%26keyword%3Dsamsung+a07%26search_id%3D2026051013261194F6D7E04A4D452A9TDF%26src%3Dsearch&t_id=1778419236765&t_st=7&t_pp=search_result&t_efo=search_pure_goods_card&t_ef=goods_search&t_sm=&t_spt=search_result","Paketnya sudah sampai sesuai pesanan bonusnya juga sesuai thank&#39;s seller","Paketnya sudah sampai sesuai pesanan bonusnya juga sesuai thank&#39;s seller","Oxwalker","Indonesia","05-10-2026","02-23-2026","Pants","Paketnya sudah sampai sesuai pesanan bonusnya juga sesuai thank&#39;s seller","Paketnya sudah sampai sesuai pesanan bonusnya juga sesuai thank&#39;s seller","Unisex",,,"103314079955","Promo Samsung Galaxy A07 ( 4/64 4/128 6/128 8/256 ) Garansi Resmi Sein","Promo Samsung Galaxy A07 ( 4/64 4/128 6/128 8/256 ) Garansi Resmi Sein - A07 4/64 Black, No Bonus Cicil 0% 3x -  - Ini Toko Budi Shop | Tokopedia","Handphone","Android OS","5","1942452459","Product Review","",,"Tokopedia","Oxwalker","Promo Samsung Galaxy A07 ( 4/64 4/128 6/128 8/256 ) Garansi Resmi Sein",,"2026-Q1"
"https://www.tokopedia.com/ini-toko-budi-shop/samsung-galaxy-a07-4-64-4-128-6-128-8-256-garansi-resmi-sein-1729815001835537895-1735330887460881895?extParam=ivf%3Dtrue%26keyword%3Dsamsung+a07%26search_id%3D2026051013261194F6D7E04A4D452A9TDF%26src%3Dsearch&t_id=1778419236765&t_st=7&t_pp=search_result&t_efo=search_pure_goods_card&t_ef=goods_search&t_sm=&t_spt=search_result","barang mantap sesuai, segel packing aman makasih bosku hp berfungsi baik, sukses sllu usahanya","barang mantap sesuai, segel packing aman makasih bosku hp berfungsi baik, sukses sllu usahanya","Oxwalker","Indonesia","05-10-2026","02-19-2025","Pants","barang mantap sesuai, segel packing aman makasih bosku hp berfungsi baik, sukses sllu usahanya","barang mantap sesuai, segel packing aman makasih bosku hp berfungsi baik, sukses sllu usahanya","Unisex",,,"103314079955","Promo Samsung Galaxy A07 ( 4/64 4/128 6/128 8/256 ) Garansi Resmi Sein","Promo Samsung Galaxy A07 ( 4/64 4/128 6/128 8/256 ) Garansi Resmi Sein - A07 4/64 Black, No Bonus Cicil 0% 3x -  - Ini Toko Budi Shop | Tokopedia","Handphone","Android OS","5","1205994520","Product Review","",,"Tokopedia","Oxwalker","Promo Samsung Galaxy A07 ( 4/64 4/128 6/128 8/256 ) Garansi Resmi Sein",,"2025-Q1"
"https://www.tokopedia.com/ini-toko-budi-shop/samsung-galaxy-a07-4-64-4-128-6-128-8-256-garansi-resmi-sein-1729815001835537895-1735330887460881895?extParam=ivf%3Dtrue%26keyword%3Dsamsung+a07%26search_id%3D2026051013261194F6D7E04A4D452A9TDF%26src%3Dsearch&t_id=1778419236765&t_st=7&t_pp=search_result&t_efo=search_pure_goods_card&t_ef=goods_search&t_sm=&t_spt=search_result","barang sampai dengan cepat dan barang dalam kondisi baik dan barang sangat bagus","barang sampai dengan cepat dan barang dalam kondisi baik dan barang sangat bagus","Oxwalker","Indonesia","05-10-2026","05-03-2026","Pants","barang sampai dengan cepat dan barang dalam kondisi baik dan barang sangat bagus","barang sampai dengan cepat dan barang dalam kondisi baik dan barang sangat bagus","Unisex",,,"103314079955","Promo Samsung Galaxy A07 ( 4/64 4/128 6/128 8/256 ) Garansi Resmi Sein","Promo Samsung Galaxy A07 ( 4/64 4/128 6/128 8/256 ) Garansi Resmi Sein - A07 4/64 Black, No Bonus Cicil 0% 3x -  - Ini Toko Budi Shop | Tokopedia","Handphone","Android OS","5","2078112021","Product Review","",,"Tokopedia","Oxwalker","Promo Samsung Galaxy A07 ( 4/64 4/128 6/128 8/256 ) Garansi Resmi Sein",,"2026-Q2"
"https://www.tokopedia.com/ini-toko-budi-shop/samsung-galaxy-a07-4-64-4-128-6-128-8-256-garansi-resmi-sein-1729815001835537895-1735330887460881895?extParam=ivf%3Dtrue%26keyword%3Dsamsung+a07%26search_id%3D2026051013261194F6D7E04A4D452A9TDF%26src%3Dsearch&t_id=1778419236765&t_st=7&t_pp=search_result&t_efo=search_pure_goods_card&t_ef=goods_search&t_sm=&t_spt=search_result","Sip sesuai order..seller fast respon n pengiriman cepat","Sip sesuai order..seller fast respon n pengiriman cepat","Oxwalker","Indonesia","05-10-2026","03-17-2026","Pants","Sip sesuai order..seller fast respon n pengiriman cepat","Sip sesuai order..seller fast respon n pengiriman cepat","Unisex",,,"103314079955","Promo Samsung Galaxy A07 ( 4/64 4/128 6/128 8/256 ) Garansi Resmi Sein","Promo Samsung Galaxy A07 ( 4/64 4/128 6/128 8/256 ) Garansi Resmi Sein - A07 4/64 Black, No Bonus Cicil 0% 3x -  - Ini Toko Budi Shop | Tokopedia","Handphone","Android OS","5","2003082221","Product Review","",,"Tokopedia","Oxwalker","Promo Samsung Galaxy A07 ( 4/64 4/128 6/128 8/256 ) Garansi Resmi Sein",,"2026-Q1"
"https://www.tokopedia.com/ini-toko-budi-shop/samsung-galaxy-a07-4-64-4-128-6-128-8-256-garansi-resmi-sein-1729815001835537895-1735330887460881895?extParam=ivf%3Dtrue%26keyword%3Dsamsung+a07%26search_id%3D2026051013261194F6D7E04A4D452A9TDF%26src%3Dsearch&t_id=1778419236765&t_st=7&t_pp=search_result&t_efo=search_pure_goods_card&t_ef=goods_search&t_sm=&t_spt=search_result","Terimakasih barang nya sesuai dan mulus gak ada caat sedikit pun","Terimakasih barang nya sesuai dan mulus gak ada caat sedikit pun","Oxwalker","Indonesia","05-10-2026","05-01-2026","Pants","Terimakasih barang nya sesuai dan mulus gak ada caat sedikit pun","Terimakasih barang nya sesuai dan mulus gak ada caat sedikit pun","Unisex",,,"103314079955","Promo Samsung Galaxy A07 ( 4/64 4/128 6/128 8/256 ) Garansi Resmi Sein","Promo Samsung Galaxy A07 ( 4/64 4/128 6/128 8/256 ) Garansi Resmi Sein - A07 4/64 Black, No Bonus Cicil 0% 3x -  - Ini Toko Budi Shop | Tokopedia","Handphone","Android OS","5","2074833662","Product Review","",,"Tokopedia","Oxwalker","Promo Samsung Galaxy A07 ( 4/64 4/128 6/128 8/256 ) Garansi Resmi Sein",,"2026-Q2"
"https://www.tokopedia.com/ini-toko-budi-shop/samsung-galaxy-a07-4-64-4-128-6-128-8-256-garansi-resmi-sein-1729815001835537895-1735330887460881895?extParam=ivf%3Dtrue%26keyword%3Dsamsung+a07%26search_id%3D2026051013261194F6D7E04A4D452A9TDF%26src%3Dsearch&t_id=1778419236765&t_st=7&t_pp=search_result&t_efo=search_pure_goods_card&t_ef=goods_search&t_sm=&t_spt=search_result","alhamdulillah barang sudah datang belum dicoba semoga awet,,","alhamdulillah barang sudah datang belum dicoba semoga awet,,","Oxwalker","Indonesia","05-10-2026","02-20-2025","Pants","alhamdulillah barang sudah datang belum dicoba semoga awet,,","alhamdulillah barang sudah datang belum dicoba semoga awet,,","Unisex",,,"103314079955","Promo Samsung Galaxy A07 ( 4/64 4/128 6/128 8/256 ) Garansi Resmi Sein","Promo Samsung Galaxy A07 ( 4/64 4/128 6/128 8/256 ) Garansi Resmi Sein - A07 4/64 Black, No Bonus Cicil 0% 3x -  - Ini Toko Budi Shop | Tokopedia","Handphone","Android OS","5","1207420214","Product Review","",,"Tokopedia","Oxwalker","Promo Samsung Galaxy A07 ( 4/64 4/128 6/128 8/256 ) Garansi Resmi Sein",,"2025-Q1"
"https://www.tokopedia.com/ini-toko-budi-shop/samsung-galaxy-a07-4-64-4-128-6-128-8-256-garansi-resmi-sein-1729815001835537895-1735330887460881895?extParam=ivf%3Dtrue%26keyword%3Dsamsung+a07%26search_id%3D2026051013261194F6D7E04A4D452A9TDF%26src%3Dsearch&t_id=1778419236765&t_st=7&t_pp=search_result&t_efo=search_pure_goods_card&t_ef=goods_search&t_sm=&t_spt=search_result","sudah langganan di sini
selalu ramah dan pengiriman juga cepat
terimakasih banyak kak sehat dan sukses selalu yah","sudah langganan di sini
selalu ramah dan pengiriman juga cepat
terimakasih banyak kak sehat dan sukses selalu yah","Oxwalker","Indonesia","05-10-2026","02-06-2025","Pants","sudah langganan di sini
selalu ramah dan pengiriman juga cepat
terimakasih banyak kak sehat dan sukses selalu yah","sudah langganan di sini
selalu ramah dan pengiriman juga cepat
terimakasih banyak kak sehat dan sukses selalu yah","Unisex",,,"103314079955","Promo Samsung Galaxy A07 ( 4/64 4/128 6/128 8/256 ) Garansi Resmi Sein","Promo Samsung Galaxy A07 ( 4/64 4/128 6/128 8/256 ) Garansi Resmi Sein - A07 4/64 Black, No Bonus Cicil 0% 3x -  - Ini Toko Budi Shop | Tokopedia","Handphone","Android OS","5","1150935664","Product Review","",,"Tokopedia","Oxwalker","Promo Samsung Galaxy A07 ( 4/64 4/128 6/128 8/256 ) Garansi Resmi Sein",,"2025-Q1"
"https://www.tokopedia.com/ini-toko-budi-shop/samsung-galaxy-a07-4-64-4-128-6-128-8-256-garansi-resmi-sein-1729815001835537895-1735330887460881895?extParam=ivf%3Dtrue%26keyword%3Dsamsung+a07%26search_id%3D2026051013261194F6D7E04A4D452A9TDF%26src%3Dsearch&t_id=1778419236765&t_st=7&t_pp=search_result&t_efo=search_pure_goods_card&t_ef=goods_search&t_sm=&t_spt=search_result","brg segel &amp; bergaransi resmi
kualitas original 👍🏻
terimakasih","brg segel &amp; bergaransi resmi
kualitas original 👍🏻
terimakasih","Oxwalker","Indonesia","05-10-2026","10-23-2025","Pants","brg segel &amp; bergaransi resmi
kualitas original 👍🏻
terimakasih","brg segel &amp; bergaransi resmi
kualitas original 👍🏻
terimakasih","Unisex",,,"103314079955","Promo Samsung Galaxy A07 ( 4/64 4/128 6/128 8/256 ) Garansi Resmi Sein","Promo Samsung Galaxy A07 ( 4/64 4/128 6/128 8/256 ) Garansi Resmi Sein - A07 4/64 Black, No Bonus Cicil 0% 3x -  - Ini Toko Budi Shop | Tokopedia","Handphone","Android OS","5","1732049122","Product Review","",,"Tokopedia","Oxwalker","Promo Samsung Galaxy A07 ( 4/64 4/128 6/128 8/256 ) Garansi Resmi Sein",,"2025-Q4"
"https://www.tokopedia.com/ini-toko-budi-shop/samsung-galaxy-a07-4-64-4-128-6-128-8-256-garansi-resmi-sein-1729815001835537895-1735330887460881895?extParam=ivf%3Dtrue%26keyword%3Dsamsung+a07%26search_id%3D2026051013261194F6D7E04A4D452A9TDF%26src%3Dsearch&t_id=1778419236765&t_st=7&t_pp=search_result&t_efo=search_pure_goods_card&t_ef=goods_search&t_sm=&t_spt=search_result","Diterima lengkap beserta kepala charger dengan kondisi yang baik dan tersegel 👍","Diterima lengkap beserta kepala charger dengan kondisi yang baik dan tersegel 👍","Oxwalker","Indonesia","05-10-2026","03-22-2025","Pants","Diterima lengkap beserta kepala charger dengan kondisi yang baik dan tersegel 👍","Diterima lengkap beserta kepala charger dengan kondisi yang baik dan tersegel 👍","Unisex",,,"103314079955","Promo Samsung Galaxy A07 ( 4/64 4/128 6/128 8/256 ) Garansi Resmi Sein","Promo Samsung Galaxy A07 ( 4/64 4/128 6/128 8/256 ) Garansi Resmi Sein - A07 4/64 Black, No Bonus Cicil 0% 3x -  - Ini Toko Budi Shop | Tokopedia","Handphone","Android OS","5","1332281393","Product Review","",,"Tokopedia","Oxwalker","Promo Samsung Galaxy A07 ( 4/64 4/128 6/128 8/256 ) Garansi Resmi Sein",,"2025-Q1"
"https://www.tokopedia.com/ini-toko-budi-shop/samsung-galaxy-a07-4-64-4-128-6-128-8-256-garansi-resmi-sein-1729815001835537895-1735330887460881895?extParam=ivf%3Dtrue%26keyword%3Dsamsung+a07%26search_id%3D2026051013261194F6D7E04A4D452A9TDF%26src%3Dsearch&t_id=1778419236765&t_st=7&t_pp=search_result&t_efo=search_pure_goods_card&t_ef=goods_search&t_sm=&t_spt=search_result","Bagus banget tapi ini aneh Kabel casannya aja gak ada tabung casannya","Bagus banget tapi ini aneh Kabel casannya aja gak ada tabung casannya","Oxwalker","Indonesia","05-10-2026","03-22-2025","Pants","Bagus banget tapi ini aneh Kabel casannya aja gak ada tabung casannya","Bagus banget tapi ini aneh Kabel casannya aja gak ada tabung casannya","Unisex",,,"103314079955","Promo Samsung Galaxy A07 ( 4/64 4/128 6/128 8/256 ) Garansi Resmi Sein","Promo Samsung Galaxy A07 ( 4/64 4/128 6/128 8/256 ) Garansi Resmi Sein - A07 4/64 Black, No Bonus Cicil 0% 3x -  - Ini Toko Budi Shop | Tokopedia","Handphone","Android OS","5","1331924187","Product Review","",,"Tokopedia","Oxwalker","Promo Samsung Galaxy A07 ( 4/64 4/128 6/128 8/256 ) Garansi Resmi Sein",,"2025-Q1"
"https://www.tokopedia.com/ini-toko-budi-shop/samsung-galaxy-a07-4-64-4-128-6-128-8-256-garansi-resmi-sein-1729815001835537895-1735330887460881895?extParam=ivf%3Dtrue%26keyword%3Dsamsung+a07%26search_id%3D2026051013261194F6D7E04A4D452A9TDF%26src%3Dsearch&t_id=1778419236765&t_st=7&t_pp=search_result&t_efo=search_pure_goods_card&t_ef=goods_search&t_sm=&t_spt=search_result","Barang sesuai, original, lengkap seperti di deskripsi. Barang aman, bubble tebal.","Barang sesuai, original, lengkap seperti di deskripsi. Barang aman, bubble tebal.","Oxwalker","Indonesia","05-10-2026","10-03-2024","Pants","Barang sesuai, original, lengkap seperti di deskripsi. Barang aman, bubble tebal.","Barang sesuai, original, lengkap seperti di deskripsi. Barang aman, bubble tebal.","Unisex",,,"103314079955","Promo Samsung Galaxy A07 ( 4/64 4/128 6/128 8/256 ) Garansi Resmi Sein","Promo Samsung Galaxy A07 ( 4/64 4/128 6/128 8/256 ) Garansi Resmi Sein - A07 4/64 Black, No Bonus Cicil 0% 3x -  - Ini Toko Budi Shop | Tokopedia","Handphone","Android OS","5","1146451314","Product Review","",,"Tokopedia","Oxwalker","Promo Samsung Galaxy A07 ( 4/64 4/128 6/128 8/256 ) Garansi Resmi Sein",,"2024-Q4"
"https://www.tokopedia.com/ini-toko-budi-shop/samsung-galaxy-a07-4-64-4-128-6-128-8-256-garansi-resmi-sein-1729815001835537895-1735330887460881895?extParam=ivf%3Dtrue%26keyword%3Dsamsung+a07%26search_id%3D2026051013261194F6D7E04A4D452A9TDF%26src%3Dsearch&t_id=1778419236765&t_st=7&t_pp=search_result&t_efo=search_pure_goods_card&t_ef=goods_search&t_sm=&t_spt=search_result","Ini gimana sih baru order pertama x udah bikin kecewa .ga ada kepala charger nya","Ini gimana sih baru order pertama x udah bikin kecewa .ga ada kepala charger nya","Oxwalker","Indonesia","05-10-2026","11-05-2025","Pants","Ini gimana sih baru order pertama x udah bikin kecewa .ga ada kepala charger nya","Ini gimana sih baru order pertama x udah bikin kecewa .ga ada kepala charger nya","Unisex",,,"103314079955","Promo Samsung Galaxy A07 ( 4/64 4/128 6/128 8/256 ) Garansi Resmi Sein","Promo Samsung Galaxy A07 ( 4/64 4/128 6/128 8/256 ) Garansi Resmi Sein - A07 4/64 Black, No Bonus Cicil 0% 3x -  - Ini Toko Budi Shop | Tokopedia","Handphone","Android OS","5","1751077825","Product Review","",,"Tokopedia","Oxwalker","Promo Samsung Galaxy A07 ( 4/64 4/128 6/128 8/256 ) Garansi Resmi Sein",,"2025-Q4"
"https://www.tokopedia.com/ini-toko-budi-shop/samsung-galaxy-a07-4-64-4-128-6-128-8-256-garansi-resmi-sein-1729815001835537895-1735330887460881895?extParam=ivf%3Dtrue%26keyword%3Dsamsung+a07%26search_id%3D2026051013261194F6D7E04A4D452A9TDF%26src%3Dsearch&t_id=1778419236765&t_st=7&t_pp=search_result&t_efo=search_pure_goods_card&t_ef=goods_search&t_sm=&t_spt=search_result","Barangnya real samsung, baru, pengiriman cepat, respon sellernya jg fast respon...","Barangnya real samsung, baru, pengiriman cepat, respon sellernya jg fast respon...","Oxwalker","Indonesia","05-10-2026","11-29-2024","Pants","Barangnya real samsung, baru, pengiriman cepat, respon sellernya jg fast respon...","Barangnya real samsung, baru, pengiriman cepat, respon sellernya jg fast respon...","Unisex",,,"103314079955","Promo Samsung Galaxy A07 ( 4/64 4/128 6/128 8/256 ) Garansi Resmi Sein","Promo Samsung Galaxy A07 ( 4/64 4/128 6/128 8/256 ) Garansi Resmi Sein - A07 4/64 Black, No Bonus Cicil 0% 3x -  - Ini Toko Budi Shop | Tokopedia","Handphone","Android OS","5","1146451324","Product Review","",,"Tokopedia","Oxwalker","Promo Samsung Galaxy A07 ( 4/64 4/128 6/128 8/256 ) Garansi Resmi Sein",,"2024-Q4"
"https://www.tokopedia.com/ini-toko-budi-shop/samsung-galaxy-a07-4-64-4-128-6-128-8-256-garansi-resmi-sein-1729815001835537895-1735330887460881895?extParam=ivf%3Dtrue%26keyword%3Dsamsung+a07%26search_id%3D2026051013261194F6D7E04A4D452A9TDF%26src%3Dsearch&t_id=1778419236765&t_st=7&t_pp=search_result&t_efo=search_pure_goods_card&t_ef=goods_search&t_sm=&t_spt=search_result","pengiriman nya cepat, kurirnya Bae, terimakasih Tokopedia dan seller.","pengiriman nya cepat, kurirnya Bae, terimakasih Tokopedia dan seller.","Oxwalker","Indonesia","05-10-2026","08-01-2025","Pants","pengiriman nya cepat, kurirnya Bae, terimakasih Tokopedia dan seller.","pengiriman nya cepat, kurirnya Bae, terimakasih Tokopedia dan seller.","Unisex",,,"103314079955","Promo Samsung Galaxy A07 ( 4/64 4/128 6/128 8/256 ) Garansi Resmi Sein","Promo Samsung Galaxy A07 ( 4/64 4/128 6/128 8/256 ) Garansi Resmi Sein - A07 4/64 Black, No Bonus Cicil 0% 3x -  - Ini Toko Budi Shop | Tokopedia","Handphone","Android OS","5","1604281801","Product Review","",,"Tokopedia","Oxwalker","Promo Samsung Galaxy A07 ( 4/64 4/128 6/128 8/256 ) Garansi Resmi Sein",,"2025-Q3"
"https://www.tokopedia.com/ini-toko-budi-shop/samsung-galaxy-a07-4-64-4-128-6-128-8-256-garansi-resmi-sein-1729815001835537895-1735330887460881895?extParam=ivf%3Dtrue%26keyword%3Dsamsung+a07%26search_id%3D2026051013261194F6D7E04A4D452A9TDF%26src%3Dsearch&t_id=1778419236765&t_st=7&t_pp=search_result&t_efo=search_pure_goods_card&t_ef=goods_search&t_sm=&t_spt=search_result","Splendid! its a recommended seller. 
Good seller and Perfect package","Splendid! its a recommended seller. 
Good seller and Perfect package","Oxwalker","Indonesia","05-10-2026","06-25-2025","Pants","Splendid! its a recommended seller. 
Good seller and Perfect package","Splendid! its a recommended seller. 
Good seller and Perfect package","Unisex",,,"103314079955","Promo Samsung Galaxy A07 ( 4/64 4/128 6/128 8/256 ) Garansi Resmi Sein","Promo Samsung Galaxy A07 ( 4/64 4/128 6/128 8/256 ) Garansi Resmi Sein - A07 4/64 Black, No Bonus Cicil 0% 3x -  - Ini Toko Budi Shop | Tokopedia","Handphone","Android OS","5","1540761831","Product Review","",,"Tokopedia","Oxwalker","Promo Samsung Galaxy A07 ( 4/64 4/128 6/128 8/256 ) Garansi Resmi Sein",,"2025-Q2"
"https://www.tokopedia.com/ini-toko-budi-shop/samsung-galaxy-a07-4-64-4-128-6-128-8-256-garansi-resmi-sein-1729815001835537895-1735330887460881895?extParam=ivf%3Dtrue%26keyword%3Dsamsung+a07%26search_id%3D2026051013261194F6D7E04A4D452A9TDF%26src%3Dsearch&t_id=1778419236765&t_st=7&t_pp=search_result&t_efo=search_pure_goods_card&t_ef=goods_search&t_sm=&t_spt=search_result","mantap pengiriman cepat makasih kak semoga tambah laris","mantap pengiriman cepat makasih kak semoga tambah laris","Oxwalker","Indonesia","05-10-2026","10-20-2025","Pants","mantap pengiriman cepat makasih kak semoga tambah laris","mantap pengiriman cepat makasih kak semoga tambah laris","Unisex",,,"103314079955","Promo Samsung Galaxy A07 ( 4/64 4/128 6/128 8/256 ) Garansi Resmi Sein","Promo Samsung Galaxy A07 ( 4/64 4/128 6/128 8/256 ) Garansi Resmi Sein - A07 4/64 Black, No Bonus Cicil 0% 3x -  - Ini Toko Budi Shop | Tokopedia","Handphone","Android OS","5","1728381756","Product Review","",,"Tokopedia","Oxwalker","Promo Samsung Galaxy A07 ( 4/64 4/128 6/128 8/256 ) Garansi Resmi Sein",,"2025-Q4"
"https://www.tokopedia.com/ini-toko-budi-shop/samsung-galaxy-a07-4-64-4-128-6-128-8-256-garansi-resmi-sein-1729815001835537895-1735330887460881895?extParam=ivf%3Dtrue%26keyword%3Dsamsung+a07%26search_id%3D2026051013261194F6D7E04A4D452A9TDF%26src%3Dsearch&t_id=1778419236765&t_st=7&t_pp=search_result&t_efo=search_pure_goods_card&t_ef=goods_search&t_sm=&t_spt=search_result","Barang bagus ,sesuai pesanan insyaAllah nanti bisa langganan , produk sesuai pesanan pkoknya mantapppppppppppppppppppppp","Barang bagus ,sesuai pesanan insyaAllah nanti bisa langganan , produk sesuai pesanan pkoknya mantapppppppppppppppppppppp","Oxwalker","Indonesia","05-10-2026","10-23-2024","Pants","Barang bagus ,sesuai pesanan insyaAllah nanti bisa langganan , produk sesuai pesanan pkoknya mantapppppppppppppppppppppp","Barang bagus ,sesuai pesanan insyaAllah nanti bisa langganan , produk sesuai pesanan pkoknya mantapppppppppppppppppppppp","Unisex",,,"103314079955","Promo Samsung Galaxy A07 ( 4/64 4/128 6/128 8/256 ) Garansi Resmi Sein","Promo Samsung Galaxy A07 ( 4/64 4/128 6/128 8/256 ) Garansi Resmi Sein - A07 4/64 Black, No Bonus Cicil 0% 3x -  - Ini Toko Budi Shop | Tokopedia","Handphone","Android OS","5","1146451323","Product Review","",,"Tokopedia","Oxwalker","Promo Samsung Galaxy A07 ( 4/64 4/128 6/128 8/256 ) Garansi Resmi Sein",,"2024-Q4"
"https://www.tokopedia.com/ini-toko-budi-shop/samsung-galaxy-a07-4-64-4-128-6-128-8-256-garansi-resmi-sein-1729815001835537895-1735330887460881895?extParam=ivf%3Dtrue%26keyword%3Dsamsung+a07%26search_id%3D2026051013261194F6D7E04A4D452A9TDF%26src%3Dsearch&t_id=1778419236765&t_st=7&t_pp=search_result&t_efo=search_pure_goods_card&t_ef=goods_search&t_sm=&t_spt=search_result","Pembelian kedua di toko ini, josss 👍👍👍👍👍⭐️⭐️⭐️⭐️⭐️","Pembelian kedua di toko ini, josss 👍👍👍👍👍⭐️⭐️⭐️⭐️⭐️","Oxwalker","Indonesia","05-10-2026","11-25-2025","Pants","Pembelian kedua di toko ini, josss 👍👍👍👍👍⭐️⭐️⭐️⭐️⭐️","Pembelian kedua di toko ini, josss 👍👍👍👍👍⭐️⭐️⭐️⭐️⭐️","Unisex",,,"103314079955","Promo Samsung Galaxy A07 ( 4/64 4/128 6/128 8/256 ) Garansi Resmi Sein","Promo Samsung Galaxy A07 ( 4/64 4/128 6/128 8/256 ) Garansi Resmi Sein - A07 4/64 Black, No Bonus Cicil 0% 3x -  - Ini Toko Budi Shop | Tokopedia","Handphone","Android OS","5","1782503138","Product Review","",,"Tokopedia","Oxwalker","Promo Samsung Galaxy A07 ( 4/64 4/128 6/128 8/256 ) Garansi Resmi Sein",,"2025-Q4"
"https://www.tokopedia.com/ini-toko-budi-shop/samsung-galaxy-a07-4-64-4-128-6-128-8-256-garansi-resmi-sein-1729815001835537895-1735330887460881895?extParam=ivf%3Dtrue%26keyword%3Dsamsung+a07%26search_id%3D2026051013261194F6D7E04A4D452A9TDF%26src%3Dsearch&t_id=1778419236765&t_st=7&t_pp=search_result&t_efo=search_pure_goods_card&t_ef=goods_search&t_sm=&t_spt=search_result","Terpercaya , thanks seller


Cuma sedikit kecewa sama ekspedisi pengirimannya saja 🥹","Terpercaya , thanks seller


Cuma sedikit kecewa sama ekspedisi pengirimannya saja 🥹","Oxwalker","Indonesia","05-10-2026","11-03-2025","Pants","Terpercaya , thanks seller


Cuma sedikit kecewa sama ekspedisi pengirimannya saja 🥹","Terpercaya , thanks seller


Cuma sedikit kecewa sama ekspedisi pengirimannya saja 🥹","Unisex",,,"103314079955","Promo Samsung Galaxy A07 ( 4/64 4/128 6/128 8/256 ) Garansi Resmi Sein","Promo Samsung Galaxy A07 ( 4/64 4/128 6/128 8/256 ) Garansi Resmi Sein - A07 4/64 Black, No Bonus Cicil 0% 3x -  - Ini Toko Budi Shop | Tokopedia","Handphone","Android OS","5","1748509529","Product Review","",,"Tokopedia","Oxwalker","Promo Samsung Galaxy A07 ( 4/64 4/128 6/128 8/256 ) Garansi Resmi Sein",,"2025-Q4"
"https://www.tokopedia.com/ini-toko-budi-shop/samsung-galaxy-a07-4-64-4-128-6-128-8-256-garansi-resmi-sein-1729815001835537895-1735330887460881895?extParam=ivf%3Dtrue%26keyword%3Dsamsung+a07%26search_id%3D2026051013261194F6D7E04A4D452A9TDF%26src%3Dsearch&t_id=1778419236765&t_st=7&t_pp=search_result&t_efo=search_pure_goods_card&t_ef=goods_search&t_sm=&t_spt=search_result","hp original. masih segel. garansi resmi. pengiriman cepat. harga termurah. dapat diskon pula.","hp original. masih segel. garansi resmi. pengiriman cepat. harga termurah. dapat diskon pula.","Oxwalker","Indonesia","05-10-2026","05-08-2024","Pants","hp original. masih segel. garansi resmi. pengiriman cepat. harga termurah. dapat diskon pula.","hp original. masih segel. garansi resmi. pengiriman cepat. harga termurah. dapat diskon pula.","Unisex",,,"103314079955","Promo Samsung Galaxy A07 ( 4/64 4/128 6/128 8/256 ) Garansi Resmi Sein","Promo Samsung Galaxy A07 ( 4/64 4/128 6/128 8/256 ) Garansi Resmi Sein - A07 4/64 Black, No Bonus Cicil 0% 3x -  - Ini Toko Budi Shop | Tokopedia","Handphone","Android OS","5","1037223686","Product Review","",,"Tokopedia","Oxwalker","Promo Samsung Galaxy A07 ( 4/64 4/128 6/128 8/256 ) Garansi Resmi Sein",,"2024-Q2"
"https://www.tokopedia.com/ini-toko-budi-shop/samsung-galaxy-a07-4-64-4-128-6-128-8-256-garansi-resmi-sein-1729815001835537895-1735330887460881895?extParam=ivf%3Dtrue%26keyword%3Dsamsung+a07%26search_id%3D2026051013261194F6D7E04A4D452A9TDF%26src%3Dsearch&t_id=1778419236765&t_st=7&t_pp=search_result&t_efo=search_pure_goods_card&t_ef=goods_search&t_sm=&t_spt=search_result","barang oke masih segel, barang ori, seller responsif, pengiriman cepat","barang oke masih segel, barang ori, seller responsif, pengiriman cepat","Oxwalker","Indonesia","05-10-2026","05-08-2024","Pants","barang oke masih segel, barang ori, seller responsif, pengiriman cepat","barang oke masih segel, barang ori, seller responsif, pengiriman cepat","Unisex",,,"103314079955","Promo Samsung Galaxy A07 ( 4/64 4/128 6/128 8/256 ) Garansi Resmi Sein","Promo Samsung Galaxy A07 ( 4/64 4/128 6/128 8/256 ) Garansi Resmi Sein - A07 4/64 Black, No Bonus Cicil 0% 3x -  - Ini Toko Budi Shop | Tokopedia","Handphone","Android OS","5","1037253438","Product Review","",,"Tokopedia","Oxwalker","Promo Samsung Galaxy A07 ( 4/64 4/128 6/128 8/256 ) Garansi Resmi Sein",,"2024-Q2"
"https://www.tokopedia.com/ini-toko-budi-shop/samsung-galaxy-a07-4-64-4-128-6-128-8-256-garansi-resmi-sein-1729815001835537895-1735330887460881895?extParam=ivf%3Dtrue%26keyword%3Dsamsung+a07%26search_id%3D2026051013261194F6D7E04A4D452A9TDF%26src%3Dsearch&t_id=1778419236765&t_st=7&t_pp=search_result&t_efo=search_pure_goods_card&t_ef=goods_search&t_sm=&t_spt=search_result","barng msih segel, packing aman..pengiriman cepat 👍👍","barng msih segel, packing aman..pengiriman cepat 👍👍","Oxwalker","Indonesia","05-10-2026","07-02-2024","Pants","barng msih segel, packing aman..pengiriman cepat 👍👍","barng msih segel, packing aman..pengiriman cepat 👍👍","Unisex",,,"103314079955","Promo Samsung Galaxy A07 ( 4/64 4/128 6/128 8/256 ) Garansi Resmi Sein","Promo Samsung Galaxy A07 ( 4/64 4/128 6/128 8/256 ) Garansi Resmi Sein - A07 4/64 Black, No Bonus Cicil 0% 3x -  - Ini Toko Budi Shop | Tokopedia","Handphone","Android OS","5","1060325864","Product Review","",,"Tokopedia","Oxwalker","Promo Samsung Galaxy A07 ( 4/64 4/128 6/128 8/256 ) Garansi Resmi Sein",,"2024-Q3"
"https://www.tokopedia.com/ini-toko-budi-shop/samsung-galaxy-a07-4-64-4-128-6-128-8-256-garansi-resmi-sein-1729815001835537895-1735330887460881895?extParam=ivf%3Dtrue%26keyword%3Dsamsung+a07%26search_id%3D2026051013261194F6D7E04A4D452A9TDF%26src%3Dsearch&t_id=1778419236765&t_st=7&t_pp=search_result&t_efo=search_pure_goods_card&t_ef=goods_search&t_sm=&t_spt=search_result","Barang ori, pengiriman super cepat sangat memuaskan👍👍👍","Barang ori, pengiriman super cepat sangat memuaskan👍👍👍","Oxwalker","Indonesia","05-10-2026","03-23-2024","Pants","Barang ori, pengiriman super cepat sangat memuaskan👍👍👍","Barang ori, pengiriman super cepat sangat memuaskan👍👍👍","Unisex",,,"103314079955","Promo Samsung Galaxy A07 ( 4/64 4/128 6/128 8/256 ) Garansi Resmi Sein","Promo Samsung Galaxy A07 ( 4/64 4/128 6/128 8/256 ) Garansi Resmi Sein - A07 4/64 Black, No Bonus Cicil 0% 3x -  - Ini Toko Budi Shop | Tokopedia","Handphone","Android OS","5","1018220313","Product Review","",,"Tokopedia","Oxwalker","Promo Samsung Galaxy A07 ( 4/64 4/128 6/128 8/256 ) Garansi Resmi Sein",,"2024-Q1"
"https://www.tokopedia.com/ini-toko-budi-shop/samsung-galaxy-a07-4-64-4-128-6-128-8-256-garansi-resmi-sein-1729815001835537895-1735330887460881895?extParam=ivf%3Dtrue%26keyword%3Dsamsung+a07%26search_id%3D2026051013261194F6D7E04A4D452A9TDF%26src%3Dsearch&t_id=1778419236765&t_st=7&t_pp=search_result&t_efo=search_pure_goods_card&t_ef=goods_search&t_sm=&t_spt=search_result","sesuai deskripsi, barang ory dan garansi resmi, rekomended seller","sesuai deskripsi, barang ory dan garansi resmi, rekomended seller","Oxwalker","Indonesia","05-10-2026","06-29-2024","Pants","sesuai deskripsi, barang ory dan garansi resmi, rekomended seller","sesuai deskripsi, barang ory dan garansi resmi, rekomended seller","Unisex",,,"103314079955","Promo Samsung Galaxy A07 ( 4/64 4/128 6/128 8/256 ) Garansi Resmi Sein","Promo Samsung Galaxy A07 ( 4/64 4/128 6/128 8/256 ) Garansi Resmi Sein - A07 4/64 Black, No Bonus Cicil 0% 3x -  - Ini Toko Budi Shop | Tokopedia","Handphone","Android OS","5","1059202840","Product Review","",,"Tokopedia","Oxwalker","Promo Samsung Galaxy A07 ( 4/64 4/128 6/128 8/256 ) Garansi Resmi Sein",,"2024-Q2"
"https://www.tokopedia.com/ini-toko-budi-shop/samsung-galaxy-a07-4-64-4-128-6-128-8-256-garansi-resmi-sein-1729815001835537895-1735330887460881895?extParam=ivf%3Dtrue%26keyword%3Dsamsung+a07%26search_id%3D2026051013261194F6D7E04A4D452A9TDF%26src%3Dsearch&t_id=1778419236765&t_st=7&t_pp=search_result&t_efo=search_pure_goods_card&t_ef=goods_search&t_sm=&t_spt=search_result","ori good pantes harga murah ternyata ga dapet charger tapi gpp bisa beli terpisah","ori good pantes harga murah ternyata ga dapet charger tapi gpp bisa beli terpisah","Oxwalker","Indonesia","05-10-2026","06-30-2024","Pants","ori good pantes harga murah ternyata ga dapet charger tapi gpp bisa beli terpisah","ori good pantes harga murah ternyata ga dapet charger tapi gpp bisa beli terpisah","Unisex",,,"103314079955","Promo Samsung Galaxy A07 ( 4/64 4/128 6/128 8/256 ) Garansi Resmi Sein","Promo Samsung Galaxy A07 ( 4/64 4/128 6/128 8/256 ) Garansi Resmi Sein - A07 4/64 Black, No Bonus Cicil 0% 3x -  - Ini Toko Budi Shop | Tokopedia","Handphone","Android OS","5","1059433127","Product Review","",,"Tokopedia","Oxwalker","Promo Samsung Galaxy A07 ( 4/64 4/128 6/128 8/256 ) Garansi Resmi Sein",,"2024-Q2"
"https://www.tokopedia.com/ini-toko-budi-shop/samsung-galaxy-a07-4-64-4-128-6-128-8-256-garansi-resmi-sein-1729815001835537895-1735330887460881895?extParam=ivf%3Dtrue%26keyword%3Dsamsung+a07%26search_id%3D2026051013261194F6D7E04A4D452A9TDF%26src%3Dsearch&t_id=1778419236765&t_st=7&t_pp=search_result&t_efo=search_pure_goods_card&t_ef=goods_search&t_sm=&t_spt=search_result","barang msh bersegel dn bergaransi resmi sein. dan barang nyala normal","barang msh bersegel dn bergaransi resmi sein. dan barang nyala normal","Oxwalker","Indonesia","05-10-2026","04-18-2024","Pants","barang msh bersegel dn bergaransi resmi sein. dan barang nyala normal","barang msh bersegel dn bergaransi resmi sein. dan barang nyala normal","Unisex",,,"103314079955","Promo Samsung Galaxy A07 ( 4/64 4/128 6/128 8/256 ) Garansi Resmi Sein","Promo Samsung Galaxy A07 ( 4/64 4/128 6/128 8/256 ) Garansi Resmi Sein - A07 4/64 Black, No Bonus Cicil 0% 3x -  - Ini Toko Budi Shop | Tokopedia","Handphone","Android OS","5","1029309108","Product Review","",,"Tokopedia","Oxwalker","Promo Samsung Galaxy A07 ( 4/64 4/128 6/128 8/256 ) Garansi Resmi Sein",,"2024-Q2"
"https://www.tokopedia.com/ini-toko-budi-shop/samsung-galaxy-a07-4-64-4-128-6-128-8-256-garansi-resmi-sein-1729815001835537895-1735330887460881895?extParam=ivf%3Dtrue%26keyword%3Dsamsung+a07%26search_id%3D2026051013261194F6D7E04A4D452A9TDF%26src%3Dsearch&t_id=1778419236765&t_st=7&t_pp=search_result&t_efo=search_pure_goods_card&t_ef=goods_search&t_sm=&t_spt=search_result","Pesanan tercepat semenjak beli online 
Terimaksih , sukses selalu buat tokonya","Pesanan tercepat semenjak beli online 
Terimaksih , sukses selalu buat tokonya","Oxwalker","Indonesia","05-10-2026","10-08-2025","Pants","Pesanan tercepat semenjak beli online 
Terimaksih , sukses selalu buat tokonya","Pesanan tercepat semenjak beli online 
Terimaksih , sukses selalu buat tokonya","Unisex",,,"103314079955","Promo Samsung Galaxy A07 ( 4/64 4/128 6/128 8/256 ) Garansi Resmi Sein","Promo Samsung Galaxy A07 ( 4/64 4/128 6/128 8/256 ) Garansi Resmi Sein - A07 4/64 Black, No Bonus Cicil 0% 3x -  - Ini Toko Budi Shop | Tokopedia","Handphone","Android OS","5","1711365368","Product Review","",,"Tokopedia","Oxwalker","Promo Samsung Galaxy A07 ( 4/64 4/128 6/128 8/256 ) Garansi Resmi Sein",,"2025-Q4"
"https://www.tokopedia.com/ini-toko-budi-shop/samsung-galaxy-a07-4-64-4-128-6-128-8-256-garansi-resmi-sein-1729815001835537895-1735330887460881895?extParam=ivf%3Dtrue%26keyword%3Dsamsung+a07%26search_id%3D2026051013261194F6D7E04A4D452A9TDF%26src%3Dsearch&t_id=1778419236765&t_st=7&t_pp=search_result&t_efo=search_pure_goods_card&t_ef=goods_search&t_sm=&t_spt=search_result","Pembelian kedua di Toko Budi, alhamdulilah barangnya selalu dalam kondisi sehat wal&#39;afiat. Terima kasih Tokbud.","Pembelian kedua di Toko Budi, alhamdulilah barangnya selalu dalam kondisi sehat wal&#39;afiat. Terima kasih Tokbud.","Oxwalker","Indonesia","05-10-2026","08-14-2024","Pants","Pembelian kedua di Toko Budi, alhamdulilah barangnya selalu dalam kondisi sehat wal&#39;afiat. Terima kasih Tokbud.","Pembelian kedua di Toko Budi, alhamdulilah barangnya selalu dalam kondisi sehat wal&#39;afiat. Terima kasih Tokbud.","Unisex",,,"103314079955","Promo Samsung Galaxy A07 ( 4/64 4/128 6/128 8/256 ) Garansi Resmi Sein","Promo Samsung Galaxy A07 ( 4/64 4/128 6/128 8/256 ) Garansi Resmi Sein - A07 4/64 Black, No Bonus Cicil 0% 3x -  - Ini Toko Budi Shop | Tokopedia","Handphone","Android OS","5","1079259046","Product Review","",,"Tokopedia","Oxwalker","Promo Samsung Galaxy A07 ( 4/64 4/128 6/128 8/256 ) Garansi Resmi Sein",,"2024-Q3"
"https://www.tokopedia.com/ini-toko-budi-shop/samsung-galaxy-a07-4-64-4-128-6-128-8-256-garansi-resmi-sein-1729815001835537895-1735330887460881895?extParam=ivf%3Dtrue%26keyword%3Dsamsung+a07%26search_id%3D2026051013261194F6D7E04A4D452A9TDF%26src%3Dsearch&t_id=1778419236765&t_st=7&t_pp=search_result&t_efo=search_pure_goods_card&t_ef=goods_search&t_sm=&t_spt=search_result","Penjual sangat komunikatif dan fast respon, barang sesuai dan pasti nya original, tks gan","Penjual sangat komunikatif dan fast respon, barang sesuai dan pasti nya original, tks gan","Oxwalker","Indonesia","05-10-2026","07-05-2024","Pants","Penjual sangat komunikatif dan fast respon, barang sesuai dan pasti nya original, tks gan","Penjual sangat komunikatif dan fast respon, barang sesuai dan pasti nya original, tks gan","Unisex",,,"103314079955","Promo Samsung Galaxy A07 ( 4/64 4/128 6/128 8/256 ) Garansi Resmi Sein","Promo Samsung Galaxy A07 ( 4/64 4/128 6/128 8/256 ) Garansi Resmi Sein - A07 4/64 Black, No Bonus Cicil 0% 3x -  - Ini Toko Budi Shop | Tokopedia","Handphone","Android OS","5","1062064408","Product Review","",,"Tokopedia","Oxwalker","Promo Samsung Galaxy A07 ( 4/64 4/128 6/128 8/256 ) Garansi Resmi Sein",,"2024-Q3"
"https://www.tokopedia.com/ini-toko-budi-shop/samsung-galaxy-a07-4-64-4-128-6-128-8-256-garansi-resmi-sein-1729815001835537895-1735330887460881895?extParam=ivf%3Dtrue%26keyword%3Dsamsung+a07%26search_id%3D2026051013261194F6D7E04A4D452A9TDF%26src%3Dsearch&t_id=1778419236765&t_st=7&t_pp=search_result&t_efo=search_pure_goods_card&t_ef=goods_search&t_sm=&t_spt=search_result","masih segel sesuai dengan kualitas yang diharapkan","masih segel sesuai dengan kualitas yang diharapkan","Oxwalker","Indonesia","05-10-2026","08-15-2024","Pants","masih segel sesuai dengan kualitas yang diharapkan","masih segel sesuai dengan kualitas yang diharapkan","Unisex",,,"103314079955","Promo Samsung Galaxy A07 ( 4/64 4/128 6/128 8/256 ) Garansi Resmi Sein","Promo Samsung Galaxy A07 ( 4/64 4/128 6/128 8/256 ) Garansi Resmi Sein - A07 4/64 Black, No Bonus Cicil 0% 3x -  - Ini Toko Budi Shop | Tokopedia","Handphone","Android OS","5","1079433177","Product Review","",,"Tokopedia","Oxwalker","Promo Samsung Galaxy A07 ( 4/64 4/128 6/128 8/256 ) Garansi Resmi Sein",,"2024-Q3"
"https://www.tokopedia.com/ini-toko-budi-shop/samsung-galaxy-a07-4-64-4-128-6-128-8-256-garansi-resmi-sein-1729815001835537895-1735330887460881895?extParam=ivf%3Dtrue%26keyword%3Dsamsung+a07%26search_id%3D2026051013261194F6D7E04A4D452A9TDF%26src%3Dsearch&t_id=1778419236765&t_st=7&t_pp=search_result&t_efo=search_pure_goods_card&t_ef=goods_search&t_sm=&t_spt=search_result","selamat sampai tujuan, pengiriman cepat, semoga awet","selamat sampai tujuan, pengiriman cepat, semoga awet","Oxwalker","Indonesia","05-10-2026","07-24-2024","Pants","selamat sampai tujuan, pengiriman cepat, semoga awet","selamat sampai tujuan, pengiriman cepat, semoga awet","Unisex",,,"103314079955","Promo Samsung Galaxy A07 ( 4/64 4/128 6/128 8/256 ) Garansi Resmi Sein","Promo Samsung Galaxy A07 ( 4/64 4/128 6/128 8/256 ) Garansi Resmi Sein - A07 4/64 Black, No Bonus Cicil 0% 3x -  - Ini Toko Budi Shop | Tokopedia","Handphone","Android OS","5","1069934943","Product Review","",,"Tokopedia","Oxwalker","Promo Samsung Galaxy A07 ( 4/64 4/128 6/128 8/256 ) Garansi Resmi Sein",,"2024-Q3"
"https://www.tokopedia.com/ini-toko-budi-shop/samsung-galaxy-a07-4-64-4-128-6-128-8-256-garansi-resmi-sein-1729815001835537895-1735330887460881895?extParam=ivf%3Dtrue%26keyword%3Dsamsung+a07%26search_id%3D2026051013261194F6D7E04A4D452A9TDF%26src%3Dsearch&t_id=1778419236765&t_st=7&t_pp=search_result&t_efo=search_pure_goods_card&t_ef=goods_search&t_sm=&t_spt=search_result","mantap respon cepat pengiriman cepat packing rapi barang sesuai pesanan semoga awet dan berfungsi baik","mantap respon cepat pengiriman cepat packing rapi barang sesuai pesanan semoga awet dan berfungsi baik","Oxwalker","Indonesia","05-10-2026","08-09-2024","Pants","mantap respon cepat pengiriman cepat packing rapi barang sesuai pesanan semoga awet dan berfungsi baik","mantap respon cepat pengiriman cepat packing rapi barang sesuai pesanan semoga awet dan berfungsi baik","Unisex",,,"103314079955","Promo Samsung Galaxy A07 ( 4/64 4/128 6/128 8/256 ) Garansi Resmi Sein","Promo Samsung Galaxy A07 ( 4/64 4/128 6/128 8/256 ) Garansi Resmi Sein - A07 4/64 Black, No Bonus Cicil 0% 3x -  - Ini Toko Budi Shop | Tokopedia","Handphone","Android OS","5","1077139050","Product Review","",,"Tokopedia","Oxwalker","Promo Samsung Galaxy A07 ( 4/64 4/128 6/128 8/256 ) Garansi Resmi Sein",,"2024-Q3"
"https://www.tokopedia.com/ini-toko-budi-shop/samsung-galaxy-a07-4-64-4-128-6-128-8-256-garansi-resmi-sein-1729815001835537895-1735330887460881895?extParam=ivf%3Dtrue%26keyword%3Dsamsung+a07%26search_id%3D2026051013261194F6D7E04A4D452A9TDF%26src%3Dsearch&t_id=1778419236765&t_st=7&t_pp=search_result&t_efo=search_pure_goods_card&t_ef=goods_search&t_sm=&t_spt=search_result","makasih bang, barang sampai tujuan dengan baik, top deh","makasih bang, barang sampai tujuan dengan baik, top deh","Oxwalker","Indonesia","05-10-2026","07-19-2024","Pants","makasih bang, barang sampai tujuan dengan baik, top deh","makasih bang, barang sampai tujuan dengan baik, top deh","Unisex",,,"103314079955","Promo Samsung Galaxy A07 ( 4/64 4/128 6/128 8/256 ) Garansi Resmi Sein","Promo Samsung Galaxy A07 ( 4/64 4/128 6/128 8/256 ) Garansi Resmi Sein - A07 4/64 Black, No Bonus Cicil 0% 3x -  - Ini Toko Budi Shop | Tokopedia","Handphone","Android OS","5","1067967391","Product Review","",,"Tokopedia","Oxwalker","Promo Samsung Galaxy A07 ( 4/64 4/128 6/128 8/256 ) Garansi Resmi Sein",,"2024-Q3"
"https://www.tokopedia.com/ini-toko-budi-shop/samsung-galaxy-a07-4-64-4-128-6-128-8-256-garansi-resmi-sein-1729815001835537895-1735330887460881895?extParam=ivf%3Dtrue%26keyword%3Dsamsung+a07%26search_id%3D2026051013261194F6D7E04A4D452A9TDF%26src%3Dsearch&t_id=1778419236765&t_st=7&t_pp=search_result&t_efo=search_pure_goods_card&t_ef=goods_search&t_sm=&t_spt=search_result","pengiriman cepat, sesuai deskripsi, bersegel, packing aman dan rapi, respon penjual top.","pengiriman cepat, sesuai deskripsi, bersegel, packing aman dan rapi, respon penjual top.","Oxwalker","Indonesia","05-10-2026","07-28-2024","Pants","pengiriman cepat, sesuai deskripsi, bersegel, packing aman dan rapi, respon penjual top.","pengiriman cepat, sesuai deskripsi, bersegel, packing aman dan rapi, respon penjual top.","Unisex",,,"103314079955","Promo Samsung Galaxy A07 ( 4/64 4/128 6/128 8/256 ) Garansi Resmi Sein","Promo Samsung Galaxy A07 ( 4/64 4/128 6/128 8/256 ) Garansi Resmi Sein - A07 4/64 Black, No Bonus Cicil 0% 3x -  - Ini Toko Budi Shop | Tokopedia","Handphone","Android OS","5","1071337636","Product Review","",,"Tokopedia","Oxwalker","Promo Samsung Galaxy A07 ( 4/64 4/128 6/128 8/256 ) Garansi Resmi Sein",,"2024-Q3"
"https://www.tokopedia.com/ini-toko-budi-shop/samsung-galaxy-a07-4-64-4-128-6-128-8-256-garansi-resmi-sein-1729815001835537895-1735330887460881895?extParam=ivf%3Dtrue%26keyword%3Dsamsung+a07%26search_id%3D2026051013261194F6D7E04A4D452A9TDF%26src%3Dsearch&t_id=1778419236765&t_st=7&t_pp=search_result&t_efo=search_pure_goods_card&t_ef=goods_search&t_sm=&t_spt=search_result","Terimakasih amanah sekali.. pengiriman cepat mantap..","Terimakasih amanah sekali.. pengiriman cepat mantap..","Oxwalker","Indonesia","05-10-2026","07-03-2024","Pants","Terimakasih amanah sekali.. pengiriman cepat mantap..","Terimakasih amanah sekali.. pengiriman cepat mantap..","Unisex",,,"103314079955","Promo Samsung Galaxy A07 ( 4/64 4/128 6/128 8/256 ) Garansi Resmi Sein","Promo Samsung Galaxy A07 ( 4/64 4/128 6/128 8/256 ) Garansi Resmi Sein - A07 4/64 Black, No Bonus Cicil 0% 3x -  - Ini Toko Budi Shop | Tokopedia","Handphone","Android OS","5","1061100663","Product Review","",,"Tokopedia","Oxwalker","Promo Samsung Galaxy A07 ( 4/64 4/128 6/128 8/256 ) Garansi Resmi Sein",,"2024-Q3"
"https://www.tokopedia.com/ini-toko-budi-shop/samsung-galaxy-a07-4-64-4-128-6-128-8-256-garansi-resmi-sein-1729815001835537895-1735330887460881895?extParam=ivf%3Dtrue%26keyword%3Dsamsung+a07%26search_id%3D2026051013261194F6D7E04A4D452A9TDF%26src%3Dsearch&t_id=1778419236765&t_st=7&t_pp=search_result&t_efo=search_pure_goods_card&t_ef=goods_search&t_sm=&t_spt=search_result","barang segel dan resmi jangan ragu beli gadget online di tokped ya","barang segel dan resmi jangan ragu beli gadget online di tokped ya","Oxwalker","Indonesia","05-10-2026","07-20-2024","Pants","barang segel dan resmi jangan ragu beli gadget online di tokped ya","barang segel dan resmi jangan ragu beli gadget online di tokped ya","Unisex",,,"103314079955","Promo Samsung Galaxy A07 ( 4/64 4/128 6/128 8/256 ) Garansi Resmi Sein","Promo Samsung Galaxy A07 ( 4/64 4/128 6/128 8/256 ) Garansi Resmi Sein - A07 4/64 Black, No Bonus Cicil 0% 3x -  - Ini Toko Budi Shop | Tokopedia","Handphone","Android OS","5","1068299496","Product Review","",,"Tokopedia","Oxwalker","Promo Samsung Galaxy A07 ( 4/64 4/128 6/128 8/256 ) Garansi Resmi Sein",,"2024-Q3"
"https://www.tokopedia.com/ini-toko-budi-shop/samsung-galaxy-a07-4-64-4-128-6-128-8-256-garansi-resmi-sein-1729815001835537895-1735330887460881895?extParam=ivf%3Dtrue%26keyword%3Dsamsung+a07%26search_id%3D2026051013261194F6D7E04A4D452A9TDF%26src%3Dsearch&t_id=1778419236765&t_st=7&t_pp=search_result&t_efo=search_pure_goods_card&t_ef=goods_search&t_sm=&t_spt=search_result","barang sesuai deskripsi,. packing rapih.. dan ramah sekali.
terimakasih sudah membuatkan secarik Note ucapan ulang tahun yg sy minta.. dan sdh di buatkan. anak sy senang sekali... trmksh 🙏🏻","barang sesuai deskripsi,. packing rapih.. dan ramah sekali.
terimakasih sudah membuatkan secarik Note ucapan ulang tahun yg sy minta.. dan sdh di buatkan. anak sy senang sekali... trmksh 🙏🏻","Oxwalker","Indonesia","05-10-2026","07-21-2024","Pants","barang sesuai deskripsi,. packing rapih.. dan ramah sekali.
terimakasih sudah membuatkan secarik Note ucapan ulang tahun yg sy minta.. dan sdh di buatkan. anak sy senang sekali... trmksh 🙏🏻","barang sesuai deskripsi,. packing rapih.. dan ramah sekali.
terimakasih sudah membuatkan secarik Note ucapan ulang tahun yg sy minta.. dan sdh di buatkan. anak sy senang sekali... trmksh 🙏🏻","Unisex",,,"103314079955","Promo Samsung Galaxy A07 ( 4/64 4/128 6/128 8/256 ) Garansi Resmi Sein","Promo Samsung Galaxy A07 ( 4/64 4/128 6/128 8/256 ) Garansi Resmi Sein - A07 4/64 Black, No Bonus Cicil 0% 3x -  - Ini Toko Budi Shop | Tokopedia","Handphone","Android OS","5","1068732778","Product Review","",,"Tokopedia","Oxwalker","Promo Samsung Galaxy A07 ( 4/64 4/128 6/128 8/256 ) Garansi Resmi Sein",,"2024-Q3"
"https://www.tokopedia.com/ini-toko-budi-shop/samsung-galaxy-a07-4-64-4-128-6-128-8-256-garansi-resmi-sein-1729815001835537895-1735330887460881895?extParam=ivf%3Dtrue%26keyword%3Dsamsung+a07%26search_id%3D2026051013261194F6D7E04A4D452A9TDF%26src%3Dsearch&t_id=1778419236765&t_st=7&t_pp=search_result&t_efo=search_pure_goods_card&t_ef=goods_search&t_sm=&t_spt=search_result","sudah datang dan sudah di coba aman semua, semoga awet, terima kasih","sudah datang dan sudah di coba aman semua, semoga awet, terima kasih","Oxwalker","Indonesia","05-10-2026","07-02-2024","Pants","sudah datang dan sudah di coba aman semua, semoga awet, terima kasih","sudah datang dan sudah di coba aman semua, semoga awet, terima kasih","Unisex",,,"103314079955","Promo Samsung Galaxy A07 ( 4/64 4/128 6/128 8/256 ) Garansi Resmi Sein","Promo Samsung Galaxy A07 ( 4/64 4/128 6/128 8/256 ) Garansi Resmi Sein - A07 4/64 Black, No Bonus Cicil 0% 3x -  - Ini Toko Budi Shop | Tokopedia","Handphone","Android OS","5","1060514156","Product Review","",,"Tokopedia","Oxwalker","Promo Samsung Galaxy A07 ( 4/64 4/128 6/128 8/256 ) Garansi Resmi Sein",,"2024-Q3"
"https://www.tokopedia.com/ini-toko-budi-shop/samsung-galaxy-a07-4-64-4-128-6-128-8-256-garansi-resmi-sein-1729815001835537895-1735330887460881895?extParam=ivf%3Dtrue%26keyword%3Dsamsung+a07%26search_id%3D2026051013261194F6D7E04A4D452A9TDF%26src%3Dsearch&t_id=1778419236765&t_st=7&t_pp=search_result&t_efo=search_pure_goods_card&t_ef=goods_search&t_sm=&t_spt=search_result","barang ori, bagus, pengemasan ny aman bgt.. admin nya responsif juga mkasih","barang ori, bagus, pengemasan ny aman bgt.. admin nya responsif juga mkasih","Oxwalker","Indonesia","05-10-2026","07-25-2024","Pants","barang ori, bagus, pengemasan ny aman bgt.. admin nya responsif juga mkasih","barang ori, bagus, pengemasan ny aman bgt.. admin nya responsif juga mkasih","Unisex",,,"103314079955","Promo Samsung Galaxy A07 ( 4/64 4/128 6/128 8/256 ) Garansi Resmi Sein","Promo Samsung Galaxy A07 ( 4/64 4/128 6/128 8/256 ) Garansi Resmi Sein - A07 4/64 Black, No Bonus Cicil 0% 3x -  - Ini Toko Budi Shop | Tokopedia","Handphone","Android OS","5","1070262426","Product Review","",,"Tokopedia","Oxwalker","Promo Samsung Galaxy A07 ( 4/64 4/128 6/128 8/256 ) Garansi Resmi Sein",,"2024-Q3"
"https://www.tokopedia.com/ini-toko-budi-shop/samsung-galaxy-a07-4-64-4-128-6-128-8-256-garansi-resmi-sein-1729815001835537895-1735330887460881895?extParam=ivf%3Dtrue%26keyword%3Dsamsung+a07%26search_id%3D2026051013261194F6D7E04A4D452A9TDF%26src%3Dsearch&t_id=1778419236765&t_st=7&t_pp=search_result&t_efo=search_pure_goods_card&t_ef=goods_search&t_sm=&t_spt=search_result","pengiriman nya cepat, kurir nya Bae,terimah kasih Tokopedia dan seller","pengiriman nya cepat, kurir nya Bae,terimah kasih Tokopedia dan seller","Oxwalker","Indonesia","05-10-2026","07-27-2024","Pants","pengiriman nya cepat, kurir nya Bae,terimah kasih Tokopedia dan seller","pengiriman nya cepat, kurir nya Bae,terimah kasih Tokopedia dan seller","Unisex",,,"103314079955","Promo Samsung Galaxy A07 ( 4/64 4/128 6/128 8/256 ) Garansi Resmi Sein","Promo Samsung Galaxy A07 ( 4/64 4/128 6/128 8/256 ) Garansi Resmi Sein - A07 4/64 Black, No Bonus Cicil 0% 3x -  - Ini Toko Budi Shop | Tokopedia","Handphone","Android OS","5","1071067461","Product Review","",,"Tokopedia","Oxwalker","Promo Samsung Galaxy A07 ( 4/64 4/128 6/128 8/256 ) Garansi Resmi Sein",,"2024-Q3"
"https://www.tokopedia.com/ini-toko-budi-shop/samsung-galaxy-a07-4-64-4-128-6-128-8-256-garansi-resmi-sein-1729815001835537895-1735330887460881895?extParam=ivf%3Dtrue%26keyword%3Dsamsung+a07%26search_id%3D2026051013261194F6D7E04A4D452A9TDF%26src%3Dsearch&t_id=1778419236765&t_st=7&t_pp=search_result&t_efo=search_pure_goods_card&t_ef=goods_search&t_sm=&t_spt=search_result","Seller responsif packing aman sampai tujuan produknya original 👍🏼
Semoga konsisten","Seller responsif packing aman sampai tujuan produknya original 👍🏼
Semoga konsisten","Oxwalker","Indonesia","05-10-2026","08-01-2024","Pants","Seller responsif packing aman sampai tujuan produknya original 👍🏼
Semoga konsisten","Seller responsif packing aman sampai tujuan produknya original 👍🏼
Semoga konsisten","Unisex",,,"103314079955","Promo Samsung Galaxy A07 ( 4/64 4/128 6/128 8/256 ) Garansi Resmi Sein","Promo Samsung Galaxy A07 ( 4/64 4/128 6/128 8/256 ) Garansi Resmi Sein - A07 4/64 Black, No Bonus Cicil 0% 3x -  - Ini Toko Budi Shop | Tokopedia","Handphone","Android OS","5","1073283282","Product Review","",,"Tokopedia","Oxwalker","Promo Samsung Galaxy A07 ( 4/64 4/128 6/128 8/256 ) Garansi Resmi Sein",,"2024-Q3"
"https://www.tokopedia.com/ini-toko-budi-shop/samsung-galaxy-a07-4-64-4-128-6-128-8-256-garansi-resmi-sein-1729815001835537895-1735330887460881895?extParam=ivf%3Dtrue%26keyword%3Dsamsung+a07%26search_id%3D2026051013261194F6D7E04A4D452A9TDF%26src%3Dsearch&t_id=1778419236765&t_st=7&t_pp=search_result&t_efo=search_pure_goods_card&t_ef=goods_search&t_sm=&t_spt=search_result","alhamdulillah barang sudah sampai dengan baik. kualitasnya bagus original . mudah mudahan awet . terima kasih mas budi","alhamdulillah barang sudah sampai dengan baik. kualitasnya bagus original . mudah mudahan awet . terima kasih mas budi","Oxwalker","Indonesia","05-10-2026","07-23-2024","Pants","alhamdulillah barang sudah sampai dengan baik. kualitasnya bagus original . mudah mudahan awet . terima kasih mas budi","alhamdulillah barang sudah sampai dengan baik. kualitasnya bagus original . mudah mudahan awet . terima kasih mas budi","Unisex",,,"103314079955","Promo Samsung Galaxy A07 ( 4/64 4/128 6/128 8/256 ) Garansi Resmi Sein","Promo Samsung Galaxy A07 ( 4/64 4/128 6/128 8/256 ) Garansi Resmi Sein - A07 4/64 Black, No Bonus Cicil 0% 3x -  - Ini Toko Budi Shop | Tokopedia","Handphone","Android OS","5","1069398757","Product Review","",,"Tokopedia","Oxwalker","Promo Samsung Galaxy A07 ( 4/64 4/128 6/128 8/256 ) Garansi Resmi Sein",,"2024-Q3"
"https://www.tokopedia.com/ini-toko-budi-shop/samsung-galaxy-a07-4-64-4-128-6-128-8-256-garansi-resmi-sein-1729815001835537895-1735330887460881895?extParam=ivf%3Dtrue%26keyword%3Dsamsung+a07%26search_id%3D2026051013261194F6D7E04A4D452A9TDF%26src%3Dsearch&t_id=1778419236765&t_st=7&t_pp=search_result&t_efo=search_pure_goods_card&t_ef=goods_search&t_sm=&t_spt=search_result","Barang sesuai deskripsi, fitur ok, garansi ada, pengiriman normal, semoga awet","Barang sesuai deskripsi, fitur ok, garansi ada, pengiriman normal, semoga awet","Oxwalker","Indonesia","05-10-2026","07-17-2024","Pants","Barang sesuai deskripsi, fitur ok, garansi ada, pengiriman normal, semoga awet","Barang sesuai deskripsi, fitur ok, garansi ada, pengiriman normal, semoga awet","Unisex",,,"103314079955","Promo Samsung Galaxy A07 ( 4/64 4/128 6/128 8/256 ) Garansi Resmi Sein","Promo Samsung Galaxy A07 ( 4/64 4/128 6/128 8/256 ) Garansi Resmi Sein - A07 4/64 Black, No Bonus Cicil 0% 3x -  - Ini Toko Budi Shop | Tokopedia","Handphone","Android OS","5","1067192721","Product Review","",,"Tokopedia","Oxwalker","Promo Samsung Galaxy A07 ( 4/64 4/128 6/128 8/256 ) Garansi Resmi Sein",,"2024-Q3"
"https://www.tokopedia.com/ini-toko-budi-shop/samsung-galaxy-a07-4-64-4-128-6-128-8-256-garansi-resmi-sein-1729815001835537895-1735330887460881895?extParam=ivf%3Dtrue%26keyword%3Dsamsung+a07%26search_id%3D2026051013261194F6D7E04A4D452A9TDF%26src%3Dsearch&t_id=1778419236765&t_st=7&t_pp=search_result&t_efo=search_pure_goods_card&t_ef=goods_search&t_sm=&t_spt=search_result","kualitas bagus. BNIB. bubble wrap super tebal. pengiriman super cepat","kualitas bagus. BNIB. bubble wrap super tebal. pengiriman super cepat","Oxwalker","Indonesia","05-10-2026","07-20-2024","Pants","kualitas bagus. BNIB. bubble wrap super tebal. pengiriman super cepat","kualitas bagus. BNIB. bubble wrap super tebal. pengiriman super cepat","Unisex",,,"103314079955","Promo Samsung Galaxy A07 ( 4/64 4/128 6/128 8/256 ) Garansi Resmi Sein","Promo Samsung Galaxy A07 ( 4/64 4/128 6/128 8/256 ) Garansi Resmi Sein - A07 4/64 Black, No Bonus Cicil 0% 3x -  - Ini Toko Budi Shop | Tokopedia","Handphone","Android OS","5","1068284626","Product Review","",,"Tokopedia","Oxwalker","Promo Samsung Galaxy A07 ( 4/64 4/128 6/128 8/256 ) Garansi Resmi Sein",,"2024-Q3"
"https://www.tokopedia.com/ini-toko-budi-shop/samsung-galaxy-a07-4-64-4-128-6-128-8-256-garansi-resmi-sein-1729815001835537895-1735330887460881895?extParam=ivf%3Dtrue%26keyword%3Dsamsung+a07%26search_id%3D2026051013261194F6D7E04A4D452A9TDF%26src%3Dsearch&t_id=1778419236765&t_st=7&t_pp=search_result&t_efo=search_pure_goods_card&t_ef=goods_search&t_sm=&t_spt=search_result","Tolong admin yg balas chat sblm saya beli, lebih fokus dlm menjawab pertanyaan saya. Makasih","Tolong admin yg balas chat sblm saya beli, lebih fokus dlm menjawab pertanyaan saya. Makasih","Oxwalker","Indonesia","05-10-2026","06-14-2024","Pants","Tolong admin yg balas chat sblm saya beli, lebih fokus dlm menjawab pertanyaan saya. Makasih","Tolong admin yg balas chat sblm saya beli, lebih fokus dlm menjawab pertanyaan saya. Makasih","Unisex",,,"103314079955","Promo Samsung Galaxy A07 ( 4/64 4/128 6/128 8/256 ) Garansi Resmi Sein","Promo Samsung Galaxy A07 ( 4/64 4/128 6/128 8/256 ) Garansi Resmi Sein - A07 4/64 Black, No Bonus Cicil 0% 3x -  - Ini Toko Budi Shop | Tokopedia","Handphone","Android OS","5","1052917203","Product Review","",,"Tokopedia","Oxwalker","Promo Samsung Galaxy A07 ( 4/64 4/128 6/128 8/256 ) Garansi Resmi Sein",,"2024-Q2"
"https://www.tokopedia.com/ini-toko-budi-shop/samsung-galaxy-a07-4-64-4-128-6-128-8-256-garansi-resmi-sein-1729815001835537895-1735330887460881895?extParam=ivf%3Dtrue%26keyword%3Dsamsung+a07%26search_id%3D2026051013261194F6D7E04A4D452A9TDF%26src%3Dsearch&t_id=1778419236765&t_st=7&t_pp=search_result&t_efo=search_pure_goods_card&t_ef=goods_search&t_sm=&t_spt=search_result","ud sampe ya paket ya kemaren moga bagus semua ya tq 🙏🙏🙏","ud sampe ya paket ya kemaren moga bagus semua ya tq 🙏🙏🙏","Oxwalker","Indonesia","05-10-2026","07-05-2024","Pants","ud sampe ya paket ya kemaren moga bagus semua ya tq 🙏🙏🙏","ud sampe ya paket ya kemaren moga bagus semua ya tq 🙏🙏🙏","Unisex",,,"103314079955","Promo Samsung Galaxy A07 ( 4/64 4/128 6/128 8/256 ) Garansi Resmi Sein","Promo Samsung Galaxy A07 ( 4/64 4/128 6/128 8/256 ) Garansi Resmi Sein - A07 4/64 Black, No Bonus Cicil 0% 3x -  - Ini Toko Budi Shop | Tokopedia","Handphone","Android OS","5","1061716370","Product Review","",,"Tokopedia","Oxwalker","Promo Samsung Galaxy A07 ( 4/64 4/128 6/128 8/256 ) Garansi Resmi Sein",,"2024-Q3"
"https://www.tokopedia.com/ini-toko-budi-shop/samsung-galaxy-a07-4-64-4-128-6-128-8-256-garansi-resmi-sein-1729815001835537895-1735330887460881895?extParam=ivf%3Dtrue%26keyword%3Dsamsung+a07%26search_id%3D2026051013261194F6D7E04A4D452A9TDF%26src%3Dsearch&t_id=1778419236765&t_st=7&t_pp=search_result&t_efo=search_pure_goods_card&t_ef=goods_search&t_sm=&t_spt=search_result","asli original mantap, garansi samsung, pengiriman cepat","asli original mantap, garansi samsung, pengiriman cepat","Oxwalker","Indonesia","05-10-2026","07-17-2024","Pants","asli original mantap, garansi samsung, pengiriman cepat","asli original mantap, garansi samsung, pengiriman cepat","Unisex",,,"103314079955","Promo Samsung Galaxy A07 ( 4/64 4/128 6/128 8/256 ) Garansi Resmi Sein","Promo Samsung Galaxy A07 ( 4/64 4/128 6/128 8/256 ) Garansi Resmi Sein - A07 4/64 Black, No Bonus Cicil 0% 3x -  - Ini Toko Budi Shop | Tokopedia","Handphone","Android OS","5","1067039884","Product Review","",,"Tokopedia","Oxwalker","Promo Samsung Galaxy A07 ( 4/64 4/128 6/128 8/256 ) Garansi Resmi Sein",,"2024-Q3"
"https://www.tokopedia.com/ini-toko-budi-shop/samsung-galaxy-a07-4-64-4-128-6-128-8-256-garansi-resmi-sein-1729815001835537895-1735330887460881895?extParam=ivf%3Dtrue%26keyword%3Dsamsung+a07%26search_id%3D2026051013261194F6D7E04A4D452A9TDF%26src%3Dsearch&t_id=1778419236765&t_st=7&t_pp=search_result&t_efo=search_pure_goods_card&t_ef=goods_search&t_sm=&t_spt=search_result","Good, imei terdaftar 👍🏻 semoga kedepannya bisa beli disini lagi","Good, imei terdaftar 👍🏻 semoga kedepannya bisa beli disini lagi","Oxwalker","Indonesia","05-10-2026","07-25-2024","Pants","Good, imei terdaftar 👍🏻 semoga kedepannya bisa beli disini lagi","Good, imei terdaftar 👍🏻 semoga kedepannya bisa beli disini lagi","Unisex",,,"103314079955","Promo Samsung Galaxy A07 ( 4/64 4/128 6/128 8/256 ) Garansi Resmi Sein","Promo Samsung Galaxy A07 ( 4/64 4/128 6/128 8/256 ) Garansi Resmi Sein - A07 4/64 Black, No Bonus Cicil 0% 3x -  - Ini Toko Budi Shop | Tokopedia","Handphone","Android OS","5","1070331035","Product Review","",,"Tokopedia","Oxwalker","Promo Samsung Galaxy A07 ( 4/64 4/128 6/128 8/256 ) Garansi Resmi Sein",,"2024-Q3"
"https://www.tokopedia.com/ini-toko-budi-shop/samsung-galaxy-a07-4-64-4-128-6-128-8-256-garansi-resmi-sein-1729815001835537895-1735330887460881895?extParam=ivf%3Dtrue%26keyword%3Dsamsung+a07%26search_id%3D2026051013261194F6D7E04A4D452A9TDF%26src%3Dsearch&t_id=1778419236765&t_st=7&t_pp=search_result&t_efo=search_pure_goods_card&t_ef=goods_search&t_sm=&t_spt=search_result","Catatan buat Samsung. Seharusnya Adapter itu bukan bonus, tapi memang harus ada dalam kelengkapan pembelian.","Catatan buat Samsung. Seharusnya Adapter itu bukan bonus, tapi memang harus ada dalam kelengkapan pembelian.","Oxwalker","Indonesia","05-10-2026","04-04-2024","Pants","Catatan buat Samsung. Seharusnya Adapter itu bukan bonus, tapi memang harus ada dalam kelengkapan pembelian.","Catatan buat Samsung. Seharusnya Adapter itu bukan bonus, tapi memang harus ada dalam kelengkapan pembelian.","Unisex",,,"103314079955","Promo Samsung Galaxy A07 ( 4/64 4/128 6/128 8/256 ) Garansi Resmi Sein","Promo Samsung Galaxy A07 ( 4/64 4/128 6/128 8/256 ) Garansi Resmi Sein - A07 4/64 Black, No Bonus Cicil 0% 3x -  - Ini Toko Budi Shop | Tokopedia","Handphone","Android OS","5","1024527392","Product Review","",,"Tokopedia","Oxwalker","Promo Samsung Galaxy A07 ( 4/64 4/128 6/128 8/256 ) Garansi Resmi Sein",,"2024-Q2"
"https://www.tokopedia.com/ini-toko-budi-shop/samsung-galaxy-a07-4-64-4-128-6-128-8-256-garansi-resmi-sein-1729815001835537895-1735330887460881895?extParam=ivf%3Dtrue%26keyword%3Dsamsung+a07%26search_id%3D2026051013261194F6D7E04A4D452A9TDF%26src%3Dsearch&t_id=1778419236765&t_st=7&t_pp=search_result&t_efo=search_pure_goods_card&t_ef=goods_search&t_sm=&t_spt=search_result","hp nya berfungsi dengan baik, masih segel. fast respon jg selernya. 👍","hp nya berfungsi dengan baik, masih segel. fast respon jg selernya. 👍","Oxwalker","Indonesia","05-10-2026","03-30-2024","Pants","hp nya berfungsi dengan baik, masih segel. fast respon jg selernya. 👍","hp nya berfungsi dengan baik, masih segel. fast respon jg selernya. 👍","Unisex",,,"103314079955","Promo Samsung Galaxy A07 ( 4/64 4/128 6/128 8/256 ) Garansi Resmi Sein","Promo Samsung Galaxy A07 ( 4/64 4/128 6/128 8/256 ) Garansi Resmi Sein - A07 4/64 Black, No Bonus Cicil 0% 3x -  - Ini Toko Budi Shop | Tokopedia","Handphone","Android OS","5","1021617816","Product Review","",,"Tokopedia","Oxwalker","Promo Samsung Galaxy A07 ( 4/64 4/128 6/128 8/256 ) Garansi Resmi Sein",,"2024-Q1"
"https://www.tokopedia.com/ini-toko-budi-shop/samsung-galaxy-a07-4-64-4-128-6-128-8-256-garansi-resmi-sein-1729815001835537895-1735330887460881895?extParam=ivf%3Dtrue%26keyword%3Dsamsung+a07%26search_id%3D2026051013261194F6D7E04A4D452A9TDF%26src%3Dsearch&t_id=1778419236765&t_st=7&t_pp=search_result&t_efo=search_pure_goods_card&t_ef=goods_search&t_sm=&t_spt=search_result","Barangnya original 👍. Kemasan disegel. Warna sesuai pesanan. Barangnya mulus. Berfungsi dengan baik. Spesifikasi sesuai .","Barangnya original 👍. Kemasan disegel. Warna sesuai pesanan. Barangnya mulus. Berfungsi dengan baik. Spesifikasi sesuai .","Oxwalker","Indonesia","05-10-2026","01-13-2022","Pants","Barangnya original 👍. Kemasan disegel. Warna sesuai pesanan. Barangnya mulus. Berfungsi dengan baik. Spesifikasi sesuai .","Barangnya original 👍. Kemasan disegel. Warna sesuai pesanan. Barangnya mulus. Berfungsi dengan baik. Spesifikasi sesuai .","Unisex",,,"103314079955","Promo Samsung Galaxy A07 ( 4/64 4/128 6/128 8/256 ) Garansi Resmi Sein","Promo Samsung Galaxy A07 ( 4/64 4/128 6/128 8/256 ) Garansi Resmi Sein - A07 4/64 Black, No Bonus Cicil 0% 3x -  - Ini Toko Budi Shop | Tokopedia","Handphone","Android OS","5","573886717","Product Review","",,"Tokopedia","Oxwalker","Promo Samsung Galaxy A07 ( 4/64 4/128 6/128 8/256 ) Garansi Resmi Sein",,"2022-Q1"
"https://www.tokopedia.com/ini-toko-budi-shop/samsung-galaxy-a07-4-64-4-128-6-128-8-256-garansi-resmi-sein-1729815001835537895-1735330887460881895?extParam=ivf%3Dtrue%26keyword%3Dsamsung+a07%26search_id%3D2026051013261194F6D7E04A4D452A9TDF%26src%3Dsearch&t_id=1778419236765&t_st=7&t_pp=search_result&t_efo=search_pure_goods_card&t_ef=goods_search&t_sm=&t_spt=search_result","mantap sesuai iklan, seller juga sangat ramah.
terimakasih 🙏🏻","mantap sesuai iklan, seller juga sangat ramah.
terimakasih 🙏🏻","Oxwalker","Indonesia","05-10-2026","06-20-2024","Pants","mantap sesuai iklan, seller juga sangat ramah.
terimakasih 🙏🏻","mantap sesuai iklan, seller juga sangat ramah.
terimakasih 🙏🏻","Unisex",,,"103314079955","Promo Samsung Galaxy A07 ( 4/64 4/128 6/128 8/256 ) Garansi Resmi Sein","Promo Samsung Galaxy A07 ( 4/64 4/128 6/128 8/256 ) Garansi Resmi Sein - A07 4/64 Black, No Bonus Cicil 0% 3x -  - Ini Toko Budi Shop | Tokopedia","Handphone","Android OS","5","1055301684","Product Review","",,"Tokopedia","Oxwalker","Promo Samsung Galaxy A07 ( 4/64 4/128 6/128 8/256 ) Garansi Resmi Sein",,"2024-Q2"
"https://www.tokopedia.com/ini-toko-budi-shop/samsung-galaxy-a07-4-64-4-128-6-128-8-256-garansi-resmi-sein-1729815001835537895-1735330887460881895?extParam=ivf%3Dtrue%26keyword%3Dsamsung+a07%26search_id%3D2026051013261194F6D7E04A4D452A9TDF%26src%3Dsearch&t_id=1778419236765&t_st=7&t_pp=search_result&t_efo=search_pure_goods_card&t_ef=goods_search&t_sm=&t_spt=search_result","Terima kasih barang tiba dengan selamat hp nya buat anak saya suka banget warnanya thanks","Terima kasih barang tiba dengan selamat hp nya buat anak saya suka banget warnanya thanks","Oxwalker","Indonesia","05-10-2026","04-07-2024","Pants","Terima kasih barang tiba dengan selamat hp nya buat anak saya suka banget warnanya thanks","Terima kasih barang tiba dengan selamat hp nya buat anak saya suka banget warnanya thanks","Unisex",,,"103314079955","Promo Samsung Galaxy A07 ( 4/64 4/128 6/128 8/256 ) Garansi Resmi Sein","Promo Samsung Galaxy A07 ( 4/64 4/128 6/128 8/256 ) Garansi Resmi Sein - A07 4/64 Black, No Bonus Cicil 0% 3x -  - Ini Toko Budi Shop | Tokopedia","Handphone","Android OS","5","1025703516","Product Review","",,"Tokopedia","Oxwalker","Promo Samsung Galaxy A07 ( 4/64 4/128 6/128 8/256 ) Garansi Resmi Sein",,"2024-Q2"
"https://www.tokopedia.com/ini-toko-budi-shop/samsung-galaxy-a07-4-64-4-128-6-128-8-256-garansi-resmi-sein-1729815001835537895-1735330887460881895?extParam=ivf%3Dtrue%26keyword%3Dsamsung+a07%26search_id%3D2026051013261194F6D7E04A4D452A9TDF%26src%3Dsearch&t_id=1778419236765&t_st=7&t_pp=search_result&t_efo=search_pure_goods_card&t_ef=goods_search&t_sm=&t_spt=search_result","Seller bgs sekali cuman sekedar
sedokit saran utk notasi hrs benar2 selektif biar gak gagal faham ya boleh dong kritik dikit
dan harus mau dikritik ya ..ok sip.","Seller bgs sekali cuman sekedar
sedokit saran utk notasi hrs benar2 selektif biar gak gagal faham ya boleh dong kritik dikit
dan harus mau dikritik ya ..ok sip.","Oxwalker","Indonesia","05-10-2026","04-02-2024","Pants","Seller bgs sekali cuman sekedar
sedokit saran utk notasi hrs benar2 selektif biar gak gagal faham ya boleh dong kritik dikit
dan harus mau dikritik ya ..ok sip.","Seller bgs sekali cuman sekedar
sedokit saran utk notasi hrs benar2 selektif biar gak gagal faham ya boleh dong kritik dikit
dan harus mau dikritik ya ..ok sip.","Unisex",,,"103314079955","Promo Samsung Galaxy A07 ( 4/64 4/128 6/128 8/256 ) Garansi Resmi Sein","Promo Samsung Galaxy A07 ( 4/64 4/128 6/128 8/256 ) Garansi Resmi Sein - A07 4/64 Black, No Bonus Cicil 0% 3x -  - Ini Toko Budi Shop | Tokopedia","Handphone","Android OS","5","1022987382","Product Review","",,"Tokopedia","Oxwalker","Promo Samsung Galaxy A07 ( 4/64 4/128 6/128 8/256 ) Garansi Resmi Sein",,"2024-Q2"
"https://www.tokopedia.com/ini-toko-budi-shop/samsung-galaxy-a07-4-64-4-128-6-128-8-256-garansi-resmi-sein-1729815001835537895-1735330887460881895?extParam=ivf%3Dtrue%26keyword%3Dsamsung+a07%26search_id%3D2026051013261194F6D7E04A4D452A9TDF%26src%3Dsearch&t_id=1778419236765&t_st=7&t_pp=search_result&t_efo=search_pure_goods_card&t_ef=goods_search&t_sm=&t_spt=search_result","Barangnya original 👍. 
responnya sangat baik dan sesuai pesananKelengkapan sesuai. Barangnya mulus.","Barangnya original 👍. 
responnya sangat baik dan sesuai pesananKelengkapan sesuai. Barangnya mulus.","Oxwalker","Indonesia","05-10-2026","11-17-2021","Pants","Barangnya original 👍. 
responnya sangat baik dan sesuai pesananKelengkapan sesuai. Barangnya mulus.","Barangnya original 👍. 
responnya sangat baik dan sesuai pesananKelengkapan sesuai. Barangnya mulus.","Unisex",,,"103314079955","Promo Samsung Galaxy A07 ( 4/64 4/128 6/128 8/256 ) Garansi Resmi Sein","Promo Samsung Galaxy A07 ( 4/64 4/128 6/128 8/256 ) Garansi Resmi Sein - A07 4/64 Black, No Bonus Cicil 0% 3x -  - Ini Toko Budi Shop | Tokopedia","Handphone","Android OS","5","526269345","Product Review","",,"Tokopedia","Oxwalker","Promo Samsung Galaxy A07 ( 4/64 4/128 6/128 8/256 ) Garansi Resmi Sein",,"2021-Q4"
"https://www.tokopedia.com/ini-toko-budi-shop/samsung-galaxy-a07-4-64-4-128-6-128-8-256-garansi-resmi-sein-1729815001835537895-1735330887460881895?extParam=ivf%3Dtrue%26keyword%3Dsamsung+a07%26search_id%3D2026051013261194F6D7E04A4D452A9TDF%26src%3Dsearch&t_id=1778419236765&t_st=7&t_pp=search_result&t_efo=search_pure_goods_card&t_ef=goods_search&t_sm=&t_spt=search_result","Barangnya original 👍. Kemasan disegel. Spesifikasi sesuai . Warna sesuai pesanan. Barangnya mulus. Berfungsi dengan baik. Suara jernih. Kamera tajam. Proses pesanan cepat. Packaging aman 🙏. Packaging rapi. Respon penjualnya top. Kelengkapan sesuai.","Barangnya original 👍. Kemasan disegel. Spesifikasi sesuai . Warna sesuai pesanan. Barangnya mulus. Berfungsi dengan baik. Suara jernih. Kamera tajam. Proses pesanan cepat. Packaging aman 🙏. Packaging rapi. Respon penjualnya top. Kelengkapan sesuai.","Oxwalker","Indonesia","05-10-2026","03-01-2022","Pants","Barangnya original 👍. Kemasan disegel. Spesifikasi sesuai . Warna sesuai pesanan. Barangnya mulus. Berfungsi dengan baik. Suara jernih. Kamera tajam. Proses pesanan cepat. Packaging aman 🙏. Packaging rapi. Respon penjualnya top. Kelengkapan sesuai.","Barangnya original 👍. Kemasan disegel. Spesifikasi sesuai . Warna sesuai pesanan. Barangnya mulus. Berfungsi dengan baik. Suara jernih. Kamera tajam. Proses pesanan cepat. Packaging aman 🙏. Packaging rapi. Respon penjualnya top. Kelengkapan sesuai.","Unisex",,,"103314079955","Promo Samsung Galaxy A07 ( 4/64 4/128 6/128 8/256 ) Garansi Resmi Sein","Promo Samsung Galaxy A07 ( 4/64 4/128 6/128 8/256 ) Garansi Resmi Sein - A07 4/64 Black, No Bonus Cicil 0% 3x -  - Ini Toko Budi Shop | Tokopedia","Handphone","Android OS","5","612253213","Product Review","",,"Tokopedia","Oxwalker","Promo Samsung Galaxy A07 ( 4/64 4/128 6/128 8/256 ) Garansi Resmi Sein",,"2022-Q1"
"https://www.tokopedia.com/ini-toko-budi-shop/samsung-galaxy-a07-4-64-4-128-6-128-8-256-garansi-resmi-sein-1729815001835537895-1735330887460881895?extParam=ivf%3Dtrue%26keyword%3Dsamsung+a07%26search_id%3D2026051013261194F6D7E04A4D452A9TDF%26src%3Dsearch&t_id=1778419236765&t_st=7&t_pp=search_result&t_efo=search_pure_goods_card&t_ef=goods_search&t_sm=&t_spt=search_result","Kemasan disegel Warna sesuai pesanan Packaging aman 🙏","Kemasan disegel Warna sesuai pesanan Packaging aman 🙏","Oxwalker","Indonesia","05-10-2026","03-08-2022","Pants","Kemasan disegel Warna sesuai pesanan Packaging aman 🙏","Kemasan disegel Warna sesuai pesanan Packaging aman 🙏","Unisex",,,"103314079955","Promo Samsung Galaxy A07 ( 4/64 4/128 6/128 8/256 ) Garansi Resmi Sein","Promo Samsung Galaxy A07 ( 4/64 4/128 6/128 8/256 ) Garansi Resmi Sein - A07 4/64 Black, No Bonus Cicil 0% 3x -  - Ini Toko Budi Shop | Tokopedia","Handphone","Android OS","5","618143764","Product Review","",,"Tokopedia","Oxwalker","Promo Samsung Galaxy A07 ( 4/64 4/128 6/128 8/256 ) Garansi Resmi Sein",,"2022-Q1"
"https://www.tokopedia.com/ini-toko-budi-shop/samsung-galaxy-a07-4-64-4-128-6-128-8-256-garansi-resmi-sein-1729815001835537895-1735330887460881895?extParam=ivf%3Dtrue%26keyword%3Dsamsung+a07%26search_id%3D2026051013261194F6D7E04A4D452A9TDF%26src%3Dsearch&t_id=1778419236765&t_st=7&t_pp=search_result&t_efo=search_pure_goods_card&t_ef=goods_search&t_sm=&t_spt=search_result","Barang sampai dengan selamat. Packingnya mantap. Tebel.","Barang sampai dengan selamat. Packingnya mantap. Tebel.","Oxwalker","Indonesia","05-10-2026","02-22-2024","Pants","Barang sampai dengan selamat. Packingnya mantap. Tebel.","Barang sampai dengan selamat. Packingnya mantap. Tebel.","Unisex",,,"103314079955","Promo Samsung Galaxy A07 ( 4/64 4/128 6/128 8/256 ) Garansi Resmi Sein","Promo Samsung Galaxy A07 ( 4/64 4/128 6/128 8/256 ) Garansi Resmi Sein - A07 4/64 Black, No Bonus Cicil 0% 3x -  - Ini Toko Budi Shop | Tokopedia","Handphone","Android OS","5","1005267724","Product Review","",,"Tokopedia","Oxwalker","Promo Samsung Galaxy A07 ( 4/64 4/128 6/128 8/256 ) Garansi Resmi Sein",,"2024-Q1"
"https://www.tokopedia.com/ini-toko-budi-shop/samsung-galaxy-a07-4-64-4-128-6-128-8-256-garansi-resmi-sein-1729815001835537895-1735330887460881895?extParam=ivf%3Dtrue%26keyword%3Dsamsung+a07%26search_id%3D2026051013261194F6D7E04A4D452A9TDF%26src%3Dsearch&t_id=1778419236765&t_st=7&t_pp=search_result&t_efo=search_pure_goods_card&t_ef=goods_search&t_sm=&t_spt=search_result","Barangnya original 👍. Ada garansi resmi. Warna sesuai pesanan. Kemasan disegel. Kelengkapan sesuai. Spesifikasi sesuai . Barangnya mulus. Berfungsi dengan baik.","Barangnya original 👍. Ada garansi resmi. Warna sesuai pesanan. Kemasan disegel. Kelengkapan sesuai. Spesifikasi sesuai . Barangnya mulus. Berfungsi dengan baik.","Oxwalker","Indonesia","05-10-2026","03-10-2022","Pants","Barangnya original 👍. Ada garansi resmi. Warna sesuai pesanan. Kemasan disegel. Kelengkapan sesuai. Spesifikasi sesuai . Barangnya mulus. Berfungsi dengan baik.","Barangnya original 👍. Ada garansi resmi. Warna sesuai pesanan. Kemasan disegel. Kelengkapan sesuai. Spesifikasi sesuai . Barangnya mulus. Berfungsi dengan baik.","Unisex",,,"103314079955","Promo Samsung Galaxy A07 ( 4/64 4/128 6/128 8/256 ) Garansi Resmi Sein","Promo Samsung Galaxy A07 ( 4/64 4/128 6/128 8/256 ) Garansi Resmi Sein - A07 4/64 Black, No Bonus Cicil 0% 3x -  - Ini Toko Budi Shop | Tokopedia","Handphone","Android OS","5","619957042","Product Review","",,"Tokopedia","Oxwalker","Promo Samsung Galaxy A07 ( 4/64 4/128 6/128 8/256 ) Garansi Resmi Sein",,"2022-Q1"
"https://www.tokopedia.com/ini-toko-budi-shop/samsung-galaxy-a07-4-64-4-128-6-128-8-256-garansi-resmi-sein-1729815001835537895-1735330887460881895?extParam=ivf%3Dtrue%26keyword%3Dsamsung+a07%26search_id%3D2026051013261194F6D7E04A4D452A9TDF%26src%3Dsearch&t_id=1778419236765&t_st=7&t_pp=search_result&t_efo=search_pure_goods_card&t_ef=goods_search&t_sm=&t_spt=search_result","Barangnya original 👍. Kemasan disegel. Spesifikasi sesuai . Ada garansi resmi. Kelengkapan sesuai. Warna sesuai pesanan. Barangnya mulus. Berfungsi dengan baik. Suara jernih. Kamera tajam. Baterai awet. Penjualnya ramah banget. Proses pesanan cepat. Packaging aman 🙏. Packaging rapi. Respon penjualnya top.","Barangnya original 👍. Kemasan disegel. Spesifikasi sesuai . Ada garansi resmi. Kelengkapan sesuai. Warna sesuai pesanan. Barangnya mulus. Berfungsi dengan baik. Suara jernih. Kamera tajam. Baterai awet. Penjualnya ramah banget. Proses pesanan cepat. Packaging aman 🙏. Packaging rapi. Respon penjualnya top.","Oxwalker","Indonesia","05-10-2026","01-08-2022","Pants","Barangnya original 👍. Kemasan disegel. Spesifikasi sesuai . Ada garansi resmi. Kelengkapan sesuai. Warna sesuai pesanan. Barangnya mulus. Berfungsi dengan baik. Suara jernih. Kamera tajam. Baterai awet. Penjualnya ramah banget. Proses pesanan cepat. Packaging aman 🙏. Packaging rapi. Respon penjualnya top.","Barangnya original 👍. Kemasan disegel. Spesifikasi sesuai . Ada garansi resmi. Kelengkapan sesuai. Warna sesuai pesanan. Barangnya mulus. Berfungsi dengan baik. Suara jernih. Kamera tajam. Baterai awet. Penjualnya ramah banget. Proses pesanan cepat. Packaging aman 🙏. Packaging rapi. Respon penjualnya top.","Unisex",,,"103314079955","Promo Samsung Galaxy A07 ( 4/64 4/128 6/128 8/256 ) Garansi Resmi Sein","Promo Samsung Galaxy A07 ( 4/64 4/128 6/128 8/256 ) Garansi Resmi Sein - A07 4/64 Black, No Bonus Cicil 0% 3x -  - Ini Toko Budi Shop | Tokopedia","Handphone","Android OS","5","569118792","Product Review","",,"Tokopedia","Oxwalker","Promo Samsung Galaxy A07 ( 4/64 4/128 6/128 8/256 ) Garansi Resmi Sein",,"2022-Q1"
"https://www.tokopedia.com/ini-toko-budi-shop/samsung-galaxy-a07-4-64-4-128-6-128-8-256-garansi-resmi-sein-1729815001835537895-1735330887460881895?extParam=ivf%3Dtrue%26keyword%3Dsamsung+a07%26search_id%3D2026051013261194F6D7E04A4D452A9TDF%26src%3Dsearch&t_id=1778419236765&t_st=7&t_pp=search_result&t_efo=search_pure_goods_card&t_ef=goods_search&t_sm=&t_spt=search_result","Barangnya original 👍. Kemasan disegel. Ada garansi resmi. Spesifikasi sesuai . Warna sesuai pesanan. Berfungsi dengan baik.","Barangnya original 👍. Kemasan disegel. Ada garansi resmi. Spesifikasi sesuai . Warna sesuai pesanan. Berfungsi dengan baik.","Oxwalker","Indonesia","05-10-2026","11-08-2021","Pants","Barangnya original 👍. Kemasan disegel. Ada garansi resmi. Spesifikasi sesuai . Warna sesuai pesanan. Berfungsi dengan baik.","Barangnya original 👍. Kemasan disegel. Ada garansi resmi. Spesifikasi sesuai . Warna sesuai pesanan. Berfungsi dengan baik.","Unisex",,,"103314079955","Promo Samsung Galaxy A07 ( 4/64 4/128 6/128 8/256 ) Garansi Resmi Sein","Promo Samsung Galaxy A07 ( 4/64 4/128 6/128 8/256 ) Garansi Resmi Sein - A07 4/64 Black, No Bonus Cicil 0% 3x -  - Ini Toko Budi Shop | Tokopedia","Handphone","Android OS","5","518898536","Product Review","",,"Tokopedia","Oxwalker","Promo Samsung Galaxy A07 ( 4/64 4/128 6/128 8/256 ) Garansi Resmi Sein",,"2021-Q4"
"https://www.tokopedia.com/ini-toko-budi-shop/samsung-galaxy-a07-4-64-4-128-6-128-8-256-garansi-resmi-sein-1729815001835537895-1735330887460881895?extParam=ivf%3Dtrue%26keyword%3Dsamsung+a07%26search_id%3D2026051013261194F6D7E04A4D452A9TDF%26src%3Dsearch&t_id=1778419236765&t_st=7&t_pp=search_result&t_efo=search_pure_goods_card&t_ef=goods_search&t_sm=&t_spt=search_result","Pengirimannya cepat walau pakai kurir,barang dipacking dengan aman..Produk original, garansi resmi dan harga kompetitif Kemasan disegel. Kelengkapan sesuai. Spesifikasi sesuai .","Pengirimannya cepat walau pakai kurir,barang dipacking dengan aman..Produk original, garansi resmi dan harga kompetitif Kemasan disegel. Kelengkapan sesuai. Spesifikasi sesuai .","Oxwalker","Indonesia","05-10-2026","02-27-2022","Pants","Pengirimannya cepat walau pakai kurir,barang dipacking dengan aman..Produk original, garansi resmi dan harga kompetitif Kemasan disegel. Kelengkapan sesuai. Spesifikasi sesuai .","Pengirimannya cepat walau pakai kurir,barang dipacking dengan aman..Produk original, garansi resmi dan harga kompetitif Kemasan disegel. Kelengkapan sesuai. Spesifikasi sesuai .","Unisex",,,"103314079955","Promo Samsung Galaxy A07 ( 4/64 4/128 6/128 8/256 ) Garansi Resmi Sein","Promo Samsung Galaxy A07 ( 4/64 4/128 6/128 8/256 ) Garansi Resmi Sein - A07 4/64 Black, No Bonus Cicil 0% 3x -  - Ini Toko Budi Shop | Tokopedia","Handphone","Android OS","5","610626247","Product Review","",,"Tokopedia","Oxwalker","Promo Samsung Galaxy A07 ( 4/64 4/128 6/128 8/256 ) Garansi Resmi Sein",,"2022-Q1"
"https://www.tokopedia.com/ini-toko-budi-shop/samsung-galaxy-a07-4-64-4-128-6-128-8-256-garansi-resmi-sein-1729815001835537895-1735330887460881895?extParam=ivf%3Dtrue%26keyword%3Dsamsung+a07%26search_id%3D2026051013261194F6D7E04A4D452A9TDF%26src%3Dsearch&t_id=1778419236765&t_st=7&t_pp=search_result&t_efo=search_pure_goods_card&t_ef=goods_search&t_sm=&t_spt=search_result","mantap, segel lengkap, HP sesuai pesananBarangnya original 👍. Ada garansi resmi. Warna sesuai pesanan. Kelengkapan sesuai. Kemasan disegel. charger aman","mantap, segel lengkap, HP sesuai pesananBarangnya original 👍. Ada garansi resmi. Warna sesuai pesanan. Kelengkapan sesuai. Kemasan disegel. charger aman","Oxwalker","Indonesia","05-10-2026","01-06-2022","Pants","mantap, segel lengkap, HP sesuai pesananBarangnya original 👍. Ada garansi resmi. Warna sesuai pesanan. Kelengkapan sesuai. Kemasan disegel. charger aman","mantap, segel lengkap, HP sesuai pesananBarangnya original 👍. Ada garansi resmi. Warna sesuai pesanan. Kelengkapan sesuai. Kemasan disegel. charger aman","Unisex",,,"103314079955","Promo Samsung Galaxy A07 ( 4/64 4/128 6/128 8/256 ) Garansi Resmi Sein","Promo Samsung Galaxy A07 ( 4/64 4/128 6/128 8/256 ) Garansi Resmi Sein - A07 4/64 Black, No Bonus Cicil 0% 3x -  - Ini Toko Budi Shop | Tokopedia","Handphone","Android OS","5","567683115","Product Review","",,"Tokopedia","Oxwalker","Promo Samsung Galaxy A07 ( 4/64 4/128 6/128 8/256 ) Garansi Resmi Sein",,"2022-Q1"
"https://www.tokopedia.com/ini-toko-budi-shop/samsung-galaxy-a07-4-64-4-128-6-128-8-256-garansi-resmi-sein-1729815001835537895-1735330887460881895?extParam=ivf%3Dtrue%26keyword%3Dsamsung+a07%26search_id%3D2026051013261194F6D7E04A4D452A9TDF%26src%3Dsearch&t_id=1778419236765&t_st=7&t_pp=search_result&t_efo=search_pure_goods_card&t_ef=goods_search&t_sm=&t_spt=search_result","Barangnya original 👍. Ada garansi resmi. Spesifikasi sesuai . Kelengkapan sesuai. Warna sesuai pesanan. Barangnya mulus. Kamera tajam. Kemasan disegel. Berfungsi dengan baik. Suara jernih. Baterai awet.","Barangnya original 👍. Ada garansi resmi. Spesifikasi sesuai . Kelengkapan sesuai. Warna sesuai pesanan. Barangnya mulus. Kamera tajam. Kemasan disegel. Berfungsi dengan baik. Suara jernih. Baterai awet.","Oxwalker","Indonesia","05-10-2026","11-11-2021","Pants","Barangnya original 👍. Ada garansi resmi. Spesifikasi sesuai . Kelengkapan sesuai. Warna sesuai pesanan. Barangnya mulus. Kamera tajam. Kemasan disegel. Berfungsi dengan baik. Suara jernih. Baterai awet.","Barangnya original 👍. Ada garansi resmi. Spesifikasi sesuai . Kelengkapan sesuai. Warna sesuai pesanan. Barangnya mulus. Kamera tajam. Kemasan disegel. Berfungsi dengan baik. Suara jernih. Baterai awet.","Unisex",,,"103314079955","Promo Samsung Galaxy A07 ( 4/64 4/128 6/128 8/256 ) Garansi Resmi Sein","Promo Samsung Galaxy A07 ( 4/64 4/128 6/128 8/256 ) Garansi Resmi Sein - A07 4/64 Black, No Bonus Cicil 0% 3x -  - Ini Toko Budi Shop | Tokopedia","Handphone","Android OS","5","521378918","Product Review","",,"Tokopedia","Oxwalker","Promo Samsung Galaxy A07 ( 4/64 4/128 6/128 8/256 ) Garansi Resmi Sein",,"2021-Q4"
"https://www.tokopedia.com/ini-toko-budi-shop/samsung-galaxy-a07-4-64-4-128-6-128-8-256-garansi-resmi-sein-1729815001835537895-1735330887460881895?extParam=ivf%3Dtrue%26keyword%3Dsamsung+a07%26search_id%3D2026051013261194F6D7E04A4D452A9TDF%26src%3Dsearch&t_id=1778419236765&t_st=7&t_pp=search_result&t_efo=search_pure_goods_card&t_ef=goods_search&t_sm=&t_spt=search_result","Pengirman cepat. Barang diterima sesuai deskripsi.","Pengirman cepat. Barang diterima sesuai deskripsi.","Oxwalker","Indonesia","05-10-2026","11-26-2023","Pants","Pengirman cepat. Barang diterima sesuai deskripsi.","Pengirman cepat. Barang diterima sesuai deskripsi.","Unisex",,,"103314079955","Promo Samsung Galaxy A07 ( 4/64 4/128 6/128 8/256 ) Garansi Resmi Sein","Promo Samsung Galaxy A07 ( 4/64 4/128 6/128 8/256 ) Garansi Resmi Sein - A07 4/64 Black, No Bonus Cicil 0% 3x -  - Ini Toko Budi Shop | Tokopedia","Handphone","Android OS","5","968231326","Product Review","",,"Tokopedia","Oxwalker","Promo Samsung Galaxy A07 ( 4/64 4/128 6/128 8/256 ) Garansi Resmi Sein",,"2023-Q4"
"https://www.tokopedia.com/ini-toko-budi-shop/samsung-galaxy-a07-4-64-4-128-6-128-8-256-garansi-resmi-sein-1729815001835537895-1735330887460881895?extParam=ivf%3Dtrue%26keyword%3Dsamsung+a07%26search_id%3D2026051013261194F6D7E04A4D452A9TDF%26src%3Dsearch&t_id=1778419236765&t_st=7&t_pp=search_result&t_efo=search_pure_goods_card&t_ef=goods_search&t_sm=&t_spt=search_result","seller ramah banget, pengiriman cepat .. the best lah 
Barangnya original 👍. Ada garansi resmi. Kemasan disegel. Kelengkapan sesuai. Barangnya mulus. Spesifikasi sesuai . Warna sesuai pesanan.","seller ramah banget, pengiriman cepat .. the best lah 
Barangnya original 👍. Ada garansi resmi. Kemasan disegel. Kelengkapan sesuai. Barangnya mulus. Spesifikasi sesuai . Warna sesuai pesanan.","Oxwalker","Indonesia","05-10-2026","11-17-2021","Pants","seller ramah banget, pengiriman cepat .. the best lah 
Barangnya original 👍. Ada garansi resmi. Kemasan disegel. Kelengkapan sesuai. Barangnya mulus. Spesifikasi sesuai . Warna sesuai pesanan.","seller ramah banget, pengiriman cepat .. the best lah 
Barangnya original 👍. Ada garansi resmi. Kemasan disegel. Kelengkapan sesuai. Barangnya mulus. Spesifikasi sesuai . Warna sesuai pesanan.","Unisex",,,"103314079955","Promo Samsung Galaxy A07 ( 4/64 4/128 6/128 8/256 ) Garansi Resmi Sein","Promo Samsung Galaxy A07 ( 4/64 4/128 6/128 8/256 ) Garansi Resmi Sein - A07 4/64 Black, No Bonus Cicil 0% 3x -  - Ini Toko Budi Shop | Tokopedia","Handphone","Android OS","5","526380278","Product Review","",,"Tokopedia","Oxwalker","Promo Samsung Galaxy A07 ( 4/64 4/128 6/128 8/256 ) Garansi Resmi Sein",,"2021-Q4"
"https://www.tokopedia.com/ini-toko-budi-shop/samsung-galaxy-a07-4-64-4-128-6-128-8-256-garansi-resmi-sein-1729815001835537895-1735330887460881895?extParam=ivf%3Dtrue%26keyword%3Dsamsung+a07%26search_id%3D2026051013261194F6D7E04A4D452A9TDF%26src%3Dsearch&t_id=1778419236765&t_st=7&t_pp=search_result&t_efo=search_pure_goods_card&t_ef=goods_search&t_sm=&t_spt=search_result","Barangnya original 👍. Ada garansi resmi. Kemasan disegel. Kelengkapan sesuai. Barangnya mulus. Suara jernih.  Makasih seller dan tokped. sukses selalu","Barangnya original 👍. Ada garansi resmi. Kemasan disegel. Kelengkapan sesuai. Barangnya mulus. Suara jernih.  Makasih seller dan tokped. sukses selalu","Oxwalker","Indonesia","05-10-2026","01-19-2022","Pants","Barangnya original 👍. Ada garansi resmi. Kemasan disegel. Kelengkapan sesuai. Barangnya mulus. Suara jernih.  Makasih seller dan tokped. sukses selalu","Barangnya original 👍. Ada garansi resmi. Kemasan disegel. Kelengkapan sesuai. Barangnya mulus. Suara jernih.  Makasih seller dan tokped. sukses selalu","Unisex",,,"103314079955","Promo Samsung Galaxy A07 ( 4/64 4/128 6/128 8/256 ) Garansi Resmi Sein","Promo Samsung Galaxy A07 ( 4/64 4/128 6/128 8/256 ) Garansi Resmi Sein - A07 4/64 Black, No Bonus Cicil 0% 3x -  - Ini Toko Budi Shop | Tokopedia","Handphone","Android OS","5","578590493","Product Review","",,"Tokopedia","Oxwalker","Promo Samsung Galaxy A07 ( 4/64 4/128 6/128 8/256 ) Garansi Resmi Sein",,"2022-Q1"
"https://www.tokopedia.com/ini-toko-budi-shop/samsung-galaxy-a07-4-64-4-128-6-128-8-256-garansi-resmi-sein-1729815001835537895-1735330887460881895?extParam=ivf%3Dtrue%26keyword%3Dsamsung+a07%26search_id%3D2026051013261194F6D7E04A4D452A9TDF%26src%3Dsearch&t_id=1778419236765&t_st=7&t_pp=search_result&t_efo=search_pure_goods_card&t_ef=goods_search&t_sm=&t_spt=search_result","Barangnya original 👍. Ada garansi resmi. Kelengkapan sesuai. Berfungsi dengan baik.","Barangnya original 👍. Ada garansi resmi. Kelengkapan sesuai. Berfungsi dengan baik.","Oxwalker","Indonesia","05-10-2026","12-07-2021","Pants","Barangnya original 👍. Ada garansi resmi. Kelengkapan sesuai. Berfungsi dengan baik.","Barangnya original 👍. Ada garansi resmi. Kelengkapan sesuai. Berfungsi dengan baik.","Unisex",,,"103314079955","Promo Samsung Galaxy A07 ( 4/64 4/128 6/128 8/256 ) Garansi Resmi Sein","Promo Samsung Galaxy A07 ( 4/64 4/128 6/128 8/256 ) Garansi Resmi Sein - A07 4/64 Black, No Bonus Cicil 0% 3x -  - Ini Toko Budi Shop | Tokopedia","Handphone","Android OS","5","542015222","Product Review","",,"Tokopedia","Oxwalker","Promo Samsung Galaxy A07 ( 4/64 4/128 6/128 8/256 ) Garansi Resmi Sein",,"2021-Q4"
"https://www.tokopedia.com/ini-toko-budi-shop/samsung-galaxy-a07-4-64-4-128-6-128-8-256-garansi-resmi-sein-1729815001835537895-1735330887460881895?extParam=ivf%3Dtrue%26keyword%3Dsamsung+a07%26search_id%3D2026051013261194F6D7E04A4D452A9TDF%26src%3Dsearch&t_id=1778419236765&t_st=7&t_pp=search_result&t_efo=search_pure_goods_card&t_ef=goods_search&t_sm=&t_spt=search_result","Barangnya original 👍. Kemasan disegel. Spesifikasi sesuai . Ada garansi resmi. Kelengkapan sesuai. Warna sesuai pesanan. Barangnya mulus. Berfungsi dengan baik. Suara jernih. Kamera tajam. Baterai awet. maaf baru kasih ulasan siap untuk orderan berikutnya","Barangnya original 👍. Kemasan disegel. Spesifikasi sesuai . Ada garansi resmi. Kelengkapan sesuai. Warna sesuai pesanan. Barangnya mulus. Berfungsi dengan baik. Suara jernih. Kamera tajam. Baterai awet. maaf baru kasih ulasan siap untuk orderan berikutnya","Oxwalker","Indonesia","05-10-2026","01-04-2022","Pants","Barangnya original 👍. Kemasan disegel. Spesifikasi sesuai . Ada garansi resmi. Kelengkapan sesuai. Warna sesuai pesanan. Barangnya mulus. Berfungsi dengan baik. Suara jernih. Kamera tajam. Baterai awet. maaf baru kasih ulasan siap untuk orderan berikutnya","Barangnya original 👍. Kemasan disegel. Spesifikasi sesuai . Ada garansi resmi. Kelengkapan sesuai. Warna sesuai pesanan. Barangnya mulus. Berfungsi dengan baik. Suara jernih. Kamera tajam. Baterai awet. maaf baru kasih ulasan siap untuk orderan berikutnya","Unisex",,,"103314079955","Promo Samsung Galaxy A07 ( 4/64 4/128 6/128 8/256 ) Garansi Resmi Sein","Promo Samsung Galaxy A07 ( 4/64 4/128 6/128 8/256 ) Garansi Resmi Sein - A07 4/64 Black, No Bonus Cicil 0% 3x -  - Ini Toko Budi Shop | Tokopedia","Handphone","Android OS","5","566238131","Product Review","",,"Tokopedia","Oxwalker","Promo Samsung Galaxy A07 ( 4/64 4/128 6/128 8/256 ) Garansi Resmi Sein",,"2022-Q1"
"https://www.tokopedia.com/ini-toko-budi-shop/samsung-galaxy-a07-4-64-4-128-6-128-8-256-garansi-resmi-sein-1729815001835537895-1735330887460881895?extParam=ivf%3Dtrue%26keyword%3Dsamsung+a07%26search_id%3D2026051013261194F6D7E04A4D452A9TDF%26src%3Dsearch&t_id=1778419236765&t_st=7&t_pp=search_result&t_efo=search_pure_goods_card&t_ef=goods_search&t_sm=&t_spt=search_result","Barangnya original 👍. Ada garansi resmi. Kemasan disegel.","Barangnya original 👍. Ada garansi resmi. Kemasan disegel.","Oxwalker","Indonesia","05-10-2026","11-10-2021","Pants","Barangnya original 👍. Ada garansi resmi. Kemasan disegel.","Barangnya original 👍. Ada garansi resmi. Kemasan disegel.","Unisex",,,"103314079955","Promo Samsung Galaxy A07 ( 4/64 4/128 6/128 8/256 ) Garansi Resmi Sein","Promo Samsung Galaxy A07 ( 4/64 4/128 6/128 8/256 ) Garansi Resmi Sein - A07 4/64 Black, No Bonus Cicil 0% 3x -  - Ini Toko Budi Shop | Tokopedia","Handphone","Android OS","5","520399715","Product Review","",,"Tokopedia","Oxwalker","Promo Samsung Galaxy A07 ( 4/64 4/128 6/128 8/256 ) Garansi Resmi Sein",,"2021-Q4"
"https://www.tokopedia.com/ini-toko-budi-shop/samsung-galaxy-a07-4-64-4-128-6-128-8-256-garansi-resmi-sein-1729815001835537895-1735330887460881895?extParam=ivf%3Dtrue%26keyword%3Dsamsung+a07%26search_id%3D2026051013261194F6D7E04A4D452A9TDF%26src%3Dsearch&t_id=1778419236765&t_st=7&t_pp=search_result&t_efo=search_pure_goods_card&t_ef=goods_search&t_sm=&t_spt=search_result","Barangnya original 👍. Kemasan disegel. Kelengkapan sesuai. Berfungsi dengan baik.","Barangnya original 👍. Kemasan disegel. Kelengkapan sesuai. Berfungsi dengan baik.","Oxwalker","Indonesia","05-10-2026","10-28-2021","Pants","Barangnya original 👍. Kemasan disegel. Kelengkapan sesuai. Berfungsi dengan baik.","Barangnya original 👍. Kemasan disegel. Kelengkapan sesuai. Berfungsi dengan baik.","Unisex",,,"103314079955","Promo Samsung Galaxy A07 ( 4/64 4/128 6/128 8/256 ) Garansi Resmi Sein","Promo Samsung Galaxy A07 ( 4/64 4/128 6/128 8/256 ) Garansi Resmi Sein - A07 4/64 Black, No Bonus Cicil 0% 3x -  - Ini Toko Budi Shop | Tokopedia","Handphone","Android OS","5","509644137","Product Review","",,"Tokopedia","Oxwalker","Promo Samsung Galaxy A07 ( 4/64 4/128 6/128 8/256 ) Garansi Resmi Sein",,"2021-Q4"
"https://www.tokopedia.com/ini-toko-budi-shop/samsung-galaxy-a07-4-64-4-128-6-128-8-256-garansi-resmi-sein-1729815001835537895-1735330887460881895?extParam=ivf%3Dtrue%26keyword%3Dsamsung+a07%26search_id%3D2026051013261194F6D7E04A4D452A9TDF%26src%3Dsearch&t_id=1778419236765&t_st=7&t_pp=search_result&t_efo=search_pure_goods_card&t_ef=goods_search&t_sm=&t_spt=search_result","Barang sudah di test dan bisa, semoga awet. Thanks","Barang sudah di test dan bisa, semoga awet. Thanks","Oxwalker","Indonesia","05-10-2026","03-05-2024","Pants","Barang sudah di test dan bisa, semoga awet. Thanks","Barang sudah di test dan bisa, semoga awet. Thanks","Unisex",,,"103314079955","Promo Samsung Galaxy A07 ( 4/64 4/128 6/128 8/256 ) Garansi Resmi Sein","Promo Samsung Galaxy A07 ( 4/64 4/128 6/128 8/256 ) Garansi Resmi Sein - A07 4/64 Black, No Bonus Cicil 0% 3x -  - Ini Toko Budi Shop | Tokopedia","Handphone","Android OS","5","1010548048","Product Review","",,"Tokopedia","Oxwalker","Promo Samsung Galaxy A07 ( 4/64 4/128 6/128 8/256 ) Garansi Resmi Sein",,"2024-Q1"
"https://www.tokopedia.com/ini-toko-budi-shop/samsung-galaxy-a07-4-64-4-128-6-128-8-256-garansi-resmi-sein-1729815001835537895-1735330887460881895?extParam=ivf%3Dtrue%26keyword%3Dsamsung+a07%26search_id%3D2026051013261194F6D7E04A4D452A9TDF%26src%3Dsearch&t_id=1778419236765&t_st=7&t_pp=search_result&t_efo=search_pure_goods_card&t_ef=goods_search&t_sm=&t_spt=search_result","Barangnya original 👍. Ada garansi resmi. Warna sesuai pesanan.","Barangnya original 👍. Ada garansi resmi. Warna sesuai pesanan.","Oxwalker","Indonesia","05-10-2026","03-23-2022","Pants","Barangnya original 👍. Ada garansi resmi. Warna sesuai pesanan.","Barangnya original 👍. Ada garansi resmi. Warna sesuai pesanan.","Unisex",,,"103314079955","Promo Samsung Galaxy A07 ( 4/64 4/128 6/128 8/256 ) Garansi Resmi Sein","Promo Samsung Galaxy A07 ( 4/64 4/128 6/128 8/256 ) Garansi Resmi Sein - A07 4/64 Black, No Bonus Cicil 0% 3x -  - Ini Toko Budi Shop | Tokopedia","Handphone","Android OS","5","630095612","Product Review","",,"Tokopedia","Oxwalker","Promo Samsung Galaxy A07 ( 4/64 4/128 6/128 8/256 ) Garansi Resmi Sein",,"2022-Q1"
"https://www.tokopedia.com/ini-toko-budi-shop/samsung-galaxy-a07-4-64-4-128-6-128-8-256-garansi-resmi-sein-1729815001835537895-1735330887460881895?extParam=ivf%3Dtrue%26keyword%3Dsamsung+a07%26search_id%3D2026051013261194F6D7E04A4D452A9TDF%26src%3Dsearch&t_id=1778419236765&t_st=7&t_pp=search_result&t_efo=search_pure_goods_card&t_ef=goods_search&t_sm=&t_spt=search_result","Mantap, recomended seller. Fast response, sabtu pesan, besoknya sudah sampai. Barangnya oke dan original 👍 Kemasan disegel, Warna sesuai pesanan, Packaging aman 🙏","Mantap, recomended seller. Fast response, sabtu pesan, besoknya sudah sampai. Barangnya oke dan original 👍 Kemasan disegel, Warna sesuai pesanan, Packaging aman 🙏","Oxwalker","Indonesia","05-10-2026","03-16-2022","Pants","Mantap, recomended seller. Fast response, sabtu pesan, besoknya sudah sampai. Barangnya oke dan original 👍 Kemasan disegel, Warna sesuai pesanan, Packaging aman 🙏","Mantap, recomended seller. Fast response, sabtu pesan, besoknya sudah sampai. Barangnya oke dan original 👍 Kemasan disegel, Warna sesuai pesanan, Packaging aman 🙏","Unisex",,,"103314079955","Promo Samsung Galaxy A07 ( 4/64 4/128 6/128 8/256 ) Garansi Resmi Sein","Promo Samsung Galaxy A07 ( 4/64 4/128 6/128 8/256 ) Garansi Resmi Sein - A07 4/64 Black, No Bonus Cicil 0% 3x -  - Ini Toko Budi Shop | Tokopedia","Handphone","Android OS","5","624810322","Product Review","",,"Tokopedia","Oxwalker","Promo Samsung Galaxy A07 ( 4/64 4/128 6/128 8/256 ) Garansi Resmi Sein",,"2022-Q1"
"https://www.tokopedia.com/ini-toko-budi-shop/samsung-galaxy-a07-4-64-4-128-6-128-8-256-garansi-resmi-sein-1729815001835537895-1735330887460881895?extParam=ivf%3Dtrue%26keyword%3Dsamsung+a07%26search_id%3D2026051013261194F6D7E04A4D452A9TDF%26src%3Dsearch&t_id=1778419236765&t_st=7&t_pp=search_result&t_efo=search_pure_goods_card&t_ef=goods_search&t_sm=&t_spt=search_result","Barangnya original 👍. Kemasan disegel. Spesifikasi sesuai . Warna sesuai pesanan. Barangnya mulus. Berfungsi dengan baik.","Barangnya original 👍. Kemasan disegel. Spesifikasi sesuai . Warna sesuai pesanan. Barangnya mulus. Berfungsi dengan baik.","Oxwalker","Indonesia","05-10-2026","03-01-2022","Pants","Barangnya original 👍. Kemasan disegel. Spesifikasi sesuai . Warna sesuai pesanan. Barangnya mulus. Berfungsi dengan baik.","Barangnya original 👍. Kemasan disegel. Spesifikasi sesuai . Warna sesuai pesanan. Barangnya mulus. Berfungsi dengan baik.","Unisex",,,"103314079955","Promo Samsung Galaxy A07 ( 4/64 4/128 6/128 8/256 ) Garansi Resmi Sein","Promo Samsung Galaxy A07 ( 4/64 4/128 6/128 8/256 ) Garansi Resmi Sein - A07 4/64 Black, No Bonus Cicil 0% 3x -  - Ini Toko Budi Shop | Tokopedia","Handphone","Android OS","5","612214119","Product Review","",,"Tokopedia","Oxwalker","Promo Samsung Galaxy A07 ( 4/64 4/128 6/128 8/256 ) Garansi Resmi Sein",,"2022-Q1"
"https://www.tokopedia.com/ini-toko-budi-shop/samsung-galaxy-a07-4-64-4-128-6-128-8-256-garansi-resmi-sein-1729815001835537895-1735330887460881895?extParam=ivf%3Dtrue%26keyword%3Dsamsung+a07%26search_id%3D2026051013261194F6D7E04A4D452A9TDF%26src%3Dsearch&t_id=1778419236765&t_st=7&t_pp=search_result&t_efo=search_pure_goods_card&t_ef=goods_search&t_sm=&t_spt=search_result","proses mudah, respon cepat, barang cepat sampai dg kondisi baik/mulus. mantap","proses mudah, respon cepat, barang cepat sampai dg kondisi baik/mulus. mantap","Oxwalker","Indonesia","05-10-2026","10-26-2021","Pants","proses mudah, respon cepat, barang cepat sampai dg kondisi baik/mulus. mantap","proses mudah, respon cepat, barang cepat sampai dg kondisi baik/mulus. mantap","Unisex",,,"103314079955","Promo Samsung Galaxy A07 ( 4/64 4/128 6/128 8/256 ) Garansi Resmi Sein","Promo Samsung Galaxy A07 ( 4/64 4/128 6/128 8/256 ) Garansi Resmi Sein - A07 4/64 Black, No Bonus Cicil 0% 3x -  - Ini Toko Budi Shop | Tokopedia","Handphone","Android OS","5","508079837","Product Review","",,"Tokopedia","Oxwalker","Promo Samsung Galaxy A07 ( 4/64 4/128 6/128 8/256 ) Garansi Resmi Sein",,"2021-Q4"
"https://www.tokopedia.com/ini-toko-budi-shop/samsung-galaxy-a07-4-64-4-128-6-128-8-256-garansi-resmi-sein-1729815001835537895-1735330887460881895?extParam=ivf%3Dtrue%26keyword%3Dsamsung+a07%26search_id%3D2026051013261194F6D7E04A4D452A9TDF%26src%3Dsearch&t_id=1778419236765&t_st=7&t_pp=search_result&t_efo=search_pure_goods_card&t_ef=goods_search&t_sm=&t_spt=search_result","maksih barang sudah sampai dengan aman, dan pelanggan suka semoga awet dan next order lagi.","maksih barang sudah sampai dengan aman, dan pelanggan suka semoga awet dan next order lagi.","Oxwalker","Indonesia","05-10-2026","02-27-2022","Pants","maksih barang sudah sampai dengan aman, dan pelanggan suka semoga awet dan next order lagi.","maksih barang sudah sampai dengan aman, dan pelanggan suka semoga awet dan next order lagi.","Unisex",,,"103314079955","Promo Samsung Galaxy A07 ( 4/64 4/128 6/128 8/256 ) Garansi Resmi Sein","Promo Samsung Galaxy A07 ( 4/64 4/128 6/128 8/256 ) Garansi Resmi Sein - A07 4/64 Black, No Bonus Cicil 0% 3x -  - Ini Toko Budi Shop | Tokopedia","Handphone","Android OS","5","610089106","Product Review","",,"Tokopedia","Oxwalker","Promo Samsung Galaxy A07 ( 4/64 4/128 6/128 8/256 ) Garansi Resmi Sein",,"2022-Q1"
"https://www.tokopedia.com/ini-toko-budi-shop/samsung-galaxy-a07-4-64-4-128-6-128-8-256-garansi-resmi-sein-1729815001835537895-1735330887460881895?extParam=ivf%3Dtrue%26keyword%3Dsamsung+a07%26search_id%3D2026051013261194F6D7E04A4D452A9TDF%26src%3Dsearch&t_id=1778419236765&t_st=7&t_pp=search_result&t_efo=search_pure_goods_card&t_ef=goods_search&t_sm=&t_spt=search_result","Barangnya original 👍. Spesifikasi sesuai . Warna sesuai pesanan. Kelengkapan sesuai. Ada garansi resmi. Berfungsi dengan baik. Mantaaaap....!! 👍👍👍🙏🙏","Barangnya original 👍. Spesifikasi sesuai . Warna sesuai pesanan. Kelengkapan sesuai. Ada garansi resmi. Berfungsi dengan baik. Mantaaaap....!! 👍👍👍🙏🙏","Oxwalker","Indonesia","05-10-2026","11-22-2021","Pants","Barangnya original 👍. Spesifikasi sesuai . Warna sesuai pesanan. Kelengkapan sesuai. Ada garansi resmi. Berfungsi dengan baik. Mantaaaap....!! 👍👍👍🙏🙏","Barangnya original 👍. Spesifikasi sesuai . Warna sesuai pesanan. Kelengkapan sesuai. Ada garansi resmi. Berfungsi dengan baik. Mantaaaap....!! 👍👍👍🙏🙏","Unisex",,,"103314079955","Promo Samsung Galaxy A07 ( 4/64 4/128 6/128 8/256 ) Garansi Resmi Sein","Promo Samsung Galaxy A07 ( 4/64 4/128 6/128 8/256 ) Garansi Resmi Sein - A07 4/64 Black, No Bonus Cicil 0% 3x -  - Ini Toko Budi Shop | Tokopedia","Handphone","Android OS","5","529786203","Product Review","",,"Tokopedia","Oxwalker","Promo Samsung Galaxy A07 ( 4/64 4/128 6/128 8/256 ) Garansi Resmi Sein",,"2021-Q4"
"https://www.tokopedia.com/ini-toko-budi-shop/samsung-galaxy-a07-4-64-4-128-6-128-8-256-garansi-resmi-sein-1729815001835537895-1735330887460881895?extParam=ivf%3Dtrue%26keyword%3Dsamsung+a07%26search_id%3D2026051013261194F6D7E04A4D452A9TDF%26src%3Dsearch&t_id=1778419236765&t_st=7&t_pp=search_result&t_efo=search_pure_goods_card&t_ef=goods_search&t_sm=&t_spt=search_result","Barangnya original 👍. Warna sesuai pesanan. Berfungsi dengan baik. Barangnya mulus.","Barangnya original 👍. Warna sesuai pesanan. Berfungsi dengan baik. Barangnya mulus.","Oxwalker","Indonesia","05-10-2026","12-22-2021","Pants","Barangnya original 👍. Warna sesuai pesanan. Berfungsi dengan baik. Barangnya mulus.","Barangnya original 👍. Warna sesuai pesanan. Berfungsi dengan baik. Barangnya mulus.","Unisex",,,"103314079955","Promo Samsung Galaxy A07 ( 4/64 4/128 6/128 8/256 ) Garansi Resmi Sein","Promo Samsung Galaxy A07 ( 4/64 4/128 6/128 8/256 ) Garansi Resmi Sein - A07 4/64 Black, No Bonus Cicil 0% 3x -  - Ini Toko Budi Shop | Tokopedia","Handphone","Android OS","5","555188926","Product Review","",,"Tokopedia","Oxwalker","Promo Samsung Galaxy A07 ( 4/64 4/128 6/128 8/256 ) Garansi Resmi Sein",,"2021-Q4"
"https://www.tokopedia.com/ini-toko-budi-shop/samsung-galaxy-a07-4-64-4-128-6-128-8-256-garansi-resmi-sein-1729815001835537895-1735330887460881895?extParam=ivf%3Dtrue%26keyword%3Dsamsung+a07%26search_id%3D2026051013261194F6D7E04A4D452A9TDF%26src%3Dsearch&t_id=1778419236765&t_st=7&t_pp=search_result&t_efo=search_pure_goods_card&t_ef=goods_search&t_sm=&t_spt=search_result","Ada garansi resmi. Kelengkapan sesuai. Kemasan disegel. Warna sesuai pesanan.","Ada garansi resmi. Kelengkapan sesuai. Kemasan disegel. Warna sesuai pesanan.","Oxwalker","Indonesia","05-10-2026","11-12-2021","Pants","Ada garansi resmi. Kelengkapan sesuai. Kemasan disegel. Warna sesuai pesanan.","Ada garansi resmi. Kelengkapan sesuai. Kemasan disegel. Warna sesuai pesanan.","Unisex",,,"103314079955","Promo Samsung Galaxy A07 ( 4/64 4/128 6/128 8/256 ) Garansi Resmi Sein","Promo Samsung Galaxy A07 ( 4/64 4/128 6/128 8/256 ) Garansi Resmi Sein - A07 4/64 Black, No Bonus Cicil 0% 3x -  - Ini Toko Budi Shop | Tokopedia","Handphone","Android OS","5","521806875","Product Review","",,"Tokopedia","Oxwalker","Promo Samsung Galaxy A07 ( 4/64 4/128 6/128 8/256 ) Garansi Resmi Sein",,"2021-Q4"
"https://www.tokopedia.com/ini-toko-budi-shop/samsung-galaxy-a07-4-64-4-128-6-128-8-256-garansi-resmi-sein-1729815001835537895-1735330887460881895?extParam=ivf%3Dtrue%26keyword%3Dsamsung+a07%26search_id%3D2026051013261194F6D7E04A4D452A9TDF%26src%3Dsearch&t_id=1778419236765&t_st=7&t_pp=search_result&t_efo=search_pure_goods_card&t_ef=goods_search&t_sm=&t_spt=search_result","barang ori pengiriman cepat mantap garansi resmi","barang ori pengiriman cepat mantap garansi resmi","Oxwalker","Indonesia","05-10-2026","08-01-2025","Pants","barang ori pengiriman cepat mantap garansi resmi","barang ori pengiriman cepat mantap garansi resmi","Unisex",,,"103314079955","Promo Samsung Galaxy A07 ( 4/64 4/128 6/128 8/256 ) Garansi Resmi Sein","Promo Samsung Galaxy A07 ( 4/64 4/128 6/128 8/256 ) Garansi Resmi Sein - A07 4/64 Black, No Bonus Cicil 0% 3x -  - Ini Toko Budi Shop | Tokopedia","Handphone","Android OS","5","1604909815","Product Review","",,"Tokopedia","Oxwalker","Promo Samsung Galaxy A07 ( 4/64 4/128 6/128 8/256 ) Garansi Resmi Sein",,"2025-Q3"
"https://www.tokopedia.com/ini-toko-budi-shop/samsung-galaxy-a07-4-64-4-128-6-128-8-256-garansi-resmi-sein-1729815001835537895-1735330887460881895?extParam=ivf%3Dtrue%26keyword%3Dsamsung+a07%26search_id%3D2026051013261194F6D7E04A4D452A9TDF%26src%3Dsearch&t_id=1778419236765&t_st=7&t_pp=search_result&t_efo=search_pure_goods_card&t_ef=goods_search&t_sm=&t_spt=search_result","terima kasih sudah berbelanja disini ya kak semoga kk dan keluarga selalu sehat dan rezeky melimpah salam sukses selalu buat kakak","terima kasih sudah berbelanja disini ya kak semoga kk dan keluarga selalu sehat dan rezeky melimpah salam sukses selalu buat kakak","Oxwalker","Indonesia","05-10-2026","03-29-2026","Pants","terima kasih sudah berbelanja disini ya kak semoga kk dan keluarga selalu sehat dan rezeky melimpah salam sukses selalu buat kakak","terima kasih sudah berbelanja disini ya kak semoga kk dan keluarga selalu sehat dan rezeky melimpah salam sukses selalu buat kakak","Unisex",,,"103314079955","Promo Samsung Galaxy A07 ( 4/64 4/128 6/128 8/256 ) Garansi Resmi Sein","Promo Samsung Galaxy A07 ( 4/64 4/128 6/128 8/256 ) Garansi Resmi Sein - A07 4/64 Black, No Bonus Cicil 0% 3x -  - Ini Toko Budi Shop | Tokopedia","Handphone","Android OS","5","2018869036","Product Review","",,"Tokopedia","Oxwalker","Promo Samsung Galaxy A07 ( 4/64 4/128 6/128 8/256 ) Garansi Resmi Sein",,"2026-Q1"
"https://www.tokopedia.com/ini-toko-budi-shop/samsung-galaxy-a07-4-64-4-128-6-128-8-256-garansi-resmi-sein-1729815001835537895-1735330887460881895?extParam=ivf%3Dtrue%26keyword%3Dsamsung+a07%26search_id%3D2026051013261194F6D7E04A4D452A9TDF%26src%3Dsearch&t_id=1778419236765&t_st=7&t_pp=search_result&t_efo=search_pure_goods_card&t_ef=goods_search&t_sm=&t_spt=search_result","𝘳𝘦𝘢𝘭 𝘱𝘪𝘤𝘬 𝘯 𝘣𝘦𝘳𝘧𝘶𝘯𝘨𝘴𝘪 𝘣𝘢𝘪𝘬","𝘳𝘦𝘢𝘭 𝘱𝘪𝘤𝘬 𝘯 𝘣𝘦𝘳𝘧𝘶𝘯𝘨𝘴𝘪 𝘣𝘢𝘪𝘬","Oxwalker","Indonesia","05-10-2026","06-18-2025","Pants","𝘳𝘦𝘢𝘭 𝘱𝘪𝘤𝘬 𝘯 𝘣𝘦𝘳𝘧𝘶𝘯𝘨𝘴𝘪 𝘣𝘢𝘪𝘬","𝘳𝘦𝘢𝘭 𝘱𝘪𝘤𝘬 𝘯 𝘣𝘦𝘳𝘧𝘶𝘯𝘨𝘴𝘪 𝘣𝘢𝘪𝘬","Unisex",,,"103314079955","Promo Samsung Galaxy A07 ( 4/64 4/128 6/128 8/256 ) Garansi Resmi Sein","Promo Samsung Galaxy A07 ( 4/64 4/128 6/128 8/256 ) Garansi Resmi Sein - A07 4/64 Black, No Bonus Cicil 0% 3x -  - Ini Toko Budi Shop | Tokopedia","Handphone","Android OS","5","1529633588","Product Review","",,"Tokopedia","Oxwalker","Promo Samsung Galaxy A07 ( 4/64 4/128 6/128 8/256 ) Garansi Resmi Sein",,"2025-Q2"
"https://www.tokopedia.com/ini-toko-budi-shop/samsung-galaxy-a07-4-64-4-128-6-128-8-256-garansi-resmi-sein-1729815001835537895-1735330887460881895?extParam=ivf%3Dtrue%26keyword%3Dsamsung+a07%26search_id%3D2026051013261194F6D7E04A4D452A9TDF%26src%3Dsearch&t_id=1778419236765&t_st=7&t_pp=search_result&t_efo=search_pure_goods_card&t_ef=goods_search&t_sm=&t_spt=search_result","Pengriman cepat..barang aman...pengemasan rapi..","Pengriman cepat..barang aman...pengemasan rapi..","Oxwalker","Indonesia","05-10-2026","04-17-2026","Pants","Pengriman cepat..barang aman...pengemasan rapi..","Pengriman cepat..barang aman...pengemasan rapi..","Unisex",,,"103314079955","Promo Samsung Galaxy A07 ( 4/64 4/128 6/128 8/256 ) Garansi Resmi Sein","Promo Samsung Galaxy A07 ( 4/64 4/128 6/128 8/256 ) Garansi Resmi Sein - A07 4/64 Black, No Bonus Cicil 0% 3x -  - Ini Toko Budi Shop | Tokopedia","Handphone","Android OS","5","2051147990","Product Review","",,"Tokopedia","Oxwalker","Promo Samsung Galaxy A07 ( 4/64 4/128 6/128 8/256 ) Garansi Resmi Sein",,"2026-Q2"
"https://www.tokopedia.com/ini-toko-budi-shop/samsung-galaxy-a07-4-64-4-128-6-128-8-256-garansi-resmi-sein-1729815001835537895-1735330887460881895?extParam=ivf%3Dtrue%26keyword%3Dsamsung+a07%26search_id%3D2026051013261194F6D7E04A4D452A9TDF%26src%3Dsearch&t_id=1778419236765&t_st=7&t_pp=search_result&t_efo=search_pure_goods_card&t_ef=goods_search&t_sm=&t_spt=search_result","pengiriman instan cpet bner. barangnya juga okeyy","pengiriman instan cpet bner. barangnya juga okeyy","Oxwalker","Indonesia","05-10-2026","10-18-2025","Pants","pengiriman instan cpet bner. barangnya juga okeyy","pengiriman instan cpet bner. barangnya juga okeyy","Unisex",,,"103314079955","Promo Samsung Galaxy A07 ( 4/64 4/128 6/128 8/256 ) Garansi Resmi Sein","Promo Samsung Galaxy A07 ( 4/64 4/128 6/128 8/256 ) Garansi Resmi Sein - A07 4/64 Black, No Bonus Cicil 0% 3x -  - Ini Toko Budi Shop | Tokopedia","Handphone","Android OS","5","1725945188","Product Review","",,"Tokopedia","Oxwalker","Promo Samsung Galaxy A07 ( 4/64 4/128 6/128 8/256 ) Garansi Resmi Sein",,"2025-Q4"
"https://www.tokopedia.com/ini-toko-budi-shop/samsung-galaxy-a07-4-64-4-128-6-128-8-256-garansi-resmi-sein-1729815001835537895-1735330887460881895?extParam=ivf%3Dtrue%26keyword%3Dsamsung+a07%26search_id%3D2026051013261194F6D7E04A4D452A9TDF%26src%3Dsearch&t_id=1778419236765&t_st=7&t_pp=search_result&t_efo=search_pure_goods_card&t_ef=goods_search&t_sm=&t_spt=search_result","barang sesuai keterangan, asli Samsung Indonesia","barang sesuai keterangan, asli Samsung Indonesia","Oxwalker","Indonesia","05-10-2026","10-09-2025","Pants","barang sesuai keterangan, asli Samsung Indonesia","barang sesuai keterangan, asli Samsung Indonesia","Unisex",,,"103314079955","Promo Samsung Galaxy A07 ( 4/64 4/128 6/128 8/256 ) Garansi Resmi Sein","Promo Samsung Galaxy A07 ( 4/64 4/128 6/128 8/256 ) Garansi Resmi Sein - A07 4/64 Black, No Bonus Cicil 0% 3x -  - Ini Toko Budi Shop | Tokopedia","Handphone","Android OS","5","1712945588","Product Review","",,"Tokopedia","Oxwalker","Promo Samsung Galaxy A07 ( 4/64 4/128 6/128 8/256 ) Garansi Resmi Sein",,"2025-Q4"
"https://www.tokopedia.com/ini-toko-budi-shop/samsung-galaxy-a07-4-64-4-128-6-128-8-256-garansi-resmi-sein-1729815001835537895-1735330887460881895?extParam=ivf%3Dtrue%26keyword%3Dsamsung+a07%26search_id%3D2026051013261194F6D7E04A4D452A9TDF%26src%3Dsearch&t_id=1778419236765&t_st=7&t_pp=search_result&t_efo=search_pure_goods_card&t_ef=goods_search&t_sm=&t_spt=search_result","Ok,ori lengkap","Ok,ori lengkap","Oxwalker","Indonesia","05-10-2026","06-16-2025","Pants","Ok,ori lengkap","Ok,ori lengkap","Unisex",,,"103314079955","Promo Samsung Galaxy A07 ( 4/64 4/128 6/128 8/256 ) Garansi Resmi Sein","Promo Samsung Galaxy A07 ( 4/64 4/128 6/128 8/256 ) Garansi Resmi Sein - A07 4/64 Black, No Bonus Cicil 0% 3x -  - Ini Toko Budi Shop | Tokopedia","Handphone","Android OS","5","1525953445","Product Review","",,"Tokopedia","Oxwalker","Promo Samsung Galaxy A07 ( 4/64 4/128 6/128 8/256 ) Garansi Resmi Sein",,"2025-Q2"
"https://www.tokopedia.com/ini-toko-budi-shop/samsung-galaxy-a07-4-64-4-128-6-128-8-256-garansi-resmi-sein-1729815001835537895-1735330887460881895?extParam=ivf%3Dtrue%26keyword%3Dsamsung+a07%26search_id%3D2026051013261194F6D7E04A4D452A9TDF%26src%3Dsearch&t_id=1778419236765&t_st=7&t_pp=search_result&t_efo=search_pure_goods_card&t_ef=goods_search&t_sm=&t_spt=search_result","Berfungsi dengan baik. Barangnya mulus. Barangnya original 👍.","Berfungsi dengan baik. Barangnya mulus. Barangnya original 👍.","Oxwalker","Indonesia","05-10-2026","11-14-2021","Pants","Berfungsi dengan baik. Barangnya mulus. Barangnya original 👍.","Berfungsi dengan baik. Barangnya mulus. Barangnya original 👍.","Unisex",,,"103314079955","Promo Samsung Galaxy A07 ( 4/64 4/128 6/128 8/256 ) Garansi Resmi Sein","Promo Samsung Galaxy A07 ( 4/64 4/128 6/128 8/256 ) Garansi Resmi Sein - A07 4/64 Black, No Bonus Cicil 0% 3x -  - Ini Toko Budi Shop | Tokopedia","Handphone","Android OS","5","523948899","Product Review","",,"Tokopedia","Oxwalker","Promo Samsung Galaxy A07 ( 4/64 4/128 6/128 8/256 ) Garansi Resmi Sein",,"2021-Q4"
"https://www.tokopedia.com/ini-toko-budi-shop/samsung-galaxy-a07-4-64-4-128-6-128-8-256-garansi-resmi-sein-1729815001835537895-1735330887460881895?extParam=ivf%3Dtrue%26keyword%3Dsamsung+a07%26search_id%3D2026051013261194F6D7E04A4D452A9TDF%26src%3Dsearch&t_id=1778419236765&t_st=7&t_pp=search_result&t_efo=search_pure_goods_card&t_ef=goods_search&t_sm=&t_spt=search_result","barang sesuai dgn pesanan, ori, barang juga mulus. sip","barang sesuai dgn pesanan, ori, barang juga mulus. sip","Oxwalker","Indonesia","05-10-2026","03-07-2025","Pants","barang sesuai dgn pesanan, ori, barang juga mulus. sip","barang sesuai dgn pesanan, ori, barang juga mulus. sip","Unisex",,,"103314079955","Promo Samsung Galaxy A07 ( 4/64 4/128 6/128 8/256 ) Garansi Resmi Sein","Promo Samsung Galaxy A07 ( 4/64 4/128 6/128 8/256 ) Garansi Resmi Sein - A07 4/64 Black, No Bonus Cicil 0% 3x -  - Ini Toko Budi Shop | Tokopedia","Handphone","Android OS","5","1302486700","Product Review","",,"Tokopedia","Oxwalker","Promo Samsung Galaxy A07 ( 4/64 4/128 6/128 8/256 ) Garansi Resmi Sein",,"2025-Q1"
"https://www.tokopedia.com/ini-toko-budi-shop/samsung-galaxy-a07-4-64-4-128-6-128-8-256-garansi-resmi-sein-1729815001835537895-1735330887460881895?extParam=ivf%3Dtrue%26keyword%3Dsamsung+a07%26search_id%3D2026051013261194F6D7E04A4D452A9TDF%26src%3Dsearch&t_id=1778419236765&t_st=7&t_pp=search_result&t_efo=search_pure_goods_card&t_ef=goods_search&t_sm=&t_spt=search_result","terimakasih terbaik beli disini barang original","terimakasih terbaik beli disini barang original","Oxwalker","Indonesia","05-10-2026","09-28-2025","Pants","terimakasih terbaik beli disini barang original","terimakasih terbaik beli disini barang original","Unisex",,,"103314079955","Promo Samsung Galaxy A07 ( 4/64 4/128 6/128 8/256 ) Garansi Resmi Sein","Promo Samsung Galaxy A07 ( 4/64 4/128 6/128 8/256 ) Garansi Resmi Sein - A07 4/64 Black, No Bonus Cicil 0% 3x -  - Ini Toko Budi Shop | Tokopedia","Handphone","Android OS","5","1696789760","Product Review","",,"Tokopedia","Oxwalker","Promo Samsung Galaxy A07 ( 4/64 4/128 6/128 8/256 ) Garansi Resmi Sein",,"2025-Q3"
"https://www.tokopedia.com/ini-toko-budi-shop/samsung-galaxy-a07-4-64-4-128-6-128-8-256-garansi-resmi-sein-1729815001835537895-1735330887460881895?extParam=ivf%3Dtrue%26keyword%3Dsamsung+a07%26search_id%3D2026051013261194F6D7E04A4D452A9TDF%26src%3Dsearch&t_id=1778419236765&t_st=7&t_pp=search_result&t_efo=search_pure_goods_card&t_ef=goods_search&t_sm=&t_spt=search_result","hp sudah sampai.. semoga awet","hp sudah sampai.. semoga awet","Oxwalker","Indonesia","05-10-2026","04-21-2026","Pants","hp sudah sampai.. semoga awet","hp sudah sampai.. semoga awet","Unisex",,,"103314079955","Promo Samsung Galaxy A07 ( 4/64 4/128 6/128 8/256 ) Garansi Resmi Sein","Promo Samsung Galaxy A07 ( 4/64 4/128 6/128 8/256 ) Garansi Resmi Sein - A07 4/64 Black, No Bonus Cicil 0% 3x -  - Ini Toko Budi Shop | Tokopedia","Handphone","Android OS","5","2057651430","Product Review","",,"Tokopedia","Oxwalker","Promo Samsung Galaxy A07 ( 4/64 4/128 6/128 8/256 ) Garansi Resmi Sein",,"2026-Q2"
"https://www.tokopedia.com/ini-toko-budi-shop/samsung-galaxy-a07-4-64-4-128-6-128-8-256-garansi-resmi-sein-1729815001835537895-1735330887460881895?extParam=ivf%3Dtrue%26keyword%3Dsamsung+a07%26search_id%3D2026051013261194F6D7E04A4D452A9TDF%26src%3Dsearch&t_id=1778419236765&t_st=7&t_pp=search_result&t_efo=search_pure_goods_card&t_ef=goods_search&t_sm=&t_spt=search_result","barang tidak masalah.

pengirim sama sekali tidak responsive. bilang bisa kirim hari yanga sama tapi ternyata mengirimnya keesokan harinya. Dan sellernya mengirim barangnya 1 menit sebelum cancel otomatis.

sama sekali tidak recommend seller ini.","barang tidak masalah.

pengirim sama sekali tidak responsive. bilang bisa kirim hari yanga sama tapi ternyata mengirimnya keesokan harinya. Dan sellernya mengirim barangnya 1 menit sebelum cancel otomatis.

sama sekali tidak recommend seller ini.","Oxwalker","Indonesia","05-10-2026","05-09-2024","Pants","barang tidak masalah.

pengirim sama sekali tidak responsive. bilang bisa kirim hari yanga sama tapi ternyata mengirimnya keesokan harinya. Dan sellernya mengirim barangnya 1 menit sebelum cancel otomatis.

sama sekali tidak recommend seller ini.","barang tidak masalah.

pengirim sama sekali tidak responsive. bilang bisa kirim hari yanga sama tapi ternyata mengirimnya keesokan harinya. Dan sellernya mengirim barangnya 1 menit sebelum cancel otomatis.

sama sekali tidak recommend seller ini.","Unisex",,,"103314079955","Promo Samsung Galaxy A07 ( 4/64 4/128 6/128 8/256 ) Garansi Resmi Sein","Promo Samsung Galaxy A07 ( 4/64 4/128 6/128 8/256 ) Garansi Resmi Sein - A07 4/64 Black, No Bonus Cicil 0% 3x -  - Ini Toko Budi Shop | Tokopedia","Handphone","Android OS","1","1037520817","Product Review","",,"Tokopedia","Oxwalker","Promo Samsung Galaxy A07 ( 4/64 4/128 6/128 8/256 ) Garansi Resmi Sein",,"2024-Q2"
"https://www.tokopedia.com/ini-toko-budi-shop/samsung-galaxy-a07-4-64-4-128-6-128-8-256-garansi-resmi-sein-1729815001835537895-1735330887460881895?extParam=ivf%3Dtrue%26keyword%3Dsamsung+a07%26search_id%3D2026051013261194F6D7E04A4D452A9TDF%26src%3Dsearch&t_id=1778419236765&t_st=7&t_pp=search_result&t_efo=search_pure_goods_card&t_ef=goods_search&t_sm=&t_spt=search_result","Ori Samsung, sya suka. Produk good sesuai speck","Ori Samsung, sya suka. Produk good sesuai speck","Oxwalker","Indonesia","05-10-2026","10-16-2025","Pants","Ori Samsung, sya suka. Produk good sesuai speck","Ori Samsung, sya suka. Produk good sesuai speck","Unisex",,,"103314079955","Promo Samsung Galaxy A07 ( 4/64 4/128 6/128 8/256 ) Garansi Resmi Sein","Promo Samsung Galaxy A07 ( 4/64 4/128 6/128 8/256 ) Garansi Resmi Sein - A07 4/64 Black, No Bonus Cicil 0% 3x -  - Ini Toko Budi Shop | Tokopedia","Handphone","Android OS","5","1723777640","Product Review","",,"Tokopedia","Oxwalker","Promo Samsung Galaxy A07 ( 4/64 4/128 6/128 8/256 ) Garansi Resmi Sein",,"2025-Q4"
"https://www.tokopedia.com/ini-toko-budi-shop/samsung-galaxy-a07-4-64-4-128-6-128-8-256-garansi-resmi-sein-1729815001835537895-1735330887460881895?extParam=ivf%3Dtrue%26keyword%3Dsamsung+a07%26search_id%3D2026051013261194F6D7E04A4D452A9TDF%26src%3Dsearch&t_id=1778419236765&t_st=7&t_pp=search_result&t_efo=search_pure_goods_card&t_ef=goods_search&t_sm=&t_spt=search_result","Barang sudah diterima, mulus dan recommended..","Barang sudah diterima, mulus dan recommended..","Oxwalker","Indonesia","05-10-2026","10-27-2025","Pants","Barang sudah diterima, mulus dan recommended..","Barang sudah diterima, mulus dan recommended..","Unisex",,,"103314079955","Promo Samsung Galaxy A07 ( 4/64 4/128 6/128 8/256 ) Garansi Resmi Sein","Promo Samsung Galaxy A07 ( 4/64 4/128 6/128 8/256 ) Garansi Resmi Sein - A07 4/64 Black, No Bonus Cicil 0% 3x -  - Ini Toko Budi Shop | Tokopedia","Handphone","Android OS","5","1738810429","Product Review","",,"Tokopedia","Oxwalker","Promo Samsung Galaxy A07 ( 4/64 4/128 6/128 8/256 ) Garansi Resmi Sein",,"2025-Q4"
"https://www.tokopedia.com/ini-toko-budi-shop/samsung-galaxy-a07-4-64-4-128-6-128-8-256-garansi-resmi-sein-1729815001835537895-1735330887460881895?extParam=ivf%3Dtrue%26keyword%3Dsamsung+a07%26search_id%3D2026051013261194F6D7E04A4D452A9TDF%26src%3Dsearch&t_id=1778419236765&t_st=7&t_pp=search_result&t_efo=search_pure_goods_card&t_ef=goods_search&t_sm=&t_spt=search_result","paket langsung dianter, barang ori semoga awet","paket langsung dianter, barang ori semoga awet","Oxwalker","Indonesia","05-10-2026","05-04-2026","Pants","paket langsung dianter, barang ori semoga awet","paket langsung dianter, barang ori semoga awet","Unisex",,,"103314079955","Promo Samsung Galaxy A07 ( 4/64 4/128 6/128 8/256 ) Garansi Resmi Sein","Promo Samsung Galaxy A07 ( 4/64 4/128 6/128 8/256 ) Garansi Resmi Sein - A07 4/64 Black, No Bonus Cicil 0% 3x -  - Ini Toko Budi Shop | Tokopedia","Handphone","Android OS","5","2078946864","Product Review","",,"Tokopedia","Oxwalker","Promo Samsung Galaxy A07 ( 4/64 4/128 6/128 8/256 ) Garansi Resmi Sein",,"2026-Q2"
"https://www.tokopedia.com/ini-toko-budi-shop/samsung-galaxy-a07-4-64-4-128-6-128-8-256-garansi-resmi-sein-1729815001835537895-1735330887460881895?extParam=ivf%3Dtrue%26keyword%3Dsamsung+a07%26search_id%3D2026051013261194F6D7E04A4D452A9TDF%26src%3Dsearch&t_id=1778419236765&t_st=7&t_pp=search_result&t_efo=search_pure_goods_card&t_ef=goods_search&t_sm=&t_spt=search_result","barang bagus, sampai di tujuan dengan selamat","barang bagus, sampai di tujuan dengan selamat","Oxwalker","Indonesia","05-10-2026","05-26-2025","Pants","barang bagus, sampai di tujuan dengan selamat","barang bagus, sampai di tujuan dengan selamat","Unisex",,,"103314079955","Promo Samsung Galaxy A07 ( 4/64 4/128 6/128 8/256 ) Garansi Resmi Sein","Promo Samsung Galaxy A07 ( 4/64 4/128 6/128 8/256 ) Garansi Resmi Sein - A07 4/64 Black, No Bonus Cicil 0% 3x -  - Ini Toko Budi Shop | Tokopedia","Handphone","Android OS","5","1485444436","Product Review","",,"Tokopedia","Oxwalker","Promo Samsung Galaxy A07 ( 4/64 4/128 6/128 8/256 ) Garansi Resmi Sein",,"2025-Q2"
"https://www.tokopedia.com/ini-toko-budi-shop/samsung-galaxy-a07-4-64-4-128-6-128-8-256-garansi-resmi-sein-1729815001835537895-1735330887460881895?extParam=ivf%3Dtrue%26keyword%3Dsamsung+a07%26search_id%3D2026051013261194F6D7E04A4D452A9TDF%26src%3Dsearch&t_id=1778419236765&t_st=7&t_pp=search_result&t_efo=search_pure_goods_card&t_ef=goods_search&t_sm=&t_spt=search_result","sudah sampai dan lengkap semua terima kasih 🙏","sudah sampai dan lengkap semua terima kasih 🙏","Oxwalker","Indonesia","05-10-2026","07-27-2024","Pants","sudah sampai dan lengkap semua terima kasih 🙏","sudah sampai dan lengkap semua terima kasih 🙏","Unisex",,,"103314079955","Promo Samsung Galaxy A07 ( 4/64 4/128 6/128 8/256 ) Garansi Resmi Sein","Promo Samsung Galaxy A07 ( 4/64 4/128 6/128 8/256 ) Garansi Resmi Sein - A07 4/64 Black, No Bonus Cicil 0% 3x -  - Ini Toko Budi Shop | Tokopedia","Handphone","Android OS","5","1070987456","Product Review","",,"Tokopedia","Oxwalker","Promo Samsung Galaxy A07 ( 4/64 4/128 6/128 8/256 ) Garansi Resmi Sein",,"2024-Q3"
"https://www.tokopedia.com/ini-toko-budi-shop/samsung-galaxy-a07-4-64-4-128-6-128-8-256-garansi-resmi-sein-1729815001835537895-1735330887460881895?extParam=ivf%3Dtrue%26keyword%3Dsamsung+a07%26search_id%3D2026051013261194F6D7E04A4D452A9TDF%26src%3Dsearch&t_id=1778419236765&t_st=7&t_pp=search_result&t_efo=search_pure_goods_card&t_ef=goods_search&t_sm=&t_spt=search_result","Barang original berfungsi dengan baik, packing juga aman. Terima kasih!!","Barang original berfungsi dengan baik, packing juga aman. Terima kasih!!","Oxwalker","Indonesia","05-10-2026","05-08-2025","Pants","Barang original berfungsi dengan baik, packing juga aman. Terima kasih!!","Barang original berfungsi dengan baik, packing juga aman. Terima kasih!!","Unisex",,,"103314079955","Promo Samsung Galaxy A07 ( 4/64 4/128 6/128 8/256 ) Garansi Resmi Sein","Promo Samsung Galaxy A07 ( 4/64 4/128 6/128 8/256 ) Garansi Resmi Sein - A07 4/64 Black, No Bonus Cicil 0% 3x -  - Ini Toko Budi Shop | Tokopedia","Handphone","Android OS","5","1440415294","Product Review","",,"Tokopedia","Oxwalker","Promo Samsung Galaxy A07 ( 4/64 4/128 6/128 8/256 ) Garansi Resmi Sein",,"2025-Q2"
"https://www.tokopedia.com/ini-toko-budi-shop/samsung-galaxy-a07-4-64-4-128-6-128-8-256-garansi-resmi-sein-1729815001835537895-1735330887460881895?extParam=ivf%3Dtrue%26keyword%3Dsamsung+a07%26search_id%3D2026051013261194F6D7E04A4D452A9TDF%26src%3Dsearch&t_id=1778419236765&t_st=7&t_pp=search_result&t_efo=search_pure_goods_card&t_ef=goods_search&t_sm=&t_spt=search_result","trimakasih","trimakasih","Oxwalker","Indonesia","05-10-2026","12-06-2021","Pants","trimakasih","trimakasih","Unisex",,,"103314079955","Promo Samsung Galaxy A07 ( 4/64 4/128 6/128 8/256 ) Garansi Resmi Sein","Promo Samsung Galaxy A07 ( 4/64 4/128 6/128 8/256 ) Garansi Resmi Sein - A07 4/64 Black, No Bonus Cicil 0% 3x -  - Ini Toko Budi Shop | Tokopedia","Handphone","Android OS","5","540937216","Product Review","",,"Tokopedia","Oxwalker","Promo Samsung Galaxy A07 ( 4/64 4/128 6/128 8/256 ) Garansi Resmi Sein",,"2021-Q4"
"https://www.tokopedia.com/ini-toko-budi-shop/samsung-galaxy-a07-4-64-4-128-6-128-8-256-garansi-resmi-sein-1729815001835537895-1735330887460881895?extParam=ivf%3Dtrue%26keyword%3Dsamsung+a07%26search_id%3D2026051013261194F6D7E04A4D452A9TDF%26src%3Dsearch&t_id=1778419236765&t_st=7&t_pp=search_result&t_efo=search_pure_goods_card&t_ef=goods_search&t_sm=&t_spt=search_result","barang ORI segelan, IMEI terdaftar
rekomended","barang ORI segelan, IMEI terdaftar
rekomended","Oxwalker","Indonesia","05-10-2026","09-05-2024","Pants","barang ORI segelan, IMEI terdaftar
rekomended","barang ORI segelan, IMEI terdaftar
rekomended","Unisex",,,"103314079955","Promo Samsung Galaxy A07 ( 4/64 4/128 6/128 8/256 ) Garansi Resmi Sein","Promo Samsung Galaxy A07 ( 4/64 4/128 6/128 8/256 ) Garansi Resmi Sein - A07 4/64 Black, No Bonus Cicil 0% 3x -  - Ini Toko Budi Shop | Tokopedia","Handphone","Android OS","5","1088572339","Product Review","",,"Tokopedia","Oxwalker","Promo Samsung Galaxy A07 ( 4/64 4/128 6/128 8/256 ) Garansi Resmi Sein",,"2024-Q3"
"https://www.tokopedia.com/ini-toko-budi-shop/samsung-galaxy-a07-4-64-4-128-6-128-8-256-garansi-resmi-sein-1729815001835537895-1735330887460881895?extParam=ivf%3Dtrue%26keyword%3Dsamsung+a07%26search_id%3D2026051013261194F6D7E04A4D452A9TDF%26src%3Dsearch&t_id=1778419236765&t_st=7&t_pp=search_result&t_efo=search_pure_goods_card&t_ef=goods_search&t_sm=&t_spt=search_result","Kejernihan lensa: Ok
Kualitas pengerjaan: Ok","Kejernihan lensa: Ok
Kualitas pengerjaan: Ok","Oxwalker","Indonesia","05-10-2026","07-24-2025","Pants","Kejernihan lensa: Ok
Kualitas pengerjaan: Ok","Kejernihan lensa: Ok
Kualitas pengerjaan: Ok","Unisex",,,"103314079955","Promo Samsung Galaxy A07 ( 4/64 4/128 6/128 8/256 ) Garansi Resmi Sein","Promo Samsung Galaxy A07 ( 4/64 4/128 6/128 8/256 ) Garansi Resmi Sein - A07 4/64 Black, No Bonus Cicil 0% 3x -  - Ini Toko Budi Shop | Tokopedia","Handphone","Android OS","5","1588822400","Product Review","",,"Tokopedia","Oxwalker","Promo Samsung Galaxy A07 ( 4/64 4/128 6/128 8/256 ) Garansi Resmi Sein",,"2025-Q3"
"https://www.tokopedia.com/ini-toko-budi-shop/samsung-galaxy-a07-4-64-4-128-6-128-8-256-garansi-resmi-sein-1729815001835537895-1735330887460881895?extParam=ivf%3Dtrue%26keyword%3Dsamsung+a07%26search_id%3D2026051013261194F6D7E04A4D452A9TDF%26src%3Dsearch&t_id=1778419236765&t_st=7&t_pp=search_result&t_efo=search_pure_goods_card&t_ef=goods_search&t_sm=&t_spt=search_result","recomended slalu,sesuai pesanan thankq gan","recomended slalu,sesuai pesanan thankq gan","Oxwalker","Indonesia","05-10-2026","12-01-2025","Pants","recomended slalu,sesuai pesanan thankq gan","recomended slalu,sesuai pesanan thankq gan","Unisex",,,"103314079955","Promo Samsung Galaxy A07 ( 4/64 4/128 6/128 8/256 ) Garansi Resmi Sein","Promo Samsung Galaxy A07 ( 4/64 4/128 6/128 8/256 ) Garansi Resmi Sein - A07 4/64 Black, No Bonus Cicil 0% 3x -  - Ini Toko Budi Shop | Tokopedia","Handphone","Android OS","5","1791806137","Product Review","",,"Tokopedia","Oxwalker","Promo Samsung Galaxy A07 ( 4/64 4/128 6/128 8/256 ) Garansi Resmi Sein",,"2025-Q4"
"https://www.tokopedia.com/ini-toko-budi-shop/samsung-galaxy-a07-4-64-4-128-6-128-8-256-garansi-resmi-sein-1729815001835537895-1735330887460881895?extParam=ivf%3Dtrue%26keyword%3Dsamsung+a07%26search_id%3D2026051013261194F6D7E04A4D452A9TDF%26src%3Dsearch&t_id=1778419236765&t_st=7&t_pp=search_result&t_efo=search_pure_goods_card&t_ef=goods_search&t_sm=&t_spt=search_result","Mantap sesuai pesanan jadi pengen order lagi","Mantap sesuai pesanan jadi pengen order lagi","Oxwalker","Indonesia","05-10-2026","11-11-2025","Pants","Mantap sesuai pesanan jadi pengen order lagi","Mantap sesuai pesanan jadi pengen order lagi","Unisex",,,"103314079955","Promo Samsung Galaxy A07 ( 4/64 4/128 6/128 8/256 ) Garansi Resmi Sein","Promo Samsung Galaxy A07 ( 4/64 4/128 6/128 8/256 ) Garansi Resmi Sein - A07 4/64 Black, No Bonus Cicil 0% 3x -  - Ini Toko Budi Shop | Tokopedia","Handphone","Android OS","5","1761498053","Product Review","",,"Tokopedia","Oxwalker","Promo Samsung Galaxy A07 ( 4/64 4/128 6/128 8/256 ) Garansi Resmi Sein",,"2025-Q4"
"https://www.tokopedia.com/ini-toko-budi-shop/samsung-galaxy-a07-4-64-4-128-6-128-8-256-garansi-resmi-sein-1729815001835537895-1735330887460881895?extParam=ivf%3Dtrue%26keyword%3Dsamsung+a07%26search_id%3D2026051013261194F6D7E04A4D452A9TDF%26src%3Dsearch&t_id=1778419236765&t_st=7&t_pp=search_result&t_efo=search_pure_goods_card&t_ef=goods_search&t_sm=&t_spt=search_result","Kualitas barang bagus,respon penjual cepat.","Kualitas barang bagus,respon penjual cepat.","Oxwalker","Indonesia","05-10-2026","10-14-2025","Pants","Kualitas barang bagus,respon penjual cepat.","Kualitas barang bagus,respon penjual cepat.","Unisex",,,"103314079955","Promo Samsung Galaxy A07 ( 4/64 4/128 6/128 8/256 ) Garansi Resmi Sein","Promo Samsung Galaxy A07 ( 4/64 4/128 6/128 8/256 ) Garansi Resmi Sein - A07 4/64 Black, No Bonus Cicil 0% 3x -  - Ini Toko Budi Shop | Tokopedia","Handphone","Android OS","5","1720271545","Product Review","",,"Tokopedia","Oxwalker","Promo Samsung Galaxy A07 ( 4/64 4/128 6/128 8/256 ) Garansi Resmi Sein",,"2025-Q4"
"https://www.tokopedia.com/ini-toko-budi-shop/samsung-galaxy-a07-4-64-4-128-6-128-8-256-garansi-resmi-sein-1729815001835537895-1735330887460881895?extParam=ivf%3Dtrue%26keyword%3Dsamsung+a07%26search_id%3D2026051013261194F6D7E04A4D452A9TDF%26src%3Dsearch&t_id=1778419236765&t_st=7&t_pp=search_result&t_efo=search_pure_goods_card&t_ef=goods_search&t_sm=&t_spt=search_result","baguuussssssssssssssssssssssssssssssssssszzz","baguuussssssssssssssssssssssssssssssssssszzz","Oxwalker","Indonesia","05-10-2026","06-29-2024","Pants","baguuussssssssssssssssssssssssssssssssssszzz","baguuussssssssssssssssssssssssssssssssssszzz","Unisex",,,"103314079955","Promo Samsung Galaxy A07 ( 4/64 4/128 6/128 8/256 ) Garansi Resmi Sein","Promo Samsung Galaxy A07 ( 4/64 4/128 6/128 8/256 ) Garansi Resmi Sein - A07 4/64 Black, No Bonus Cicil 0% 3x -  - Ini Toko Budi Shop | Tokopedia","Handphone","Android OS","5","1059125254","Product Review","",,"Tokopedia","Oxwalker","Promo Samsung Galaxy A07 ( 4/64 4/128 6/128 8/256 ) Garansi Resmi Sein",,"2024-Q2"
"https://www.tokopedia.com/ini-toko-budi-shop/samsung-galaxy-a07-4-64-4-128-6-128-8-256-garansi-resmi-sein-1729815001835537895-1735330887460881895?extParam=ivf%3Dtrue%26keyword%3Dsamsung+a07%26search_id%3D2026051013261194F6D7E04A4D452A9TDF%26src%3Dsearch&t_id=1778419236765&t_st=7&t_pp=search_result&t_efo=search_pure_goods_card&t_ef=goods_search&t_sm=&t_spt=search_result","barang ORI pengiriman cepat","barang ORI pengiriman cepat","Oxwalker","Indonesia","05-10-2026","11-09-2025","Pants","barang ORI pengiriman cepat","barang ORI pengiriman cepat","Unisex",,,"103314079955","Promo Samsung Galaxy A07 ( 4/64 4/128 6/128 8/256 ) Garansi Resmi Sein","Promo Samsung Galaxy A07 ( 4/64 4/128 6/128 8/256 ) Garansi Resmi Sein - A07 4/64 Black, No Bonus Cicil 0% 3x -  - Ini Toko Budi Shop | Tokopedia","Handphone","Android OS","5","1757796268","Product Review","",,"Tokopedia","Oxwalker","Promo Samsung Galaxy A07 ( 4/64 4/128 6/128 8/256 ) Garansi Resmi Sein",,"2025-Q4"
"https://www.tokopedia.com/ini-toko-budi-shop/samsung-galaxy-a07-4-64-4-128-6-128-8-256-garansi-resmi-sein-1729815001835537895-1735330887460881895?extParam=ivf%3Dtrue%26keyword%3Dsamsung+a07%26search_id%3D2026051013261194F6D7E04A4D452A9TDF%26src%3Dsearch&t_id=1778419236765&t_st=7&t_pp=search_result&t_efo=search_pure_goods_card&t_ef=goods_search&t_sm=&t_spt=search_result","Sesuai pesanan,,jos gandos","Sesuai pesanan,,jos gandos","Oxwalker","Indonesia","05-10-2026","05-19-2025","Pants","Sesuai pesanan,,jos gandos","Sesuai pesanan,,jos gandos","Unisex",,,"103314079955","Promo Samsung Galaxy A07 ( 4/64 4/128 6/128 8/256 ) Garansi Resmi Sein","Promo Samsung Galaxy A07 ( 4/64 4/128 6/128 8/256 ) Garansi Resmi Sein - A07 4/64 Black, No Bonus Cicil 0% 3x -  - Ini Toko Budi Shop | Tokopedia","Handphone","Android OS","5","1467730150","Product Review","",,"Tokopedia","Oxwalker","Promo Samsung Galaxy A07 ( 4/64 4/128 6/128 8/256 ) Garansi Resmi Sein",,"2025-Q2"
"https://www.tokopedia.com/ini-toko-budi-shop/samsung-galaxy-a07-4-64-4-128-6-128-8-256-garansi-resmi-sein-1729815001835537895-1735330887460881895?extParam=ivf%3Dtrue%26keyword%3Dsamsung+a07%26search_id%3D2026051013261194F6D7E04A4D452A9TDF%26src%3Dsearch&t_id=1778419236765&t_st=7&t_pp=search_result&t_efo=search_pure_goods_card&t_ef=goods_search&t_sm=&t_spt=search_result","selamat sampe tujuan, semoga awet trimakasih","selamat sampe tujuan, semoga awet trimakasih","Oxwalker","Indonesia","05-10-2026","04-03-2024","Pants","selamat sampe tujuan, semoga awet trimakasih","selamat sampe tujuan, semoga awet trimakasih","Unisex",,,"103314079955","Promo Samsung Galaxy A07 ( 4/64 4/128 6/128 8/256 ) Garansi Resmi Sein","Promo Samsung Galaxy A07 ( 4/64 4/128 6/128 8/256 ) Garansi Resmi Sein - A07 4/64 Black, No Bonus Cicil 0% 3x -  - Ini Toko Budi Shop | Tokopedia","Handphone","Android OS","5","1023944300","Product Review","",,"Tokopedia","Oxwalker","Promo Samsung Galaxy A07 ( 4/64 4/128 6/128 8/256 ) Garansi Resmi Sein",,"2024-Q2"
"https://www.tokopedia.com/ini-toko-budi-shop/samsung-galaxy-a07-4-64-4-128-6-128-8-256-garansi-resmi-sein-1729815001835537895-1735330887460881895?extParam=ivf%3Dtrue%26keyword%3Dsamsung+a07%26search_id%3D2026051013261194F6D7E04A4D452A9TDF%26src%3Dsearch&t_id=1778419236765&t_st=7&t_pp=search_result&t_efo=search_pure_goods_card&t_ef=goods_search&t_sm=&t_spt=search_result","Original, Pengiriman instant, 3 jam sampai","Original, Pengiriman instant, 3 jam sampai","Oxwalker","Indonesia","05-10-2026","06-17-2025","Pants","Original, Pengiriman instant, 3 jam sampai","Original, Pengiriman instant, 3 jam sampai","Unisex",,,"103314079955","Promo Samsung Galaxy A07 ( 4/64 4/128 6/128 8/256 ) Garansi Resmi Sein","Promo Samsung Galaxy A07 ( 4/64 4/128 6/128 8/256 ) Garansi Resmi Sein - A07 4/64 Black, No Bonus Cicil 0% 3x -  - Ini Toko Budi Shop | Tokopedia","Handphone","Android OS","5","1526774424","Product Review","",,"Tokopedia","Oxwalker","Promo Samsung Galaxy A07 ( 4/64 4/128 6/128 8/256 ) Garansi Resmi Sein",,"2025-Q2"
"https://www.tokopedia.com/ini-toko-budi-shop/samsung-galaxy-a07-4-64-4-128-6-128-8-256-garansi-resmi-sein-1729815001835537895-1735330887460881895?extParam=ivf%3Dtrue%26keyword%3Dsamsung+a07%26search_id%3D2026051013261194F6D7E04A4D452A9TDF%26src%3Dsearch&t_id=1778419236765&t_st=7&t_pp=search_result&t_efo=search_pure_goods_card&t_ef=goods_search&t_sm=&t_spt=search_result","mantaaf . sesuai pesanan. barang original.","mantaaf . sesuai pesanan. barang original.","Oxwalker","Indonesia","05-10-2026","07-04-2025","Pants","mantaaf . sesuai pesanan. barang original.","mantaaf . sesuai pesanan. barang original.","Unisex",,,"103314079955","Promo Samsung Galaxy A07 ( 4/64 4/128 6/128 8/256 ) Garansi Resmi Sein","Promo Samsung Galaxy A07 ( 4/64 4/128 6/128 8/256 ) Garansi Resmi Sein - A07 4/64 Black, No Bonus Cicil 0% 3x -  - Ini Toko Budi Shop | Tokopedia","Handphone","Android OS","5","1555386462","Product Review","",,"Tokopedia","Oxwalker","Promo Samsung Galaxy A07 ( 4/64 4/128 6/128 8/256 ) Garansi Resmi Sein",,"2025-Q3"
"https://www.tokopedia.com/ini-toko-budi-shop/samsung-galaxy-a07-4-64-4-128-6-128-8-256-garansi-resmi-sein-1729815001835537895-1735330887460881895?extParam=ivf%3Dtrue%26keyword%3Dsamsung+a07%26search_id%3D2026051013261194F6D7E04A4D452A9TDF%26src%3Dsearch&t_id=1778419236765&t_st=7&t_pp=search_result&t_efo=search_pure_goods_card&t_ef=goods_search&t_sm=&t_spt=search_result","oke.......................................","oke.......................................","Oxwalker","Indonesia","05-10-2026","10-26-2025","Pants","oke.......................................","oke.......................................","Unisex",,,"103314079955","Promo Samsung Galaxy A07 ( 4/64 4/128 6/128 8/256 ) Garansi Resmi Sein","Promo Samsung Galaxy A07 ( 4/64 4/128 6/128 8/256 ) Garansi Resmi Sein - A07 4/64 Black, No Bonus Cicil 0% 3x -  - Ini Toko Budi Shop | Tokopedia","Handphone","Android OS","5","1737231108","Product Review","",,"Tokopedia","Oxwalker","Promo Samsung Galaxy A07 ( 4/64 4/128 6/128 8/256 ) Garansi Resmi Sein",,"2025-Q4"
"https://www.tokopedia.com/ini-toko-budi-shop/samsung-galaxy-a07-4-64-4-128-6-128-8-256-garansi-resmi-sein-1729815001835537895-1735330887460881895?extParam=ivf%3Dtrue%26keyword%3Dsamsung+a07%26search_id%3D2026051013261194F6D7E04A4D452A9TDF%26src%3Dsearch&t_id=1778419236765&t_st=7&t_pp=search_result&t_efo=search_pure_goods_card&t_ef=goods_search&t_sm=&t_spt=search_result","barangnya sesuai dengan keinginan makasih","barangnya sesuai dengan keinginan makasih","Oxwalker","Indonesia","05-10-2026","06-25-2025","Pants","barangnya sesuai dengan keinginan makasih","barangnya sesuai dengan keinginan makasih","Unisex",,,"103314079955","Promo Samsung Galaxy A07 ( 4/64 4/128 6/128 8/256 ) Garansi Resmi Sein","Promo Samsung Galaxy A07 ( 4/64 4/128 6/128 8/256 ) Garansi Resmi Sein - A07 4/64 Black, No Bonus Cicil 0% 3x -  - Ini Toko Budi Shop | Tokopedia","Handphone","Android OS","5","1540981466","Product Review","",,"Tokopedia","Oxwalker","Promo Samsung Galaxy A07 ( 4/64 4/128 6/128 8/256 ) Garansi Resmi Sein",,"2025-Q2"
"https://www.tokopedia.com/ini-toko-budi-shop/samsung-galaxy-a07-4-64-4-128-6-128-8-256-garansi-resmi-sein-1729815001835537895-1735330887460881895?extParam=ivf%3Dtrue%26keyword%3Dsamsung+a07%26search_id%3D2026051013261194F6D7E04A4D452A9TDF%26src%3Dsearch&t_id=1778419236765&t_st=7&t_pp=search_result&t_efo=search_pure_goods_card&t_ef=goods_search&t_sm=&t_spt=search_result","Mantab gan, terima kasih
Cepat dan original","Mantab gan, terima kasih
Cepat dan original","Oxwalker","Indonesia","05-10-2026","05-07-2025","Pants","Mantab gan, terima kasih
Cepat dan original","Mantab gan, terima kasih
Cepat dan original","Unisex",,,"103314079955","Promo Samsung Galaxy A07 ( 4/64 4/128 6/128 8/256 ) Garansi Resmi Sein","Promo Samsung Galaxy A07 ( 4/64 4/128 6/128 8/256 ) Garansi Resmi Sein - A07 4/64 Black, No Bonus Cicil 0% 3x -  - Ini Toko Budi Shop | Tokopedia","Handphone","Android OS","5","1439046536","Product Review","",,"Tokopedia","Oxwalker","Promo Samsung Galaxy A07 ( 4/64 4/128 6/128 8/256 ) Garansi Resmi Sein",,"2025-Q2"
"https://www.tokopedia.com/ini-toko-budi-shop/samsung-galaxy-a07-4-64-4-128-6-128-8-256-garansi-resmi-sein-1729815001835537895-1735330887460881895?extParam=ivf%3Dtrue%26keyword%3Dsamsung+a07%26search_id%3D2026051013261194F6D7E04A4D452A9TDF%26src%3Dsearch&t_id=1778419236765&t_st=7&t_pp=search_result&t_efo=search_pure_goods_card&t_ef=goods_search&t_sm=&t_spt=search_result","mantuuuulllllllllllllllllllllllllllllllllll","mantuuuulllllllllllllllllllllllllllllllllll","Oxwalker","Indonesia","05-10-2026","11-17-2025","Pants","mantuuuulllllllllllllllllllllllllllllllllll","mantuuuulllllllllllllllllllllllllllllllllll","Unisex",,,"103314079955","Promo Samsung Galaxy A07 ( 4/64 4/128 6/128 8/256 ) Garansi Resmi Sein","Promo Samsung Galaxy A07 ( 4/64 4/128 6/128 8/256 ) Garansi Resmi Sein - A07 4/64 Black, No Bonus Cicil 0% 3x -  - Ini Toko Budi Shop | Tokopedia","Handphone","Android OS","5","1771736672","Product Review","",,"Tokopedia","Oxwalker","Promo Samsung Galaxy A07 ( 4/64 4/128 6/128 8/256 ) Garansi Resmi Sein",,"2025-Q4"
"https://www.tokopedia.com/ini-toko-budi-shop/samsung-galaxy-a07-4-64-4-128-6-128-8-256-garansi-resmi-sein-1729815001835537895-1735330887460881895?extParam=ivf%3Dtrue%26keyword%3Dsamsung+a07%26search_id%3D2026051013261194F6D7E04A4D452A9TDF%26src%3Dsearch&t_id=1778419236765&t_st=7&t_pp=search_result&t_efo=search_pure_goods_card&t_ef=goods_search&t_sm=&t_spt=search_result","Barang yg dtg sesuai, berfungsi dgn baik.","Barang yg dtg sesuai, berfungsi dgn baik.","Oxwalker","Indonesia","05-10-2026","10-06-2024","Pants","Barang yg dtg sesuai, berfungsi dgn baik.","Barang yg dtg sesuai, berfungsi dgn baik.","Unisex",,,"103314079955","Promo Samsung Galaxy A07 ( 4/64 4/128 6/128 8/256 ) Garansi Resmi Sein","Promo Samsung Galaxy A07 ( 4/64 4/128 6/128 8/256 ) Garansi Resmi Sein - A07 4/64 Black, No Bonus Cicil 0% 3x -  - Ini Toko Budi Shop | Tokopedia","Handphone","Android OS","5","1102340171","Product Review","",,"Tokopedia","Oxwalker","Promo Samsung Galaxy A07 ( 4/64 4/128 6/128 8/256 ) Garansi Resmi Sein",,"2024-Q4"
"https://www.tokopedia.com/ini-toko-budi-shop/samsung-galaxy-a07-4-64-4-128-6-128-8-256-garansi-resmi-sein-1729815001835537895-1735330887460881895?extParam=ivf%3Dtrue%26keyword%3Dsamsung+a07%26search_id%3D2026051013261194F6D7E04A4D452A9TDF%26src%3Dsearch&t_id=1778419236765&t_st=7&t_pp=search_result&t_efo=search_pure_goods_card&t_ef=goods_search&t_sm=&t_spt=search_result","Hp nya asli nih jgn ragu tappppppppssssss","Hp nya asli nih jgn ragu tappppppppssssss","Oxwalker","Indonesia","05-10-2026","08-13-2024","Pants","Hp nya asli nih jgn ragu tappppppppssssss","Hp nya asli nih jgn ragu tappppppppssssss","Unisex",,,"103314079955","Promo Samsung Galaxy A07 ( 4/64 4/128 6/128 8/256 ) Garansi Resmi Sein","Promo Samsung Galaxy A07 ( 4/64 4/128 6/128 8/256 ) Garansi Resmi Sein - A07 4/64 Black, No Bonus Cicil 0% 3x -  - Ini Toko Budi Shop | Tokopedia","Handphone","Android OS","5","1078891687","Product Review","",,"Tokopedia","Oxwalker","Promo Samsung Galaxy A07 ( 4/64 4/128 6/128 8/256 ) Garansi Resmi Sein",,"2024-Q3"
"https://www.tokopedia.com/ini-toko-budi-shop/samsung-galaxy-a07-4-64-4-128-6-128-8-256-garansi-resmi-sein-1729815001835537895-1735330887460881895?extParam=ivf%3Dtrue%26keyword%3Dsamsung+a07%26search_id%3D2026051013261194F6D7E04A4D452A9TDF%26src%3Dsearch&t_id=1778419236765&t_st=7&t_pp=search_result&t_efo=search_pure_goods_card&t_ef=goods_search&t_sm=&t_spt=search_result","barang berfungsi dengan baik. terimakasih","barang berfungsi dengan baik. terimakasih","Oxwalker","Indonesia","05-10-2026","07-19-2024","Pants","barang berfungsi dengan baik. terimakasih","barang berfungsi dengan baik. terimakasih","Unisex",,,"103314079955","Promo Samsung Galaxy A07 ( 4/64 4/128 6/128 8/256 ) Garansi Resmi Sein","Promo Samsung Galaxy A07 ( 4/64 4/128 6/128 8/256 ) Garansi Resmi Sein - A07 4/64 Black, No Bonus Cicil 0% 3x -  - Ini Toko Budi Shop | Tokopedia","Handphone","Android OS","5","1067975991","Product Review","",,"Tokopedia","Oxwalker","Promo Samsung Galaxy A07 ( 4/64 4/128 6/128 8/256 ) Garansi Resmi Sein",,"2024-Q3"
"https://www.tokopedia.com/ini-toko-budi-shop/samsung-galaxy-a07-4-64-4-128-6-128-8-256-garansi-resmi-sein-1729815001835537895-1735330887460881895?extParam=ivf%3Dtrue%26keyword%3Dsamsung+a07%26search_id%3D2026051013261194F6D7E04A4D452A9TDF%26src%3Dsearch&t_id=1778419236765&t_st=7&t_pp=search_result&t_efo=search_pure_goods_card&t_ef=goods_search&t_sm=&t_spt=search_result","Alhamdulillah udh sampe bosku
terima kasih","Alhamdulillah udh sampe bosku
terima kasih","Oxwalker","Indonesia","05-10-2026","10-14-2025","Pants","Alhamdulillah udh sampe bosku
terima kasih","Alhamdulillah udh sampe bosku
terima kasih","Unisex",,,"103314079955","Promo Samsung Galaxy A07 ( 4/64 4/128 6/128 8/256 ) Garansi Resmi Sein","Promo Samsung Galaxy A07 ( 4/64 4/128 6/128 8/256 ) Garansi Resmi Sein - A07 4/64 Black, No Bonus Cicil 0% 3x -  - Ini Toko Budi Shop | Tokopedia","Handphone","Android OS","5","1720067375","Product Review","",,"Tokopedia","Oxwalker","Promo Samsung Galaxy A07 ( 4/64 4/128 6/128 8/256 ) Garansi Resmi Sein",,"2025-Q4"
"https://www.tokopedia.com/ini-toko-budi-shop/samsung-galaxy-a07-4-64-4-128-6-128-8-256-garansi-resmi-sein-1729815001835537895-1735330887460881895?extParam=ivf%3Dtrue%26keyword%3Dsamsung+a07%26search_id%3D2026051013261194F6D7E04A4D452A9TDF%26src%3Dsearch&t_id=1778419236765&t_st=7&t_pp=search_result&t_efo=search_pure_goods_card&t_ef=goods_search&t_sm=&t_spt=search_result","Alhamdulillah barang nyampe dengan baik","Alhamdulillah barang nyampe dengan baik","Oxwalker","Indonesia","05-10-2026","03-07-2026","Pants","Alhamdulillah barang nyampe dengan baik","Alhamdulillah barang nyampe dengan baik","Unisex",,,"103314079955","Promo Samsung Galaxy A07 ( 4/64 4/128 6/128 8/256 ) Garansi Resmi Sein","Promo Samsung Galaxy A07 ( 4/64 4/128 6/128 8/256 ) Garansi Resmi Sein - A07 4/64 Black, No Bonus Cicil 0% 3x -  - Ini Toko Budi Shop | Tokopedia","Handphone","Android OS","5","1975410035","Product Review","",,"Tokopedia","Oxwalker","Promo Samsung Galaxy A07 ( 4/64 4/128 6/128 8/256 ) Garansi Resmi Sein",,"2026-Q1"
"https://www.tokopedia.com/ini-toko-budi-shop/samsung-galaxy-a07-4-64-4-128-6-128-8-256-garansi-resmi-sein-1729815001835537895-1735330887460881895?extParam=ivf%3Dtrue%26keyword%3Dsamsung+a07%26search_id%3D2026051013261194F6D7E04A4D452A9TDF%26src%3Dsearch&t_id=1778419236765&t_st=7&t_pp=search_result&t_efo=search_pure_goods_card&t_ef=goods_search&t_sm=&t_spt=search_result","Barang bagus n sesuai. Resmi n tersegel.","Barang bagus n sesuai. Resmi n tersegel.","Oxwalker","Indonesia","05-10-2026","10-27-2025","Pants","Barang bagus n sesuai. Resmi n tersegel.","Barang bagus n sesuai. Resmi n tersegel.","Unisex",,,"103314079955","Promo Samsung Galaxy A07 ( 4/64 4/128 6/128 8/256 ) Garansi Resmi Sein","Promo Samsung Galaxy A07 ( 4/64 4/128 6/128 8/256 ) Garansi Resmi Sein - A07 4/64 Black, No Bonus Cicil 0% 3x -  - Ini Toko Budi Shop | Tokopedia","Handphone","Android OS","5","1737957141","Product Review","",,"Tokopedia","Oxwalker","Promo Samsung Galaxy A07 ( 4/64 4/128 6/128 8/256 ) Garansi Resmi Sein",,"2025-Q4"
"https://www.tokopedia.com/ini-toko-budi-shop/samsung-galaxy-a07-4-64-4-128-6-128-8-256-garansi-resmi-sein-1729815001835537895-1735330887460881895?extParam=ivf%3Dtrue%26keyword%3Dsamsung+a07%26search_id%3D2026051013261194F6D7E04A4D452A9TDF%26src%3Dsearch&t_id=1778419236765&t_st=7&t_pp=search_result&t_efo=search_pure_goods_card&t_ef=goods_search&t_sm=&t_spt=search_result","Sesuai pesanan dan ada nota penjualan","Sesuai pesanan dan ada nota penjualan","Oxwalker","Indonesia","05-10-2026","11-22-2025","Pants","Sesuai pesanan dan ada nota penjualan","Sesuai pesanan dan ada nota penjualan","Unisex",,,"103314079955","Promo Samsung Galaxy A07 ( 4/64 4/128 6/128 8/256 ) Garansi Resmi Sein","Promo Samsung Galaxy A07 ( 4/64 4/128 6/128 8/256 ) Garansi Resmi Sein - A07 4/64 Black, No Bonus Cicil 0% 3x -  - Ini Toko Budi Shop | Tokopedia","Handphone","Android OS","5","1779215273","Product Review","",,"Tokopedia","Oxwalker","Promo Samsung Galaxy A07 ( 4/64 4/128 6/128 8/256 ) Garansi Resmi Sein",,"2025-Q4"
"https://www.tokopedia.com/ini-toko-budi-shop/samsung-galaxy-a07-4-64-4-128-6-128-8-256-garansi-resmi-sein-1729815001835537895-1735330887460881895?extParam=ivf%3Dtrue%26keyword%3Dsamsung+a07%26search_id%3D2026051013261194F6D7E04A4D452A9TDF%26src%3Dsearch&t_id=1778419236765&t_st=7&t_pp=search_result&t_efo=search_pure_goods_card&t_ef=goods_search&t_sm=&t_spt=search_result","Barang real pick n selamat sampai tujuan tnpa kerusakan","Barang real pick n selamat sampai tujuan tnpa kerusakan","Oxwalker","Indonesia","05-10-2026","03-20-2026","Pants","Barang real pick n selamat sampai tujuan tnpa kerusakan","Barang real pick n selamat sampai tujuan tnpa kerusakan","Unisex",,,"103314079955","Promo Samsung Galaxy A07 ( 4/64 4/128 6/128 8/256 ) Garansi Resmi Sein","Promo Samsung Galaxy A07 ( 4/64 4/128 6/128 8/256 ) Garansi Resmi Sein - A07 4/64 Black, No Bonus Cicil 0% 3x -  - Ini Toko Budi Shop | Tokopedia","Handphone","Android OS","4","2008221748","Product Review","",,"Tokopedia","Oxwalker","Promo Samsung Galaxy A07 ( 4/64 4/128 6/128 8/256 ) Garansi Resmi Sein",,"2026-Q1"
"https://www.tokopedia.com/ini-toko-budi-shop/samsung-galaxy-a07-4-64-4-128-6-128-8-256-garansi-resmi-sein-1729815001835537895-1735330887460881895?extParam=ivf%3Dtrue%26keyword%3Dsamsung+a07%26search_id%3D2026051013261194F6D7E04A4D452A9TDF%26src%3Dsearch&t_id=1778419236765&t_st=7&t_pp=search_result&t_efo=search_pure_goods_card&t_ef=goods_search&t_sm=&t_spt=search_result","penjualnya ramah membatu,, kendala bisa di bantu dan ada konpensasi harga juga semoga lebih jujur","penjualnya ramah membatu,, kendala bisa di bantu dan ada konpensasi harga juga semoga lebih jujur","Oxwalker","Indonesia","05-10-2026","10-22-2025","Pants","penjualnya ramah membatu,, kendala bisa di bantu dan ada konpensasi harga juga semoga lebih jujur","penjualnya ramah membatu,, kendala bisa di bantu dan ada konpensasi harga juga semoga lebih jujur","Unisex",,,"103314079955","Promo Samsung Galaxy A07 ( 4/64 4/128 6/128 8/256 ) Garansi Resmi Sein","Promo Samsung Galaxy A07 ( 4/64 4/128 6/128 8/256 ) Garansi Resmi Sein - A07 4/64 Black, No Bonus Cicil 0% 3x -  - Ini Toko Budi Shop | Tokopedia","Handphone","Android OS","4","1730542364","Product Review","",,"Tokopedia","Oxwalker","Promo Samsung Galaxy A07 ( 4/64 4/128 6/128 8/256 ) Garansi Resmi Sein",,"2025-Q4"
"https://www.tokopedia.com/ini-toko-budi-shop/samsung-galaxy-a07-4-64-4-128-6-128-8-256-garansi-resmi-sein-1729815001835537895-1735330887460881895?extParam=ivf%3Dtrue%26keyword%3Dsamsung+a07%26search_id%3D2026051013261194F6D7E04A4D452A9TDF%26src%3Dsearch&t_id=1778419236765&t_st=7&t_pp=search_result&t_efo=search_pure_goods_card&t_ef=goods_search&t_sm=&t_spt=search_result","barang sesuai dan pengiriman cepat aman","barang sesuai dan pengiriman cepat aman","Oxwalker","Indonesia","05-10-2026","10-09-2025","Pants","barang sesuai dan pengiriman cepat aman","barang sesuai dan pengiriman cepat aman","Unisex",,,"103314079955","Promo Samsung Galaxy A07 ( 4/64 4/128 6/128 8/256 ) Garansi Resmi Sein","Promo Samsung Galaxy A07 ( 4/64 4/128 6/128 8/256 ) Garansi Resmi Sein - A07 4/64 Black, No Bonus Cicil 0% 3x -  - Ini Toko Budi Shop | Tokopedia","Handphone","Android OS","5","1713758366","Product Review","",,"Tokopedia","Oxwalker","Promo Samsung Galaxy A07 ( 4/64 4/128 6/128 8/256 ) Garansi Resmi Sein",,"2025-Q4"
"https://www.tokopedia.com/ini-toko-budi-shop/samsung-galaxy-a07-4-64-4-128-6-128-8-256-garansi-resmi-sein-1729815001835537895-1735330887460881895?extParam=ivf%3Dtrue%26keyword%3Dsamsung+a07%26search_id%3D2026051013261194F6D7E04A4D452A9TDF%26src%3Dsearch&t_id=1778419236765&t_st=7&t_pp=search_result&t_efo=search_pure_goods_card&t_ef=goods_search&t_sm=&t_spt=search_result","mantap, semoga awet","mantap, semoga awet","Oxwalker","Indonesia","05-10-2026","03-16-2024","Pants","mantap, semoga awet","mantap, semoga awet","Unisex",,,"103314079955","Promo Samsung Galaxy A07 ( 4/64 4/128 6/128 8/256 ) Garansi Resmi Sein","Promo Samsung Galaxy A07 ( 4/64 4/128 6/128 8/256 ) Garansi Resmi Sein - A07 4/64 Black, No Bonus Cicil 0% 3x -  - Ini Toko Budi Shop | Tokopedia","Handphone","Android OS","5","1015262651","Product Review","",,"Tokopedia","Oxwalker","Promo Samsung Galaxy A07 ( 4/64 4/128 6/128 8/256 ) Garansi Resmi Sein",,"2024-Q1"
"https://www.tokopedia.com/ini-toko-budi-shop/samsung-galaxy-a07-4-64-4-128-6-128-8-256-garansi-resmi-sein-1729815001835537895-1735330887460881895?extParam=ivf%3Dtrue%26keyword%3Dsamsung+a07%26search_id%3D2026051013261194F6D7E04A4D452A9TDF%26src%3Dsearch&t_id=1778419236765&t_st=7&t_pp=search_result&t_efo=search_pure_goods_card&t_ef=goods_search&t_sm=&t_spt=search_result","Barang sudah diterima. Sesuai pesanan.","Barang sudah diterima. Sesuai pesanan.","Oxwalker","Indonesia","05-10-2026","04-17-2024","Pants","Barang sudah diterima. Sesuai pesanan.","Barang sudah diterima. Sesuai pesanan.","Unisex",,,"103314079955","Promo Samsung Galaxy A07 ( 4/64 4/128 6/128 8/256 ) Garansi Resmi Sein","Promo Samsung Galaxy A07 ( 4/64 4/128 6/128 8/256 ) Garansi Resmi Sein - A07 4/64 Black, No Bonus Cicil 0% 3x -  - Ini Toko Budi Shop | Tokopedia","Handphone","Android OS","5","1028647542","Product Review","",,"Tokopedia","Oxwalker","Promo Samsung Galaxy A07 ( 4/64 4/128 6/128 8/256 ) Garansi Resmi Sein",,"2024-Q2"
"https://www.tokopedia.com/ini-toko-budi-shop/samsung-galaxy-a07-4-64-4-128-6-128-8-256-garansi-resmi-sein-1729815001835537895-1735330887460881895?extParam=ivf%3Dtrue%26keyword%3Dsamsung+a07%26search_id%3D2026051013261194F6D7E04A4D452A9TDF%26src%3Dsearch&t_id=1778419236765&t_st=7&t_pp=search_result&t_efo=search_pure_goods_card&t_ef=goods_search&t_sm=&t_spt=search_result","Pengiriman cepat, semoga hp nya awet","Pengiriman cepat, semoga hp nya awet","Oxwalker","Indonesia","05-10-2026","10-10-2025","Pants","Pengiriman cepat, semoga hp nya awet","Pengiriman cepat, semoga hp nya awet","Unisex",,,"103314079955","Promo Samsung Galaxy A07 ( 4/64 4/128 6/128 8/256 ) Garansi Resmi Sein","Promo Samsung Galaxy A07 ( 4/64 4/128 6/128 8/256 ) Garansi Resmi Sein - A07 4/64 Black, No Bonus Cicil 0% 3x -  - Ini Toko Budi Shop | Tokopedia","Handphone","Android OS","5","1714886142","Product Review","",,"Tokopedia","Oxwalker","Promo Samsung Galaxy A07 ( 4/64 4/128 6/128 8/256 ) Garansi Resmi Sein",,"2025-Q4"
"https://www.tokopedia.com/ini-toko-budi-shop/samsung-galaxy-a07-4-64-4-128-6-128-8-256-garansi-resmi-sein-1729815001835537895-1735330887460881895?extParam=ivf%3Dtrue%26keyword%3Dsamsung+a07%26search_id%3D2026051013261194F6D7E04A4D452A9TDF%26src%3Dsearch&t_id=1778419236765&t_st=7&t_pp=search_result&t_efo=search_pure_goods_card&t_ef=goods_search&t_sm=&t_spt=search_result","bisa dibilang ini mungkin toko official termurah tapi mbok ya packagingnya penuhin atuh berapa sih bubblewrap atoga dibejekin koran2an juga bisa.. saya gatau ada additional tambahan safety paket apa gimana tapi ya jangan kopong gini lah udah kebejek2, untung yg meleyot cuman box chargernya aja sedikit","bisa dibilang ini mungkin toko official termurah tapi mbok ya packagingnya penuhin atuh berapa sih bubblewrap atoga dibejekin koran2an juga bisa.. saya gatau ada additional tambahan safety paket apa gimana tapi ya jangan kopong gini lah udah kebejek2, untung yg meleyot cuman box chargernya aja sedikit","Oxwalker","Indonesia","05-10-2026","12-10-2025","Pants","bisa dibilang ini mungkin toko official termurah tapi mbok ya packagingnya penuhin atuh berapa sih bubblewrap atoga dibejekin koran2an juga bisa.. saya gatau ada additional tambahan safety paket apa gimana tapi ya jangan kopong gini lah udah kebejek2, untung yg meleyot cuman box chargernya aja sedikit","bisa dibilang ini mungkin toko official termurah tapi mbok ya packagingnya penuhin atuh berapa sih bubblewrap atoga dibejekin koran2an juga bisa.. saya gatau ada additional tambahan safety paket apa gimana tapi ya jangan kopong gini lah udah kebejek2, untung yg meleyot cuman box chargernya aja sedikit","Unisex",,,"103314079955","Promo Samsung Galaxy A07 ( 4/64 4/128 6/128 8/256 ) Garansi Resmi Sein","Promo Samsung Galaxy A07 ( 4/64 4/128 6/128 8/256 ) Garansi Resmi Sein - A07 4/64 Black, No Bonus Cicil 0% 3x -  - Ini Toko Budi Shop | Tokopedia","Handphone","Android OS","4","1807192788","Product Review","",,"Tokopedia","Oxwalker","Promo Samsung Galaxy A07 ( 4/64 4/128 6/128 8/256 ) Garansi Resmi Sein",,"2025-Q4"
"https://www.tokopedia.com/ini-toko-budi-shop/samsung-galaxy-a07-4-64-4-128-6-128-8-256-garansi-resmi-sein-1729815001835537895-1735330887460881895?extParam=ivf%3Dtrue%26keyword%3Dsamsung+a07%26search_id%3D2026051013261194F6D7E04A4D452A9TDF%26src%3Dsearch&t_id=1778419236765&t_st=7&t_pp=search_result&t_efo=search_pure_goods_card&t_ef=goods_search&t_sm=&t_spt=search_result","barang udah tiba tadi pagi, belum sempet di buka paketannya sih soalnya pesenan orang lain","barang udah tiba tadi pagi, belum sempet di buka paketannya sih soalnya pesenan orang lain","Oxwalker","Indonesia","05-10-2026","06-13-2024","Pants","barang udah tiba tadi pagi, belum sempet di buka paketannya sih soalnya pesenan orang lain","barang udah tiba tadi pagi, belum sempet di buka paketannya sih soalnya pesenan orang lain","Unisex",,,"103314079955","Promo Samsung Galaxy A07 ( 4/64 4/128 6/128 8/256 ) Garansi Resmi Sein","Promo Samsung Galaxy A07 ( 4/64 4/128 6/128 8/256 ) Garansi Resmi Sein - A07 4/64 Black, No Bonus Cicil 0% 3x -  - Ini Toko Budi Shop | Tokopedia","Handphone","Android OS","4","1052453606","Product Review","",,"Tokopedia","Oxwalker","Promo Samsung Galaxy A07 ( 4/64 4/128 6/128 8/256 ) Garansi Resmi Sein",,"2024-Q2"
"https://www.tokopedia.com/ini-toko-budi-shop/samsung-galaxy-a07-4-64-4-128-6-128-8-256-garansi-resmi-sein-1729815001835537895-1735330887460881895?extParam=ivf%3Dtrue%26keyword%3Dsamsung+a07%26search_id%3D2026051013261194F6D7E04A4D452A9TDF%26src%3Dsearch&t_id=1778419236765&t_st=7&t_pp=search_result&t_efo=search_pure_goods_card&t_ef=goods_search&t_sm=&t_spt=search_result","joss barang sampai sesuai pesanan","joss barang sampai sesuai pesanan","Oxwalker","Indonesia","05-10-2026","05-10-2025","Pants","joss barang sampai sesuai pesanan","joss barang sampai sesuai pesanan","Unisex",,,"103314079955","Promo Samsung Galaxy A07 ( 4/64 4/128 6/128 8/256 ) Garansi Resmi Sein","Promo Samsung Galaxy A07 ( 4/64 4/128 6/128 8/256 ) Garansi Resmi Sein - A07 4/64 Black, No Bonus Cicil 0% 3x -  - Ini Toko Budi Shop | Tokopedia","Handphone","Android OS","5","1450757264","Product Review","",,"Tokopedia","Oxwalker","Promo Samsung Galaxy A07 ( 4/64 4/128 6/128 8/256 ) Garansi Resmi Sein",,"2025-Q2"
"https://www.tokopedia.com/ini-toko-budi-shop/samsung-galaxy-a07-4-64-4-128-6-128-8-256-garansi-resmi-sein-1729815001835537895-1735330887460881895?extParam=ivf%3Dtrue%26keyword%3Dsamsung+a07%26search_id%3D2026051013261194F6D7E04A4D452A9TDF%26src%3Dsearch&t_id=1778419236765&t_st=7&t_pp=search_result&t_efo=search_pure_goods_card&t_ef=goods_search&t_sm=&t_spt=search_result","Barang sdh sampai sesuai spek, cuma pengiriman agak lama... kurir proses antar ulang sampe 2 kali","Barang sdh sampai sesuai spek, cuma pengiriman agak lama... kurir proses antar ulang sampe 2 kali","Oxwalker","Indonesia","05-10-2026","03-28-2024","Pants","Barang sdh sampai sesuai spek, cuma pengiriman agak lama... kurir proses antar ulang sampe 2 kali","Barang sdh sampai sesuai spek, cuma pengiriman agak lama... kurir proses antar ulang sampe 2 kali","Unisex",,,"103314079955","Promo Samsung Galaxy A07 ( 4/64 4/128 6/128 8/256 ) Garansi Resmi Sein","Promo Samsung Galaxy A07 ( 4/64 4/128 6/128 8/256 ) Garansi Resmi Sein - A07 4/64 Black, No Bonus Cicil 0% 3x -  - Ini Toko Budi Shop | Tokopedia","Handphone","Android OS","4","1020487265","Product Review","",,"Tokopedia","Oxwalker","Promo Samsung Galaxy A07 ( 4/64 4/128 6/128 8/256 ) Garansi Resmi Sein",,"2024-Q1"
"https://www.tokopedia.com/ini-toko-budi-shop/samsung-galaxy-a07-4-64-4-128-6-128-8-256-garansi-resmi-sein-1729815001835537895-1735330887460881895?extParam=ivf%3Dtrue%26keyword%3Dsamsung+a07%26search_id%3D2026051013261194F6D7E04A4D452A9TDF%26src%3Dsearch&t_id=1778419236765&t_st=7&t_pp=search_result&t_efo=search_pure_goods_card&t_ef=goods_search&t_sm=&t_spt=search_result","samsung A05 original resmi jaminan","samsung A05 original resmi jaminan","Oxwalker","Indonesia","05-10-2026","06-19-2024","Pants","samsung A05 original resmi jaminan","samsung A05 original resmi jaminan","Unisex",,,"103314079955","Promo Samsung Galaxy A07 ( 4/64 4/128 6/128 8/256 ) Garansi Resmi Sein","Promo Samsung Galaxy A07 ( 4/64 4/128 6/128 8/256 ) Garansi Resmi Sein - A07 4/64 Black, No Bonus Cicil 0% 3x -  - Ini Toko Budi Shop | Tokopedia","Handphone","Android OS","5","1054856807","Product Review","",,"Tokopedia","Oxwalker","Promo Samsung Galaxy A07 ( 4/64 4/128 6/128 8/256 ) Garansi Resmi Sein",,"2024-Q2"
"https://www.tokopedia.com/ini-toko-budi-shop/samsung-galaxy-a07-4-64-4-128-6-128-8-256-garansi-resmi-sein-1729815001835537895-1735330887460881895?extParam=ivf%3Dtrue%26keyword%3Dsamsung+a07%26search_id%3D2026051013261194F6D7E04A4D452A9TDF%26src%3Dsearch&t_id=1778419236765&t_st=7&t_pp=search_result&t_efo=search_pure_goods_card&t_ef=goods_search&t_sm=&t_spt=search_result","sesuai pesanan packing aman lengkap","sesuai pesanan packing aman lengkap","Oxwalker","Indonesia","05-10-2026","02-20-2026","Pants","sesuai pesanan packing aman lengkap","sesuai pesanan packing aman lengkap","Unisex",,,"103314079955","Promo Samsung Galaxy A07 ( 4/64 4/128 6/128 8/256 ) Garansi Resmi Sein","Promo Samsung Galaxy A07 ( 4/64 4/128 6/128 8/256 ) Garansi Resmi Sein - A07 4/64 Black, No Bonus Cicil 0% 3x -  - Ini Toko Budi Shop | Tokopedia","Handphone","Android OS","5","1935858015","Product Review","",,"Tokopedia","Oxwalker","Promo Samsung Galaxy A07 ( 4/64 4/128 6/128 8/256 ) Garansi Resmi Sein",,"2026-Q1"
"https://www.tokopedia.com/ini-toko-budi-shop/samsung-galaxy-a07-4-64-4-128-6-128-8-256-garansi-resmi-sein-1729815001835537895-1735330887460881895?extParam=ivf%3Dtrue%26keyword%3Dsamsung+a07%26search_id%3D2026051013261194F6D7E04A4D452A9TDF%26src%3Dsearch&t_id=1778419236765&t_st=7&t_pp=search_result&t_efo=search_pure_goods_card&t_ef=goods_search&t_sm=&t_spt=search_result","toko keren kurir cpt keren hp bgs","toko keren kurir cpt keren hp bgs","Oxwalker","Indonesia","05-10-2026","04-13-2026","Pants","toko keren kurir cpt keren hp bgs","toko keren kurir cpt keren hp bgs","Unisex",,,"103314079955","Promo Samsung Galaxy A07 ( 4/64 4/128 6/128 8/256 ) Garansi Resmi Sein","Promo Samsung Galaxy A07 ( 4/64 4/128 6/128 8/256 ) Garansi Resmi Sein - A07 4/64 Black, No Bonus Cicil 0% 3x -  - Ini Toko Budi Shop | Tokopedia","Handphone","Android OS","5","2044654609","Product Review","",,"Tokopedia","Oxwalker","Promo Samsung Galaxy A07 ( 4/64 4/128 6/128 8/256 ) Garansi Resmi Sein",,"2026-Q2"
"https://www.tokopedia.com/ini-toko-budi-shop/samsung-galaxy-a07-4-64-4-128-6-128-8-256-garansi-resmi-sein-1729815001835537895-1735330887460881895?extParam=ivf%3Dtrue%26keyword%3Dsamsung+a07%26search_id%3D2026051013261194F6D7E04A4D452A9TDF%26src%3Dsearch&t_id=1778419236765&t_st=7&t_pp=search_result&t_efo=search_pure_goods_card&t_ef=goods_search&t_sm=&t_spt=search_result","Mantap lah sluurr","Mantap lah sluurr","Oxwalker","Indonesia","05-10-2026","12-24-2025","Pants","Mantap lah sluurr","Mantap lah sluurr","Unisex",,,"103314079955","Promo Samsung Galaxy A07 ( 4/64 4/128 6/128 8/256 ) Garansi Resmi Sein","Promo Samsung Galaxy A07 ( 4/64 4/128 6/128 8/256 ) Garansi Resmi Sein - A07 4/64 Black, No Bonus Cicil 0% 3x -  - Ini Toko Budi Shop | Tokopedia","Handphone","Android OS","5","1831896445","Product Review","",,"Tokopedia","Oxwalker","Promo Samsung Galaxy A07 ( 4/64 4/128 6/128 8/256 ) Garansi Resmi Sein",,"2025-Q4"
"https://www.tokopedia.com/ini-toko-budi-shop/samsung-galaxy-a07-4-64-4-128-6-128-8-256-garansi-resmi-sein-1729815001835537895-1735330887460881895?extParam=ivf%3Dtrue%26keyword%3Dsamsung+a07%26search_id%3D2026051013261194F6D7E04A4D452A9TDF%26src%3Dsearch&t_id=1778419236765&t_st=7&t_pp=search_result&t_efo=search_pure_goods_card&t_ef=goods_search&t_sm=&t_spt=search_result","Cepet sampai bagus sesuai harga","Cepet sampai bagus sesuai harga","Oxwalker","Indonesia","05-10-2026","02-17-2026","Pants","Cepet sampai bagus sesuai harga","Cepet sampai bagus sesuai harga","Unisex",,,"103314079955","Promo Samsung Galaxy A07 ( 4/64 4/128 6/128 8/256 ) Garansi Resmi Sein","Promo Samsung Galaxy A07 ( 4/64 4/128 6/128 8/256 ) Garansi Resmi Sein - A07 4/64 Black, No Bonus Cicil 0% 3x -  - Ini Toko Budi Shop | Tokopedia","Handphone","Android OS","5","1929701649","Product Review","",,"Tokopedia","Oxwalker","Promo Samsung Galaxy A07 ( 4/64 4/128 6/128 8/256 ) Garansi Resmi Sein",,"2026-Q1"
"https://www.tokopedia.com/ini-toko-budi-shop/samsung-galaxy-a07-4-64-4-128-6-128-8-256-garansi-resmi-sein-1729815001835537895-1735330887460881895?extParam=ivf%3Dtrue%26keyword%3Dsamsung+a07%26search_id%3D2026051013261194F6D7E04A4D452A9TDF%26src%3Dsearch&t_id=1778419236765&t_st=7&t_pp=search_result&t_efo=search_pure_goods_card&t_ef=goods_search&t_sm=&t_spt=search_result","mantap dapet diskon pas Flasshale","mantap dapet diskon pas Flasshale","Oxwalker","Indonesia","05-10-2026","07-19-2024","Pants","mantap dapet diskon pas Flasshale","mantap dapet diskon pas Flasshale","Unisex",,,"103314079955","Promo Samsung Galaxy A07 ( 4/64 4/128 6/128 8/256 ) Garansi Resmi Sein","Promo Samsung Galaxy A07 ( 4/64 4/128 6/128 8/256 ) Garansi Resmi Sein - A07 4/64 Black, No Bonus Cicil 0% 3x -  - Ini Toko Budi Shop | Tokopedia","Handphone","Android OS","5","1067946593","Product Review","",,"Tokopedia","Oxwalker","Promo Samsung Galaxy A07 ( 4/64 4/128 6/128 8/256 ) Garansi Resmi Sein",,"2024-Q3"
"https://www.tokopedia.com/ini-toko-budi-shop/samsung-galaxy-a07-4-64-4-128-6-128-8-256-garansi-resmi-sein-1729815001835537895-1735330887460881895?extParam=ivf%3Dtrue%26keyword%3Dsamsung+a07%26search_id%3D2026051013261194F6D7E04A4D452A9TDF%26src%3Dsearch&t_id=1778419236765&t_st=7&t_pp=search_result&t_efo=search_pure_goods_card&t_ef=goods_search&t_sm=&t_spt=search_result","Kualitas bagus","Kualitas bagus","Oxwalker","Indonesia","05-10-2026","05-02-2026","Pants","Kualitas bagus","Kualitas bagus","Unisex",,,"103314079955","Promo Samsung Galaxy A07 ( 4/64 4/128 6/128 8/256 ) Garansi Resmi Sein","Promo Samsung Galaxy A07 ( 4/64 4/128 6/128 8/256 ) Garansi Resmi Sein - A07 4/64 Black, No Bonus Cicil 0% 3x -  - Ini Toko Budi Shop | Tokopedia","Handphone","Android OS","5","2076628060","Product Review","",,"Tokopedia","Oxwalker","Promo Samsung Galaxy A07 ( 4/64 4/128 6/128 8/256 ) Garansi Resmi Sein",,"2026-Q2"
"https://www.tokopedia.com/ini-toko-budi-shop/samsung-galaxy-a07-4-64-4-128-6-128-8-256-garansi-resmi-sein-1729815001835537895-1735330887460881895?extParam=ivf%3Dtrue%26keyword%3Dsamsung+a07%26search_id%3D2026051013261194F6D7E04A4D452A9TDF%26src%3Dsearch&t_id=1778419236765&t_st=7&t_pp=search_result&t_efo=search_pure_goods_card&t_ef=goods_search&t_sm=&t_spt=search_result","terima kasih brang sdah sampai.","terima kasih brang sdah sampai.","Oxwalker","Indonesia","05-10-2026","10-31-2025","Pants","terima kasih brang sdah sampai.","terima kasih brang sdah sampai.","Unisex",,,"103314079955","Promo Samsung Galaxy A07 ( 4/64 4/128 6/128 8/256 ) Garansi Resmi Sein","Promo Samsung Galaxy A07 ( 4/64 4/128 6/128 8/256 ) Garansi Resmi Sein - A07 4/64 Black, No Bonus Cicil 0% 3x -  - Ini Toko Budi Shop | Tokopedia","Handphone","Android OS","5","1743797942","Product Review","",,"Tokopedia","Oxwalker","Promo Samsung Galaxy A07 ( 4/64 4/128 6/128 8/256 ) Garansi Resmi Sein",,"2025-Q4"
"https://www.tokopedia.com/ini-toko-budi-shop/samsung-galaxy-a07-4-64-4-128-6-128-8-256-garansi-resmi-sein-1729815001835537895-1735330887460881895?extParam=ivf%3Dtrue%26keyword%3Dsamsung+a07%26search_id%3D2026051013261194F6D7E04A4D452A9TDF%26src%3Dsearch&t_id=1778419236765&t_st=7&t_pp=search_result&t_efo=search_pure_goods_card&t_ef=goods_search&t_sm=&t_spt=search_result","barang mantep","barang mantep","Oxwalker","Indonesia","05-10-2026","01-28-2022","Pants","barang mantep","barang mantep","Unisex",,,"103314079955","Promo Samsung Galaxy A07 ( 4/64 4/128 6/128 8/256 ) Garansi Resmi Sein","Promo Samsung Galaxy A07 ( 4/64 4/128 6/128 8/256 ) Garansi Resmi Sein - A07 4/64 Black, No Bonus Cicil 0% 3x -  - Ini Toko Budi Shop | Tokopedia","Handphone","Android OS","5","585271090","Product Review","",,"Tokopedia","Oxwalker","Promo Samsung Galaxy A07 ( 4/64 4/128 6/128 8/256 ) Garansi Resmi Sein",,"2022-Q1"
"https://www.tokopedia.com/ini-toko-budi-shop/samsung-galaxy-a07-4-64-4-128-6-128-8-256-garansi-resmi-sein-1729815001835537895-1735330887460881895?extParam=ivf%3Dtrue%26keyword%3Dsamsung+a07%26search_id%3D2026051013261194F6D7E04A4D452A9TDF%26src%3Dsearch&t_id=1778419236765&t_st=7&t_pp=search_result&t_efo=search_pure_goods_card&t_ef=goods_search&t_sm=&t_spt=search_result","Kacau travel adapter (charger) dikorup padahal itu gratis satu paket dari Samsung.
Memang korupsi sudah mewabah sampai ke retail.","Kacau travel adapter (charger) dikorup padahal itu gratis satu paket dari Samsung.
Memang korupsi sudah mewabah sampai ke retail.","Oxwalker","Indonesia","05-10-2026","11-23-2025","Pants","Kacau travel adapter (charger) dikorup padahal itu gratis satu paket dari Samsung.
Memang korupsi sudah mewabah sampai ke retail.","Kacau travel adapter (charger) dikorup padahal itu gratis satu paket dari Samsung.
Memang korupsi sudah mewabah sampai ke retail.","Unisex",,,"103314079955","Promo Samsung Galaxy A07 ( 4/64 4/128 6/128 8/256 ) Garansi Resmi Sein","Promo Samsung Galaxy A07 ( 4/64 4/128 6/128 8/256 ) Garansi Resmi Sein - A07 4/64 Black, No Bonus Cicil 0% 3x -  - Ini Toko Budi Shop | Tokopedia","Handphone","Android OS","1","1779869711","Product Review","",,"Tokopedia","Oxwalker","Promo Samsung Galaxy A07 ( 4/64 4/128 6/128 8/256 ) Garansi Resmi Sein",,"2025-Q4"
"https://www.tokopedia.com/ini-toko-budi-shop/samsung-galaxy-a07-4-64-4-128-6-128-8-256-garansi-resmi-sein-1729815001835537895-1735330887460881895?extParam=ivf%3Dtrue%26keyword%3Dsamsung+a07%26search_id%3D2026051013261194F6D7E04A4D452A9TDF%26src%3Dsearch&t_id=1778419236765&t_st=7&t_pp=search_result&t_efo=search_pure_goods_card&t_ef=goods_search&t_sm=&t_spt=search_result","Barang sampai dengan selamat","Barang sampai dengan selamat","Oxwalker","Indonesia","05-10-2026","11-14-2025","Pants","Barang sampai dengan selamat","Barang sampai dengan selamat","Unisex",,,"103314079955","Promo Samsung Galaxy A07 ( 4/64 4/128 6/128 8/256 ) Garansi Resmi Sein","Promo Samsung Galaxy A07 ( 4/64 4/128 6/128 8/256 ) Garansi Resmi Sein - A07 4/64 Black, No Bonus Cicil 0% 3x -  - Ini Toko Budi Shop | Tokopedia","Handphone","Android OS","5","1766675357","Product Review","",,"Tokopedia","Oxwalker","Promo Samsung Galaxy A07 ( 4/64 4/128 6/128 8/256 ) Garansi Resmi Sein",,"2025-Q4"
"https://www.tokopedia.com/ini-toko-budi-shop/samsung-galaxy-a07-4-64-4-128-6-128-8-256-garansi-resmi-sein-1729815001835537895-1735330887460881895?extParam=ivf%3Dtrue%26keyword%3Dsamsung+a07%26search_id%3D2026051013261194F6D7E04A4D452A9TDF%26src%3Dsearch&t_id=1778419236765&t_st=7&t_pp=search_result&t_efo=search_pure_goods_card&t_ef=goods_search&t_sm=&t_spt=search_result","Produk sesuai, packing aman.","Produk sesuai, packing aman.","Oxwalker","Indonesia","05-10-2026","03-29-2024","Pants","Produk sesuai, packing aman.","Produk sesuai, packing aman.","Unisex",,,"103314079955","Promo Samsung Galaxy A07 ( 4/64 4/128 6/128 8/256 ) Garansi Resmi Sein","Promo Samsung Galaxy A07 ( 4/64 4/128 6/128 8/256 ) Garansi Resmi Sein - A07 4/64 Black, No Bonus Cicil 0% 3x -  - Ini Toko Budi Shop | Tokopedia","Handphone","Android OS","5","1021000407","Product Review","",,"Tokopedia","Oxwalker","Promo Samsung Galaxy A07 ( 4/64 4/128 6/128 8/256 ) Garansi Resmi Sein",,"2024-Q1"
"https://www.tokopedia.com/ini-toko-budi-shop/samsung-galaxy-a07-4-64-4-128-6-128-8-256-garansi-resmi-sein-1729815001835537895-1735330887460881895?extParam=ivf%3Dtrue%26keyword%3Dsamsung+a07%26search_id%3D2026051013261194F6D7E04A4D452A9TDF%26src%3Dsearch&t_id=1778419236765&t_st=7&t_pp=search_result&t_efo=search_pure_goods_card&t_ef=goods_search&t_sm=&t_spt=search_result","mantap, puas dan original 👍","mantap, puas dan original 👍","Oxwalker","Indonesia","05-10-2026","06-26-2025","Pants","mantap, puas dan original 👍","mantap, puas dan original 👍","Unisex",,,"103314079955","Promo Samsung Galaxy A07 ( 4/64 4/128 6/128 8/256 ) Garansi Resmi Sein","Promo Samsung Galaxy A07 ( 4/64 4/128 6/128 8/256 ) Garansi Resmi Sein - A07 4/64 Black, No Bonus Cicil 0% 3x -  - Ini Toko Budi Shop | Tokopedia","Handphone","Android OS","5","1542710499","Product Review","",,"Tokopedia","Oxwalker","Promo Samsung Galaxy A07 ( 4/64 4/128 6/128 8/256 ) Garansi Resmi Sein",,"2025-Q2"
"https://www.tokopedia.com/ini-toko-budi-shop/samsung-galaxy-a07-4-64-4-128-6-128-8-256-garansi-resmi-sein-1729815001835537895-1735330887460881895?extParam=ivf%3Dtrue%26keyword%3Dsamsung+a07%26search_id%3D2026051013261194F6D7E04A4D452A9TDF%26src%3Dsearch&t_id=1778419236765&t_st=7&t_pp=search_result&t_efo=search_pure_goods_card&t_ef=goods_search&t_sm=&t_spt=search_result","Barang okee","Barang okee","Oxwalker","Indonesia","05-10-2026","03-15-2026","Pants","Barang okee","Barang okee","Unisex",,,"103314079955","Promo Samsung Galaxy A07 ( 4/64 4/128 6/128 8/256 ) Garansi Resmi Sein","Promo Samsung Galaxy A07 ( 4/64 4/128 6/128 8/256 ) Garansi Resmi Sein - A07 4/64 Black, No Bonus Cicil 0% 3x -  - Ini Toko Budi Shop | Tokopedia","Handphone","Android OS","5","1998437032","Product Review","",,"Tokopedia","Oxwalker","Promo Samsung Galaxy A07 ( 4/64 4/128 6/128 8/256 ) Garansi Resmi Sein",,"2026-Q1"
"https://www.tokopedia.com/ini-toko-budi-shop/samsung-galaxy-a07-4-64-4-128-6-128-8-256-garansi-resmi-sein-1729815001835537895-1735330887460881895?extParam=ivf%3Dtrue%26keyword%3Dsamsung+a07%26search_id%3D2026051013261194F6D7E04A4D452A9TDF%26src%3Dsearch&t_id=1778419236765&t_st=7&t_pp=search_result&t_efo=search_pure_goods_card&t_ef=goods_search&t_sm=&t_spt=search_result","barang original. thanks seller","barang original. thanks seller","Oxwalker","Indonesia","05-10-2026","11-27-2025","Pants","barang original. thanks seller","barang original. thanks seller","Unisex",,,"103314079955","Promo Samsung Galaxy A07 ( 4/64 4/128 6/128 8/256 ) Garansi Resmi Sein","Promo Samsung Galaxy A07 ( 4/64 4/128 6/128 8/256 ) Garansi Resmi Sein - A07 4/64 Black, No Bonus Cicil 0% 3x -  - Ini Toko Budi Shop | Tokopedia","Handphone","Android OS","5","1786046542","Product Review","",,"Tokopedia","Oxwalker","Promo Samsung Galaxy A07 ( 4/64 4/128 6/128 8/256 ) Garansi Resmi Sein",,"2025-Q4"
"https://www.tokopedia.com/ini-toko-budi-shop/samsung-galaxy-a07-4-64-4-128-6-128-8-256-garansi-resmi-sein-1729815001835537895-1735330887460881895?extParam=ivf%3Dtrue%26keyword%3Dsamsung+a07%26search_id%3D2026051013261194F6D7E04A4D452A9TDF%26src%3Dsearch&t_id=1778419236765&t_st=7&t_pp=search_result&t_efo=search_pure_goods_card&t_ef=goods_search&t_sm=&t_spt=search_result","Mantap pokoknya, toko amanah","Mantap pokoknya, toko amanah","Oxwalker","Indonesia","05-10-2026","10-08-2025","Pants","Mantap pokoknya, toko amanah","Mantap pokoknya, toko amanah","Unisex",,,"103314079955","Promo Samsung Galaxy A07 ( 4/64 4/128 6/128 8/256 ) Garansi Resmi Sein","Promo Samsung Galaxy A07 ( 4/64 4/128 6/128 8/256 ) Garansi Resmi Sein - A07 4/64 Black, No Bonus Cicil 0% 3x -  - Ini Toko Budi Shop | Tokopedia","Handphone","Android OS","5","1711925360","Product Review","",,"Tokopedia","Oxwalker","Promo Samsung Galaxy A07 ( 4/64 4/128 6/128 8/256 ) Garansi Resmi Sein",,"2025-Q4"
"https://www.tokopedia.com/ini-toko-budi-shop/samsung-galaxy-a07-4-64-4-128-6-128-8-256-garansi-resmi-sein-1729815001835537895-1735330887460881895?extParam=ivf%3Dtrue%26keyword%3Dsamsung+a07%26search_id%3D2026051013261194F6D7E04A4D452A9TDF%26src%3Dsearch&t_id=1778419236765&t_st=7&t_pp=search_result&t_efo=search_pure_goods_card&t_ef=goods_search&t_sm=&t_spt=search_result","mantap barang sesuai pesanan","mantap barang sesuai pesanan","Oxwalker","Indonesia","05-10-2026","05-10-2025","Pants","mantap barang sesuai pesanan","mantap barang sesuai pesanan","Unisex",,,"103314079955","Promo Samsung Galaxy A07 ( 4/64 4/128 6/128 8/256 ) Garansi Resmi Sein","Promo Samsung Galaxy A07 ( 4/64 4/128 6/128 8/256 ) Garansi Resmi Sein - A07 4/64 Black, No Bonus Cicil 0% 3x -  - Ini Toko Budi Shop | Tokopedia","Handphone","Android OS","5","1450695042","Product Review","",,"Tokopedia","Oxwalker","Promo Samsung Galaxy A07 ( 4/64 4/128 6/128 8/256 ) Garansi Resmi Sein",,"2025-Q2"
"https://www.tokopedia.com/ini-toko-budi-shop/samsung-galaxy-a07-4-64-4-128-6-128-8-256-garansi-resmi-sein-1729815001835537895-1735330887460881895?extParam=ivf%3Dtrue%26keyword%3Dsamsung+a07%26search_id%3D2026051013261194F6D7E04A4D452A9TDF%26src%3Dsearch&t_id=1778419236765&t_st=7&t_pp=search_result&t_efo=search_pure_goods_card&t_ef=goods_search&t_sm=&t_spt=search_result","barang bagus sesuai pesanan","barang bagus sesuai pesanan","Oxwalker","Indonesia","05-10-2026","01-10-2022","Pants","barang bagus sesuai pesanan","barang bagus sesuai pesanan","Unisex",,,"103314079955","Promo Samsung Galaxy A07 ( 4/64 4/128 6/128 8/256 ) Garansi Resmi Sein","Promo Samsung Galaxy A07 ( 4/64 4/128 6/128 8/256 ) Garansi Resmi Sein - A07 4/64 Black, No Bonus Cicil 0% 3x -  - Ini Toko Budi Shop | Tokopedia","Handphone","Android OS","5","570614154","Product Review","",,"Tokopedia","Oxwalker","Promo Samsung Galaxy A07 ( 4/64 4/128 6/128 8/256 ) Garansi Resmi Sein",,"2022-Q1"
"https://www.tokopedia.com/ini-toko-budi-shop/samsung-galaxy-a07-4-64-4-128-6-128-8-256-garansi-resmi-sein-1729815001835537895-1735330887460881895?extParam=ivf%3Dtrue%26keyword%3Dsamsung+a07%26search_id%3D2026051013261194F6D7E04A4D452A9TDF%26src%3Dsearch&t_id=1778419236765&t_st=7&t_pp=search_result&t_efo=search_pure_goods_card&t_ef=goods_search&t_sm=&t_spt=search_result","Sampai dengan selamat 👏","Sampai dengan selamat 👏","Oxwalker","Indonesia","05-10-2026","09-04-2025","Pants","Sampai dengan selamat 👏","Sampai dengan selamat 👏","Unisex",,,"103314079955","Promo Samsung Galaxy A07 ( 4/64 4/128 6/128 8/256 ) Garansi Resmi Sein","Promo Samsung Galaxy A07 ( 4/64 4/128 6/128 8/256 ) Garansi Resmi Sein - A07 4/64 Black, No Bonus Cicil 0% 3x -  - Ini Toko Budi Shop | Tokopedia","Handphone","Android OS","5","1660687772","Product Review","",,"Tokopedia","Oxwalker","Promo Samsung Galaxy A07 ( 4/64 4/128 6/128 8/256 ) Garansi Resmi Sein",,"2025-Q3"
"https://www.tokopedia.com/ini-toko-budi-shop/samsung-galaxy-a07-4-64-4-128-6-128-8-256-garansi-resmi-sein-1729815001835537895-1735330887460881895?extParam=ivf%3Dtrue%26keyword%3Dsamsung+a07%26search_id%3D2026051013261194F6D7E04A4D452A9TDF%26src%3Dsearch&t_id=1778419236765&t_st=7&t_pp=search_result&t_efo=search_pure_goods_card&t_ef=goods_search&t_sm=&t_spt=search_result","Oke aja...Baarakallahu fiik","Oke aja...Baarakallahu fiik","Oxwalker","Indonesia","05-10-2026","06-16-2025","Pants","Oke aja...Baarakallahu fiik","Oke aja...Baarakallahu fiik","Unisex",,,"103314079955","Promo Samsung Galaxy A07 ( 4/64 4/128 6/128 8/256 ) Garansi Resmi Sein","Promo Samsung Galaxy A07 ( 4/64 4/128 6/128 8/256 ) Garansi Resmi Sein - A07 4/64 Black, No Bonus Cicil 0% 3x -  - Ini Toko Budi Shop | Tokopedia","Handphone","Android OS","5","1526082559","Product Review","",,"Tokopedia","Oxwalker","Promo Samsung Galaxy A07 ( 4/64 4/128 6/128 8/256 ) Garansi Resmi Sein",,"2025-Q2"
"https://www.tokopedia.com/ini-toko-budi-shop/samsung-galaxy-a07-4-64-4-128-6-128-8-256-garansi-resmi-sein-1729815001835537895-1735330887460881895?extParam=ivf%3Dtrue%26keyword%3Dsamsung+a07%26search_id%3D2026051013261194F6D7E04A4D452A9TDF%26src%3Dsearch&t_id=1778419236765&t_st=7&t_pp=search_result&t_efo=search_pure_goods_card&t_ef=goods_search&t_sm=&t_spt=search_result","ok mantap 
barang original","ok mantap 
barang original","Oxwalker","Indonesia","05-10-2026","12-31-2025","Pants","ok mantap 
barang original","ok mantap 
barang original","Unisex",,,"103314079955","Promo Samsung Galaxy A07 ( 4/64 4/128 6/128 8/256 ) Garansi Resmi Sein","Promo Samsung Galaxy A07 ( 4/64 4/128 6/128 8/256 ) Garansi Resmi Sein - A07 4/64 Black, No Bonus Cicil 0% 3x -  - Ini Toko Budi Shop | Tokopedia","Handphone","Android OS","5","1843268842","Product Review","",,"Tokopedia","Oxwalker","Promo Samsung Galaxy A07 ( 4/64 4/128 6/128 8/256 ) Garansi Resmi Sein",,"2025-Q4"
"https://www.tokopedia.com/ini-toko-budi-shop/samsung-galaxy-a07-4-64-4-128-6-128-8-256-garansi-resmi-sein-1729815001835537895-1735330887460881895?extParam=ivf%3Dtrue%26keyword%3Dsamsung+a07%26search_id%3D2026051013261194F6D7E04A4D452A9TDF%26src%3Dsearch&t_id=1778419236765&t_st=7&t_pp=search_result&t_efo=search_pure_goods_card&t_ef=goods_search&t_sm=&t_spt=search_result","Oksip..Mantap.. 
makasi..","Oksip..Mantap.. 
makasi..","Oxwalker","Indonesia","05-10-2026","07-21-2024","Pants","Oksip..Mantap.. 
makasi..","Oksip..Mantap.. 
makasi..","Unisex",,,"103314079955","Promo Samsung Galaxy A07 ( 4/64 4/128 6/128 8/256 ) Garansi Resmi Sein","Promo Samsung Galaxy A07 ( 4/64 4/128 6/128 8/256 ) Garansi Resmi Sein - A07 4/64 Black, No Bonus Cicil 0% 3x -  - Ini Toko Budi Shop | Tokopedia","Handphone","Android OS","5","1068627828","Product Review","",,"Tokopedia","Oxwalker","Promo Samsung Galaxy A07 ( 4/64 4/128 6/128 8/256 ) Garansi Resmi Sein",,"2024-Q3"
"https://www.tokopedia.com/ini-toko-budi-shop/samsung-galaxy-a07-4-64-4-128-6-128-8-256-garansi-resmi-sein-1729815001835537895-1735330887460881895?extParam=ivf%3Dtrue%26keyword%3Dsamsung+a07%26search_id%3D2026051013261194F6D7E04A4D452A9TDF%26src%3Dsearch&t_id=1778419236765&t_st=7&t_pp=search_result&t_efo=search_pure_goods_card&t_ef=goods_search&t_sm=&t_spt=search_result","terimakasih sesuai pesanan","terimakasih sesuai pesanan","Oxwalker","Indonesia","05-10-2026","10-27-2021","Pants","terimakasih sesuai pesanan","terimakasih sesuai pesanan","Unisex",,,"103314079955","Promo Samsung Galaxy A07 ( 4/64 4/128 6/128 8/256 ) Garansi Resmi Sein","Promo Samsung Galaxy A07 ( 4/64 4/128 6/128 8/256 ) Garansi Resmi Sein - A07 4/64 Black, No Bonus Cicil 0% 3x -  - Ini Toko Budi Shop | Tokopedia","Handphone","Android OS","5","508949552","Product Review","",,"Tokopedia","Oxwalker","Promo Samsung Galaxy A07 ( 4/64 4/128 6/128 8/256 ) Garansi Resmi Sein",,"2021-Q4"
"https://www.tokopedia.com/ini-toko-budi-shop/samsung-galaxy-a07-4-64-4-128-6-128-8-256-garansi-resmi-sein-1729815001835537895-1735330887460881895?extParam=ivf%3Dtrue%26keyword%3Dsamsung+a07%26search_id%3D2026051013261194F6D7E04A4D452A9TDF%26src%3Dsearch&t_id=1778419236765&t_st=7&t_pp=search_result&t_efo=search_pure_goods_card&t_ef=goods_search&t_sm=&t_spt=search_result","Produk aman seller amanah..","Produk aman seller amanah..","Oxwalker","Indonesia","05-10-2026","09-29-2025","Pants","Produk aman seller amanah..","Produk aman seller amanah..","Unisex",,,"103314079955","Promo Samsung Galaxy A07 ( 4/64 4/128 6/128 8/256 ) Garansi Resmi Sein","Promo Samsung Galaxy A07 ( 4/64 4/128 6/128 8/256 ) Garansi Resmi Sein - A07 4/64 Black, No Bonus Cicil 0% 3x -  - Ini Toko Budi Shop | Tokopedia","Handphone","Android OS","5","1698752977","Product Review","",,"Tokopedia","Oxwalker","Promo Samsung Galaxy A07 ( 4/64 4/128 6/128 8/256 ) Garansi Resmi Sein",,"2025-Q3"
"https://www.tokopedia.com/ini-toko-budi-shop/samsung-galaxy-a07-4-64-4-128-6-128-8-256-garansi-resmi-sein-1729815001835537895-1735330887460881895?extParam=ivf%3Dtrue%26keyword%3Dsamsung+a07%26search_id%3D2026051013261194F6D7E04A4D452A9TDF%26src%3Dsearch&t_id=1778419236765&t_st=7&t_pp=search_result&t_efo=search_pure_goods_card&t_ef=goods_search&t_sm=&t_spt=search_result","Oke mantap, toko amanah","Oke mantap, toko amanah","Oxwalker","Indonesia","05-10-2026","11-27-2025","Pants","Oke mantap, toko amanah","Oke mantap, toko amanah","Unisex",,,"103314079955","Promo Samsung Galaxy A07 ( 4/64 4/128 6/128 8/256 ) Garansi Resmi Sein","Promo Samsung Galaxy A07 ( 4/64 4/128 6/128 8/256 ) Garansi Resmi Sein - A07 4/64 Black, No Bonus Cicil 0% 3x -  - Ini Toko Budi Shop | Tokopedia","Handphone","Android OS","5","1785538702","Product Review","",,"Tokopedia","Oxwalker","Promo Samsung Galaxy A07 ( 4/64 4/128 6/128 8/256 ) Garansi Resmi Sein",,"2025-Q4"
"https://www.tokopedia.com/ini-toko-budi-shop/samsung-galaxy-a07-4-64-4-128-6-128-8-256-garansi-resmi-sein-1729815001835537895-1735330887460881895?extParam=ivf%3Dtrue%26keyword%3Dsamsung+a07%26search_id%3D2026051013261194F6D7E04A4D452A9TDF%26src%3Dsearch&t_id=1778419236765&t_st=7&t_pp=search_result&t_efo=search_pure_goods_card&t_ef=goods_search&t_sm=&t_spt=search_result","barang ori sesuai pesanan","barang ori sesuai pesanan","Oxwalker","Indonesia","05-10-2026","11-13-2025","Pants","barang ori sesuai pesanan","barang ori sesuai pesanan","Unisex",,,"103314079955","Promo Samsung Galaxy A07 ( 4/64 4/128 6/128 8/256 ) Garansi Resmi Sein","Promo Samsung Galaxy A07 ( 4/64 4/128 6/128 8/256 ) Garansi Resmi Sein - A07 4/64 Black, No Bonus Cicil 0% 3x -  - Ini Toko Budi Shop | Tokopedia","Handphone","Android OS","5","1764558694","Product Review","",,"Tokopedia","Oxwalker","Promo Samsung Galaxy A07 ( 4/64 4/128 6/128 8/256 ) Garansi Resmi Sein",,"2025-Q4"
"https://www.tokopedia.com/ini-toko-budi-shop/samsung-galaxy-a07-4-64-4-128-6-128-8-256-garansi-resmi-sein-1729815001835537895-1735330887460881895?extParam=ivf%3Dtrue%26keyword%3Dsamsung+a07%26search_id%3D2026051013261194F6D7E04A4D452A9TDF%26src%3Dsearch&t_id=1778419236765&t_st=7&t_pp=search_result&t_efo=search_pure_goods_card&t_ef=goods_search&t_sm=&t_spt=search_result","Mantap...","Mantap...","Oxwalker","Indonesia","05-10-2026","12-12-2025","Pants","Mantap...","Mantap...","Unisex",,,"103314079955","Promo Samsung Galaxy A07 ( 4/64 4/128 6/128 8/256 ) Garansi Resmi Sein","Promo Samsung Galaxy A07 ( 4/64 4/128 6/128 8/256 ) Garansi Resmi Sein - A07 4/64 Black, No Bonus Cicil 0% 3x -  - Ini Toko Budi Shop | Tokopedia","Handphone","Android OS","5","1810872725","Product Review","",,"Tokopedia","Oxwalker","Promo Samsung Galaxy A07 ( 4/64 4/128 6/128 8/256 ) Garansi Resmi Sein",,"2025-Q4"
"https://www.tokopedia.com/ini-toko-budi-shop/samsung-galaxy-a07-4-64-4-128-6-128-8-256-garansi-resmi-sein-1729815001835537895-1735330887460881895?extParam=ivf%3Dtrue%26keyword%3Dsamsung+a07%26search_id%3D2026051013261194F6D7E04A4D452A9TDF%26src%3Dsearch&t_id=1778419236765&t_st=7&t_pp=search_result&t_efo=search_pure_goods_card&t_ef=goods_search&t_sm=&t_spt=search_result","Barang sesuai deskripsi","Barang sesuai deskripsi","Oxwalker","Indonesia","05-10-2026","06-20-2024","Pants","Barang sesuai deskripsi","Barang sesuai deskripsi","Unisex",,,"103314079955","Promo Samsung Galaxy A07 ( 4/64 4/128 6/128 8/256 ) Garansi Resmi Sein","Promo Samsung Galaxy A07 ( 4/64 4/128 6/128 8/256 ) Garansi Resmi Sein - A07 4/64 Black, No Bonus Cicil 0% 3x -  - Ini Toko Budi Shop | Tokopedia","Handphone","Android OS","5","1055136261","Product Review","",,"Tokopedia","Oxwalker","Promo Samsung Galaxy A07 ( 4/64 4/128 6/128 8/256 ) Garansi Resmi Sein",,"2024-Q2"
"https://www.tokopedia.com/ini-toko-budi-shop/samsung-galaxy-a07-4-64-4-128-6-128-8-256-garansi-resmi-sein-1729815001835537895-1735330887460881895?extParam=ivf%3Dtrue%26keyword%3Dsamsung+a07%26search_id%3D2026051013261194F6D7E04A4D452A9TDF%26src%3Dsearch&t_id=1778419236765&t_st=7&t_pp=search_result&t_efo=search_pure_goods_card&t_ef=goods_search&t_sm=&t_spt=search_result","pengiriman cepat mantap","pengiriman cepat mantap","Oxwalker","Indonesia","05-10-2026","03-13-2025","Pants","pengiriman cepat mantap","pengiriman cepat mantap","Unisex",,,"103314079955","Promo Samsung Galaxy A07 ( 4/64 4/128 6/128 8/256 ) Garansi Resmi Sein","Promo Samsung Galaxy A07 ( 4/64 4/128 6/128 8/256 ) Garansi Resmi Sein - A07 4/64 Black, No Bonus Cicil 0% 3x -  - Ini Toko Budi Shop | Tokopedia","Handphone","Android OS","5","1313851718","Product Review","",,"Tokopedia","Oxwalker","Promo Samsung Galaxy A07 ( 4/64 4/128 6/128 8/256 ) Garansi Resmi Sein",,"2025-Q1"
"https://www.tokopedia.com/ini-toko-budi-shop/samsung-galaxy-a07-4-64-4-128-6-128-8-256-garansi-resmi-sein-1729815001835537895-1735330887460881895?extParam=ivf%3Dtrue%26keyword%3Dsamsung+a07%26search_id%3D2026051013261194F6D7E04A4D452A9TDF%26src%3Dsearch&t_id=1778419236765&t_st=7&t_pp=search_result&t_efo=search_pure_goods_card&t_ef=goods_search&t_sm=&t_spt=search_result","Terimakasih banyak, pengiriman cepat dan amanah","Terimakasih banyak, pengiriman cepat dan amanah","Oxwalker","Indonesia","05-10-2026","09-30-2025","Pants","Terimakasih banyak, pengiriman cepat dan amanah","Terimakasih banyak, pengiriman cepat dan amanah","Unisex",,,"103314079955","Promo Samsung Galaxy A07 ( 4/64 4/128 6/128 8/256 ) Garansi Resmi Sein","Promo Samsung Galaxy A07 ( 4/64 4/128 6/128 8/256 ) Garansi Resmi Sein - A07 4/64 Black, No Bonus Cicil 0% 3x -  - Ini Toko Budi Shop | Tokopedia","Handphone","Android OS","5","1699616446","Product Review","",,"Tokopedia","Oxwalker","Promo Samsung Galaxy A07 ( 4/64 4/128 6/128 8/256 ) Garansi Resmi Sein",,"2025-Q3"
"https://www.tokopedia.com/ini-toko-budi-shop/samsung-galaxy-a07-4-64-4-128-6-128-8-256-garansi-resmi-sein-1729815001835537895-1735330887460881895?extParam=ivf%3Dtrue%26keyword%3Dsamsung+a07%26search_id%3D2026051013261194F6D7E04A4D452A9TDF%26src%3Dsearch&t_id=1778419236765&t_st=7&t_pp=search_result&t_efo=search_pure_goods_card&t_ef=goods_search&t_sm=&t_spt=search_result","Ini saya order gak dpt carger","Ini saya order gak dpt carger","Oxwalker","Indonesia","05-10-2026","09-22-2025","Pants","Ini saya order gak dpt carger","Ini saya order gak dpt carger","Unisex",,,"103314079955","Promo Samsung Galaxy A07 ( 4/64 4/128 6/128 8/256 ) Garansi Resmi Sein","Promo Samsung Galaxy A07 ( 4/64 4/128 6/128 8/256 ) Garansi Resmi Sein - A07 4/64 Black, No Bonus Cicil 0% 3x -  - Ini Toko Budi Shop | Tokopedia","Handphone","Android OS","2","1688822855","Product Review","",,"Tokopedia","Oxwalker","Promo Samsung Galaxy A07 ( 4/64 4/128 6/128 8/256 ) Garansi Resmi Sein",,"2025-Q3"
"https://www.tokopedia.com/ini-toko-budi-shop/samsung-galaxy-a07-4-64-4-128-6-128-8-256-garansi-resmi-sein-1729815001835537895-1735330887460881895?extParam=ivf%3Dtrue%26keyword%3Dsamsung+a07%26search_id%3D2026051013261194F6D7E04A4D452A9TDF%26src%3Dsearch&t_id=1778419236765&t_st=7&t_pp=search_result&t_efo=search_pure_goods_card&t_ef=goods_search&t_sm=&t_spt=search_result","Bagus pengiriman cepat","Bagus pengiriman cepat","Oxwalker","Indonesia","05-10-2026","10-12-2025","Pants","Bagus pengiriman cepat","Bagus pengiriman cepat","Unisex",,,"103314079955","Promo Samsung Galaxy A07 ( 4/64 4/128 6/128 8/256 ) Garansi Resmi Sein","Promo Samsung Galaxy A07 ( 4/64 4/128 6/128 8/256 ) Garansi Resmi Sein - A07 4/64 Black, No Bonus Cicil 0% 3x -  - Ini Toko Budi Shop | Tokopedia","Handphone","Android OS","5","1717331151","Product Review","",,"Tokopedia","Oxwalker","Promo Samsung Galaxy A07 ( 4/64 4/128 6/128 8/256 ) Garansi Resmi Sein",,"2025-Q4"
"https://www.tokopedia.com/ini-toko-budi-shop/samsung-galaxy-a07-4-64-4-128-6-128-8-256-garansi-resmi-sein-1729815001835537895-1735330887460881895?extParam=ivf%3Dtrue%26keyword%3Dsamsung+a07%26search_id%3D2026051013261194F6D7E04A4D452A9TDF%26src%3Dsearch&t_id=1778419236765&t_st=7&t_pp=search_result&t_efo=search_pure_goods_card&t_ef=goods_search&t_sm=&t_spt=search_result","Barang sesuai pesanan","Barang sesuai pesanan","Oxwalker","Indonesia","05-10-2026","11-20-2025","Pants","Barang sesuai pesanan","Barang sesuai pesanan","Unisex",,,"103314079955","Promo Samsung Galaxy A07 ( 4/64 4/128 6/128 8/256 ) Garansi Resmi Sein","Promo Samsung Galaxy A07 ( 4/64 4/128 6/128 8/256 ) Garansi Resmi Sein - A07 4/64 Black, No Bonus Cicil 0% 3x -  - Ini Toko Budi Shop | Tokopedia","Handphone","Android OS","5","1776277367","Product Review","",,"Tokopedia","Oxwalker","Promo Samsung Galaxy A07 ( 4/64 4/128 6/128 8/256 ) Garansi Resmi Sein",,"2025-Q4"
"https://www.tokopedia.com/ini-toko-budi-shop/samsung-galaxy-a07-4-64-4-128-6-128-8-256-garansi-resmi-sein-1729815001835537895-1735330887460881895?extParam=ivf%3Dtrue%26keyword%3Dsamsung+a07%26search_id%3D2026051013261194F6D7E04A4D452A9TDF%26src%3Dsearch&t_id=1778419236765&t_st=7&t_pp=search_result&t_efo=search_pure_goods_card&t_ef=goods_search&t_sm=&t_spt=search_result","Alhamdulillah barang sudah sampai 
saran saya  mending gak usah pake dus tapi pake bubel aja full
biar kemasan aman

kemasan tidak bagus alias jelek banget","Alhamdulillah barang sudah sampai 
saran saya  mending gak usah pake dus tapi pake bubel aja full
biar kemasan aman

kemasan tidak bagus alias jelek banget","Oxwalker","Indonesia","05-10-2026","10-29-2025","Pants","Alhamdulillah barang sudah sampai 
saran saya  mending gak usah pake dus tapi pake bubel aja full
biar kemasan aman

kemasan tidak bagus alias jelek banget","Alhamdulillah barang sudah sampai 
saran saya  mending gak usah pake dus tapi pake bubel aja full
biar kemasan aman

kemasan tidak bagus alias jelek banget","Unisex",,,"103314079955","Promo Samsung Galaxy A07 ( 4/64 4/128 6/128 8/256 ) Garansi Resmi Sein","Promo Samsung Galaxy A07 ( 4/64 4/128 6/128 8/256 ) Garansi Resmi Sein - A07 4/64 Black, No Bonus Cicil 0% 3x -  - Ini Toko Budi Shop | Tokopedia","Handphone","Android OS","3","1740930730","Product Review","",,"Tokopedia","Oxwalker","Promo Samsung Galaxy A07 ( 4/64 4/128 6/128 8/256 ) Garansi Resmi Sein",,"2025-Q4"
"https://www.tokopedia.com/ini-toko-budi-shop/samsung-galaxy-a07-4-64-4-128-6-128-8-256-garansi-resmi-sein-1729815001835537895-1735330887460881895?extParam=ivf%3Dtrue%26keyword%3Dsamsung+a07%26search_id%3D2026051013261194F6D7E04A4D452A9TDF%26src%3Dsearch&t_id=1778419236765&t_st=7&t_pp=search_result&t_efo=search_pure_goods_card&t_ef=goods_search&t_sm=&t_spt=search_result","mantap, seller ramah","mantap, seller ramah","Oxwalker","Indonesia","05-10-2026","04-23-2025","Pants","mantap, seller ramah","mantap, seller ramah","Unisex",,,"103314079955","Promo Samsung Galaxy A07 ( 4/64 4/128 6/128 8/256 ) Garansi Resmi Sein","Promo Samsung Galaxy A07 ( 4/64 4/128 6/128 8/256 ) Garansi Resmi Sein - A07 4/64 Black, No Bonus Cicil 0% 3x -  - Ini Toko Budi Shop | Tokopedia","Handphone","Android OS","5","1398983869","Product Review","",,"Tokopedia","Oxwalker","Promo Samsung Galaxy A07 ( 4/64 4/128 6/128 8/256 ) Garansi Resmi Sein",,"2025-Q2"
"https://www.tokopedia.com/ini-toko-budi-shop/samsung-galaxy-a07-4-64-4-128-6-128-8-256-garansi-resmi-sein-1729815001835537895-1735330887460881895?extParam=ivf%3Dtrue%26keyword%3Dsamsung+a07%26search_id%3D2026051013261194F6D7E04A4D452A9TDF%26src%3Dsearch&t_id=1778419236765&t_st=7&t_pp=search_result&t_efo=search_pure_goods_card&t_ef=goods_search&t_sm=&t_spt=search_result","mantaapp hpnya bagus","mantaapp hpnya bagus","Oxwalker","Indonesia","05-10-2026","12-01-2025","Pants","mantaapp hpnya bagus","mantaapp hpnya bagus","Unisex",,,"103314079955","Promo Samsung Galaxy A07 ( 4/64 4/128 6/128 8/256 ) Garansi Resmi Sein","Promo Samsung Galaxy A07 ( 4/64 4/128 6/128 8/256 ) Garansi Resmi Sein - A07 4/64 Black, No Bonus Cicil 0% 3x -  - Ini Toko Budi Shop | Tokopedia","Handphone","Android OS","5","1792097774","Product Review","",,"Tokopedia","Oxwalker","Promo Samsung Galaxy A07 ( 4/64 4/128 6/128 8/256 ) Garansi Resmi Sein",,"2025-Q4"
"https://www.tokopedia.com/ini-toko-budi-shop/samsung-galaxy-a07-4-64-4-128-6-128-8-256-garansi-resmi-sein-1729815001835537895-1735330887460881895?extParam=ivf%3Dtrue%26keyword%3Dsamsung+a07%26search_id%3D2026051013261194F6D7E04A4D452A9TDF%26src%3Dsearch&t_id=1778419236765&t_st=7&t_pp=search_result&t_efo=search_pure_goods_card&t_ef=goods_search&t_sm=&t_spt=search_result","Mantapp Ori samsung","Mantapp Ori samsung","Oxwalker","Indonesia","05-10-2026","09-28-2025","Pants","Mantapp Ori samsung","Mantapp Ori samsung","Unisex",,,"103314079955","Promo Samsung Galaxy A07 ( 4/64 4/128 6/128 8/256 ) Garansi Resmi Sein","Promo Samsung Galaxy A07 ( 4/64 4/128 6/128 8/256 ) Garansi Resmi Sein - A07 4/64 Black, No Bonus Cicil 0% 3x -  - Ini Toko Budi Shop | Tokopedia","Handphone","Android OS","5","1696863998","Product Review","",,"Tokopedia","Oxwalker","Promo Samsung Galaxy A07 ( 4/64 4/128 6/128 8/256 ) Garansi Resmi Sein",,"2025-Q3"
"https://www.tokopedia.com/ini-toko-budi-shop/samsung-galaxy-a07-4-64-4-128-6-128-8-256-garansi-resmi-sein-1729815001835537895-1735330887460881895?extParam=ivf%3Dtrue%26keyword%3Dsamsung+a07%26search_id%3D2026051013261194F6D7E04A4D452A9TDF%26src%3Dsearch&t_id=1778419236765&t_st=7&t_pp=search_result&t_efo=search_pure_goods_card&t_ef=goods_search&t_sm=&t_spt=search_result","original dan baru","original dan baru","Oxwalker","Indonesia","05-10-2026","02-21-2026","Pants","original dan baru","original dan baru","Unisex",,,"103314079955","Promo Samsung Galaxy A07 ( 4/64 4/128 6/128 8/256 ) Garansi Resmi Sein","Promo Samsung Galaxy A07 ( 4/64 4/128 6/128 8/256 ) Garansi Resmi Sein - A07 4/64 Black, No Bonus Cicil 0% 3x -  - Ini Toko Budi Shop | Tokopedia","Handphone","Android OS","5","1937920273","Product Review","",,"Tokopedia","Oxwalker","Promo Samsung Galaxy A07 ( 4/64 4/128 6/128 8/256 ) Garansi Resmi Sein",,"2026-Q1"
"https://www.tokopedia.com/ini-toko-budi-shop/samsung-galaxy-a07-4-64-4-128-6-128-8-256-garansi-resmi-sein-1729815001835537895-1735330887460881895?extParam=ivf%3Dtrue%26keyword%3Dsamsung+a07%26search_id%3D2026051013261194F6D7E04A4D452A9TDF%26src%3Dsearch&t_id=1778419236765&t_st=7&t_pp=search_result&t_efo=search_pure_goods_card&t_ef=goods_search&t_sm=&t_spt=search_result","Mantapppp lurrrr","Mantapppp lurrrr","Oxwalker","Indonesia","05-10-2026","05-10-2024","Pants","Mantapppp lurrrr","Mantapppp lurrrr","Unisex",,,"103314079955","Promo Samsung Galaxy A07 ( 4/64 4/128 6/128 8/256 ) Garansi Resmi Sein","Promo Samsung Galaxy A07 ( 4/64 4/128 6/128 8/256 ) Garansi Resmi Sein - A07 4/64 Black, No Bonus Cicil 0% 3x -  - Ini Toko Budi Shop | Tokopedia","Handphone","Android OS","5","1037940096","Product Review","",,"Tokopedia","Oxwalker","Promo Samsung Galaxy A07 ( 4/64 4/128 6/128 8/256 ) Garansi Resmi Sein",,"2024-Q2"
"https://www.tokopedia.com/ini-toko-budi-shop/samsung-galaxy-a07-4-64-4-128-6-128-8-256-garansi-resmi-sein-1729815001835537895-1735330887460881895?extParam=ivf%3Dtrue%26keyword%3Dsamsung+a07%26search_id%3D2026051013261194F6D7E04A4D452A9TDF%26src%3Dsearch&t_id=1778419236765&t_st=7&t_pp=search_result&t_efo=search_pure_goods_card&t_ef=goods_search&t_sm=&t_spt=search_result","Recommended 👍","Recommended 👍","Oxwalker","Indonesia","05-10-2026","04-17-2024","Pants","Recommended 👍","Recommended 👍","Unisex",,,"103314079955","Promo Samsung Galaxy A07 ( 4/64 4/128 6/128 8/256 ) Garansi Resmi Sein","Promo Samsung Galaxy A07 ( 4/64 4/128 6/128 8/256 ) Garansi Resmi Sein - A07 4/64 Black, No Bonus Cicil 0% 3x -  - Ini Toko Budi Shop | Tokopedia","Handphone","Android OS","5","1028693904","Product Review","",,"Tokopedia","Oxwalker","Promo Samsung Galaxy A07 ( 4/64 4/128 6/128 8/256 ) Garansi Resmi Sein",,"2024-Q2"
"https://www.tokopedia.com/ini-toko-budi-shop/samsung-galaxy-a07-4-64-4-128-6-128-8-256-garansi-resmi-sein-1729815001835537895-1735330887460881895?extParam=ivf%3Dtrue%26keyword%3Dsamsung+a07%26search_id%3D2026051013261194F6D7E04A4D452A9TDF%26src%3Dsearch&t_id=1778419236765&t_st=7&t_pp=search_result&t_efo=search_pure_goods_card&t_ef=goods_search&t_sm=&t_spt=search_result","mantul barang ori","mantul barang ori","Oxwalker","Indonesia","05-10-2026","12-29-2021","Pants","mantul barang ori","mantul barang ori","Unisex",,,"103314079955","Promo Samsung Galaxy A07 ( 4/64 4/128 6/128 8/256 ) Garansi Resmi Sein","Promo Samsung Galaxy A07 ( 4/64 4/128 6/128 8/256 ) Garansi Resmi Sein - A07 4/64 Black, No Bonus Cicil 0% 3x -  - Ini Toko Budi Shop | Tokopedia","Handphone","Android OS","5","561356361","Product Review","",,"Tokopedia","Oxwalker","Promo Samsung Galaxy A07 ( 4/64 4/128 6/128 8/256 ) Garansi Resmi Sein",,"2021-Q4"
"https://www.tokopedia.com/ini-toko-budi-shop/samsung-galaxy-a07-4-64-4-128-6-128-8-256-garansi-resmi-sein-1729815001835537895-1735330887460881895?extParam=ivf%3Dtrue%26keyword%3Dsamsung+a07%26search_id%3D2026051013261194F6D7E04A4D452A9TDF%26src%3Dsearch&t_id=1778419236765&t_st=7&t_pp=search_result&t_efo=search_pure_goods_card&t_ef=goods_search&t_sm=&t_spt=search_result","Mantul  barangny","Mantul  barangny","Oxwalker","Indonesia","05-10-2026","10-03-2025","Pants","Mantul  barangny","Mantul  barangny","Unisex",,,"103314079955","Promo Samsung Galaxy A07 ( 4/64 4/128 6/128 8/256 ) Garansi Resmi Sein","Promo Samsung Galaxy A07 ( 4/64 4/128 6/128 8/256 ) Garansi Resmi Sein - A07 4/64 Black, No Bonus Cicil 0% 3x -  - Ini Toko Budi Shop | Tokopedia","Handphone","Android OS","5","1704489353","Product Review","",,"Tokopedia","Oxwalker","Promo Samsung Galaxy A07 ( 4/64 4/128 6/128 8/256 ) Garansi Resmi Sein",,"2025-Q4"
"https://www.tokopedia.com/ini-toko-budi-shop/samsung-galaxy-a07-4-64-4-128-6-128-8-256-garansi-resmi-sein-1729815001835537895-1735330887460881895?extParam=ivf%3Dtrue%26keyword%3Dsamsung+a07%26search_id%3D2026051013261194F6D7E04A4D452A9TDF%26src%3Dsearch&t_id=1778419236765&t_st=7&t_pp=search_result&t_efo=search_pure_goods_card&t_ef=goods_search&t_sm=&t_spt=search_result","mantul kokok petok","mantul kokok petok","Oxwalker","Indonesia","05-10-2026","05-25-2025","Pants","mantul kokok petok","mantul kokok petok","Unisex",,,"103314079955","Promo Samsung Galaxy A07 ( 4/64 4/128 6/128 8/256 ) Garansi Resmi Sein","Promo Samsung Galaxy A07 ( 4/64 4/128 6/128 8/256 ) Garansi Resmi Sein - A07 4/64 Black, No Bonus Cicil 0% 3x -  - Ini Toko Budi Shop | Tokopedia","Handphone","Android OS","5","1482573677","Product Review","",,"Tokopedia","Oxwalker","Promo Samsung Galaxy A07 ( 4/64 4/128 6/128 8/256 ) Garansi Resmi Sein",,"2025-Q2"
"https://www.tokopedia.com/ini-toko-budi-shop/samsung-galaxy-a07-4-64-4-128-6-128-8-256-garansi-resmi-sein-1729815001835537895-1735330887460881895?extParam=ivf%3Dtrue%26keyword%3Dsamsung+a07%26search_id%3D2026051013261194F6D7E04A4D452A9TDF%26src%3Dsearch&t_id=1778419236765&t_st=7&t_pp=search_result&t_efo=search_pure_goods_card&t_ef=goods_search&t_sm=&t_spt=search_result","siap, ok, mantap","siap, ok, mantap","Oxwalker","Indonesia","05-10-2026","07-03-2024","Pants","siap, ok, mantap","siap, ok, mantap","Unisex",,,"103314079955","Promo Samsung Galaxy A07 ( 4/64 4/128 6/128 8/256 ) Garansi Resmi Sein","Promo Samsung Galaxy A07 ( 4/64 4/128 6/128 8/256 ) Garansi Resmi Sein - A07 4/64 Black, No Bonus Cicil 0% 3x -  - Ini Toko Budi Shop | Tokopedia","Handphone","Android OS","5","1060897797","Product Review","",,"Tokopedia","Oxwalker","Promo Samsung Galaxy A07 ( 4/64 4/128 6/128 8/256 ) Garansi Resmi Sein",,"2024-Q3"
"https://www.tokopedia.com/ini-toko-budi-shop/samsung-galaxy-a07-4-64-4-128-6-128-8-256-garansi-resmi-sein-1729815001835537895-1735330887460881895?extParam=ivf%3Dtrue%26keyword%3Dsamsung+a07%26search_id%3D2026051013261194F6D7E04A4D452A9TDF%26src%3Dsearch&t_id=1778419236765&t_st=7&t_pp=search_result&t_efo=search_pure_goods_card&t_ef=goods_search&t_sm=&t_spt=search_result","tersegel resmi👍","tersegel resmi👍","Oxwalker","Indonesia","05-10-2026","07-01-2024","Pants","tersegel resmi👍","tersegel resmi👍","Unisex",,,"103314079955","Promo Samsung Galaxy A07 ( 4/64 4/128 6/128 8/256 ) Garansi Resmi Sein","Promo Samsung Galaxy A07 ( 4/64 4/128 6/128 8/256 ) Garansi Resmi Sein - A07 4/64 Black, No Bonus Cicil 0% 3x -  - Ini Toko Budi Shop | Tokopedia","Handphone","Android OS","5","1059945147","Product Review","",,"Tokopedia","Oxwalker","Promo Samsung Galaxy A07 ( 4/64 4/128 6/128 8/256 ) Garansi Resmi Sein",,"2024-Q3"
"https://www.tokopedia.com/ini-toko-budi-shop/samsung-galaxy-a07-4-64-4-128-6-128-8-256-garansi-resmi-sein-1729815001835537895-1735330887460881895?extParam=ivf%3Dtrue%26keyword%3Dsamsung+a07%26search_id%3D2026051013261194F6D7E04A4D452A9TDF%26src%3Dsearch&t_id=1778419236765&t_st=7&t_pp=search_result&t_efo=search_pure_goods_card&t_ef=goods_search&t_sm=&t_spt=search_result","rekomen seller!","rekomen seller!","Oxwalker","Indonesia","05-10-2026","10-27-2025","Pants","rekomen seller!","rekomen seller!","Unisex",,,"103314079955","Promo Samsung Galaxy A07 ( 4/64 4/128 6/128 8/256 ) Garansi Resmi Sein","Promo Samsung Galaxy A07 ( 4/64 4/128 6/128 8/256 ) Garansi Resmi Sein - A07 4/64 Black, No Bonus Cicil 0% 3x -  - Ini Toko Budi Shop | Tokopedia","Handphone","Android OS","5","1737771201","Product Review","",,"Tokopedia","Oxwalker","Promo Samsung Galaxy A07 ( 4/64 4/128 6/128 8/256 ) Garansi Resmi Sein",,"2025-Q4"
"https://www.tokopedia.com/ini-toko-budi-shop/samsung-galaxy-a07-4-64-4-128-6-128-8-256-garansi-resmi-sein-1729815001835537895-1735330887460881895?extParam=ivf%3Dtrue%26keyword%3Dsamsung+a07%26search_id%3D2026051013261194F6D7E04A4D452A9TDF%26src%3Dsearch&t_id=1778419236765&t_st=7&t_pp=search_result&t_efo=search_pure_goods_card&t_ef=goods_search&t_sm=&t_spt=search_result","baguss bgtt, sesuai ekspektasi, adminnya jg sabar bgt, bestt dahhh &gt;&lt;","baguss bgtt, sesuai ekspektasi, adminnya jg sabar bgt, bestt dahhh &gt;&lt;","Oxwalker","Indonesia","05-10-2026","03-09-2025","Pants","baguss bgtt, sesuai ekspektasi, adminnya jg sabar bgt, bestt dahhh &gt;&lt;","baguss bgtt, sesuai ekspektasi, adminnya jg sabar bgt, bestt dahhh &gt;&lt;","Unisex",,,"103314079955","Promo Samsung Galaxy A07 ( 4/64 4/128 6/128 8/256 ) Garansi Resmi Sein","Promo Samsung Galaxy A07 ( 4/64 4/128 6/128 8/256 ) Garansi Resmi Sein - A07 4/64 Black, No Bonus Cicil 0% 3x -  - Ini Toko Budi Shop | Tokopedia","Handphone","Android OS","5","1305531076","Product Review","",,"Tokopedia","Oxwalker","Promo Samsung Galaxy A07 ( 4/64 4/128 6/128 8/256 ) Garansi Resmi Sein",,"2025-Q1"
"https://www.tokopedia.com/ini-toko-budi-shop/samsung-galaxy-a07-4-64-4-128-6-128-8-256-garansi-resmi-sein-1729815001835537895-1735330887460881895?extParam=ivf%3Dtrue%26keyword%3Dsamsung+a07%26search_id%3D2026051013261194F6D7E04A4D452A9TDF%26src%3Dsearch&t_id=1778419236765&t_st=7&t_pp=search_result&t_efo=search_pure_goods_card&t_ef=goods_search&t_sm=&t_spt=search_result","Barangnya original 👍. Berfungsi dengan baik. Warna sesuai pesanan.","Barangnya original 👍. Berfungsi dengan baik. Warna sesuai pesanan.","Oxwalker","Indonesia","05-10-2026","11-16-2021","Pants","Barangnya original 👍. Berfungsi dengan baik. Warna sesuai pesanan.","Barangnya original 👍. Berfungsi dengan baik. Warna sesuai pesanan.","Unisex",,,"103314079955","Promo Samsung Galaxy A07 ( 4/64 4/128 6/128 8/256 ) Garansi Resmi Sein","Promo Samsung Galaxy A07 ( 4/64 4/128 6/128 8/256 ) Garansi Resmi Sein - A07 4/64 Black, No Bonus Cicil 0% 3x -  - Ini Toko Budi Shop | Tokopedia","Handphone","Android OS","5","525081877","Product Review","",,"Tokopedia","Oxwalker","Promo Samsung Galaxy A07 ( 4/64 4/128 6/128 8/256 ) Garansi Resmi Sein",,"2021-Q4"
"https://www.tokopedia.com/ini-toko-budi-shop/samsung-galaxy-a07-4-64-4-128-6-128-8-256-garansi-resmi-sein-1729815001835537895-1735330887460881895?extParam=ivf%3Dtrue%26keyword%3Dsamsung+a07%26search_id%3D2026051013261194F6D7E04A4D452A9TDF%26src%3Dsearch&t_id=1778419236765&t_st=7&t_pp=search_result&t_efo=search_pure_goods_card&t_ef=goods_search&t_sm=&t_spt=search_result","barang berfungsi dengan baik, original dengan segel","barang berfungsi dengan baik, original dengan segel","Oxwalker","Indonesia","05-10-2026","01-09-2024","Pants","barang berfungsi dengan baik, original dengan segel","barang berfungsi dengan baik, original dengan segel","Unisex",,,"103314079955","Promo Samsung Galaxy A07 ( 4/64 4/128 6/128 8/256 ) Garansi Resmi Sein","Promo Samsung Galaxy A07 ( 4/64 4/128 6/128 8/256 ) Garansi Resmi Sein - A07 4/64 Black, No Bonus Cicil 0% 3x -  - Ini Toko Budi Shop | Tokopedia","Handphone","Android OS","5","987074791","Product Review","",,"Tokopedia","Oxwalker","Promo Samsung Galaxy A07 ( 4/64 4/128 6/128 8/256 ) Garansi Resmi Sein",,"2024-Q1"
"https://www.tokopedia.com/ini-toko-budi-shop/samsung-galaxy-a07-4-64-4-128-6-128-8-256-garansi-resmi-sein-1729815001835537895-1735330887460881895?extParam=ivf%3Dtrue%26keyword%3Dsamsung+a07%26search_id%3D2026051013261194F6D7E04A4D452A9TDF%26src%3Dsearch&t_id=1778419236765&t_st=7&t_pp=search_result&t_efo=search_pure_goods_card&t_ef=goods_search&t_sm=&t_spt=search_result","Warna sesuai pesanan. Spesifikasi sesuai . Ada garansi resmi. Proses pesanan cepat. Penjualnya ramah banget. Packaging rapi. Respon penjualnya top. Packaging aman 🙏.","Warna sesuai pesanan. Spesifikasi sesuai . Ada garansi resmi. Proses pesanan cepat. Penjualnya ramah banget. Packaging rapi. Respon penjualnya top. Packaging aman 🙏.","Oxwalker","Indonesia","05-10-2026","03-11-2022","Pants","Warna sesuai pesanan. Spesifikasi sesuai . Ada garansi resmi. Proses pesanan cepat. Penjualnya ramah banget. Packaging rapi. Respon penjualnya top. Packaging aman 🙏.","Warna sesuai pesanan. Spesifikasi sesuai . Ada garansi resmi. Proses pesanan cepat. Penjualnya ramah banget. Packaging rapi. Respon penjualnya top. Packaging aman 🙏.","Unisex",,,"103314079955","Promo Samsung Galaxy A07 ( 4/64 4/128 6/128 8/256 ) Garansi Resmi Sein","Promo Samsung Galaxy A07 ( 4/64 4/128 6/128 8/256 ) Garansi Resmi Sein - A07 4/64 Black, No Bonus Cicil 0% 3x -  - Ini Toko Budi Shop | Tokopedia","Handphone","Android OS","5","620334895","Product Review","",,"Tokopedia","Oxwalker","Promo Samsung Galaxy A07 ( 4/64 4/128 6/128 8/256 ) Garansi Resmi Sein",,"2022-Q1"
"https://www.tokopedia.com/ini-toko-budi-shop/samsung-galaxy-a07-4-64-4-128-6-128-8-256-garansi-resmi-sein-1729815001835537895-1735330887460881895?extParam=ivf%3Dtrue%26keyword%3Dsamsung+a07%26search_id%3D2026051013261194F6D7E04A4D452A9TDF%26src%3Dsearch&t_id=1778419236765&t_st=7&t_pp=search_result&t_efo=search_pure_goods_card&t_ef=goods_search&t_sm=&t_spt=search_result","Barang tersegel, pengemasan jiga baik, bubble wrap tebal. produk mantap.....","Barang tersegel, pengemasan jiga baik, bubble wrap tebal. produk mantap.....","Oxwalker","Indonesia","05-10-2026","12-01-2023","Pants","Barang tersegel, pengemasan jiga baik, bubble wrap tebal. produk mantap.....","Barang tersegel, pengemasan jiga baik, bubble wrap tebal. produk mantap.....","Unisex",,,"103314079955","Promo Samsung Galaxy A07 ( 4/64 4/128 6/128 8/256 ) Garansi Resmi Sein","Promo Samsung Galaxy A07 ( 4/64 4/128 6/128 8/256 ) Garansi Resmi Sein - A07 4/64 Black, No Bonus Cicil 0% 3x -  - Ini Toko Budi Shop | Tokopedia","Handphone","Android OS","5","970317721","Product Review","",,"Tokopedia","Oxwalker","Promo Samsung Galaxy A07 ( 4/64 4/128 6/128 8/256 ) Garansi Resmi Sein",,"2023-Q4"
"https://www.tokopedia.com/ini-toko-budi-shop/samsung-galaxy-a07-4-64-4-128-6-128-8-256-garansi-resmi-sein-1729815001835537895-1735330887460881895?extParam=ivf%3Dtrue%26keyword%3Dsamsung+a07%26search_id%3D2026051013261194F6D7E04A4D452A9TDF%26src%3Dsearch&t_id=1778419236765&t_st=7&t_pp=search_result&t_efo=search_pure_goods_card&t_ef=goods_search&t_sm=&t_spt=search_result","Kemasan disegel. Warna sesuai pesanan. Barangnya mulus. Berfungsi dengan baik. Kamera tajam. Baterai awet.","Kemasan disegel. Warna sesuai pesanan. Barangnya mulus. Berfungsi dengan baik. Kamera tajam. Baterai awet.","Oxwalker","Indonesia","05-10-2026","11-17-2021","Pants","Kemasan disegel. Warna sesuai pesanan. Barangnya mulus. Berfungsi dengan baik. Kamera tajam. Baterai awet.","Kemasan disegel. Warna sesuai pesanan. Barangnya mulus. Berfungsi dengan baik. Kamera tajam. Baterai awet.","Unisex",,,"103314079955","Promo Samsung Galaxy A07 ( 4/64 4/128 6/128 8/256 ) Garansi Resmi Sein","Promo Samsung Galaxy A07 ( 4/64 4/128 6/128 8/256 ) Garansi Resmi Sein - A07 4/64 Black, No Bonus Cicil 0% 3x -  - Ini Toko Budi Shop | Tokopedia","Handphone","Android OS","5","525788727","Product Review","",,"Tokopedia","Oxwalker","Promo Samsung Galaxy A07 ( 4/64 4/128 6/128 8/256 ) Garansi Resmi Sein",,"2021-Q4"
"https://www.tokopedia.com/ini-toko-budi-shop/samsung-galaxy-a07-4-64-4-128-6-128-8-256-garansi-resmi-sein-1729815001835537895-1735330887460881895?extParam=ivf%3Dtrue%26keyword%3Dsamsung+a07%26search_id%3D2026051013261194F6D7E04A4D452A9TDF%26src%3Dsearch&t_id=1778419236765&t_st=7&t_pp=search_result&t_efo=search_pure_goods_card&t_ef=goods_search&t_sm=&t_spt=search_result","barang nya baik dan masih bagus terima kasih semoga awet barang nya","barang nya baik dan masih bagus terima kasih semoga awet barang nya","Oxwalker","Indonesia","05-10-2026","04-27-2025","Pants","barang nya baik dan masih bagus terima kasih semoga awet barang nya","barang nya baik dan masih bagus terima kasih semoga awet barang nya","Unisex",,,"103314079955","Promo Samsung Galaxy A07 ( 4/64 4/128 6/128 8/256 ) Garansi Resmi Sein","Promo Samsung Galaxy A07 ( 4/64 4/128 6/128 8/256 ) Garansi Resmi Sein - A07 4/64 Black, No Bonus Cicil 0% 3x -  - Ini Toko Budi Shop | Tokopedia","Handphone","Android OS","5","1412230264","Product Review","",,"Tokopedia","Oxwalker","Promo Samsung Galaxy A07 ( 4/64 4/128 6/128 8/256 ) Garansi Resmi Sein",,"2025-Q2"
"https://www.tokopedia.com/ini-toko-budi-shop/samsung-galaxy-a07-4-64-4-128-6-128-8-256-garansi-resmi-sein-1729815001835537895-1735330887460881895?extParam=ivf%3Dtrue%26keyword%3Dsamsung+a07%26search_id%3D2026051013261194F6D7E04A4D452A9TDF%26src%3Dsearch&t_id=1778419236765&t_st=7&t_pp=search_result&t_efo=search_pure_goods_card&t_ef=goods_search&t_sm=&t_spt=search_result","Ada garansi resmi. Barangnya original 👍. Kelengkapan sesuai. Kemasan disegel. Berfungsi dengan baik.","Ada garansi resmi. Barangnya original 👍. Kelengkapan sesuai. Kemasan disegel. Berfungsi dengan baik.","Oxwalker","Indonesia","05-10-2026","10-16-2021","Pants","Ada garansi resmi. Barangnya original 👍. Kelengkapan sesuai. Kemasan disegel. Berfungsi dengan baik.","Ada garansi resmi. Barangnya original 👍. Kelengkapan sesuai. Kemasan disegel. Berfungsi dengan baik.","Unisex",,,"103314079955","Promo Samsung Galaxy A07 ( 4/64 4/128 6/128 8/256 ) Garansi Resmi Sein","Promo Samsung Galaxy A07 ( 4/64 4/128 6/128 8/256 ) Garansi Resmi Sein - A07 4/64 Black, No Bonus Cicil 0% 3x -  - Ini Toko Budi Shop | Tokopedia","Handphone","Android OS","5","500994470","Product Review","",,"Tokopedia","Oxwalker","Promo Samsung Galaxy A07 ( 4/64 4/128 6/128 8/256 ) Garansi Resmi Sein",,"2021-Q4"
"https://www.tokopedia.com/ini-toko-budi-shop/samsung-galaxy-a07-4-64-4-128-6-128-8-256-garansi-resmi-sein-1729815001835537895-1735330887460881895?extParam=ivf%3Dtrue%26keyword%3Dsamsung+a07%26search_id%3D2026051013261194F6D7E04A4D452A9TDF%26src%3Dsearch&t_id=1778419236765&t_st=7&t_pp=search_result&t_efo=search_pure_goods_card&t_ef=goods_search&t_sm=&t_spt=search_result","Ada garansi resmi. Kemasan disegel. Spesifikasi sesuai . Kelengkapan sesuai.","Ada garansi resmi. Kemasan disegel. Spesifikasi sesuai . Kelengkapan sesuai.","Oxwalker","Indonesia","05-10-2026","10-13-2021","Pants","Ada garansi resmi. Kemasan disegel. Spesifikasi sesuai . Kelengkapan sesuai.","Ada garansi resmi. Kemasan disegel. Spesifikasi sesuai . Kelengkapan sesuai.","Unisex",,,"103314079955","Promo Samsung Galaxy A07 ( 4/64 4/128 6/128 8/256 ) Garansi Resmi Sein","Promo Samsung Galaxy A07 ( 4/64 4/128 6/128 8/256 ) Garansi Resmi Sein - A07 4/64 Black, No Bonus Cicil 0% 3x -  - Ini Toko Budi Shop | Tokopedia","Handphone","Android OS","5","499293817","Product Review","",,"Tokopedia","Oxwalker","Promo Samsung Galaxy A07 ( 4/64 4/128 6/128 8/256 ) Garansi Resmi Sein",,"2021-Q4"
"https://www.tokopedia.com/ini-toko-budi-shop/samsung-galaxy-a07-4-64-4-128-6-128-8-256-garansi-resmi-sein-1729815001835537895-1735330887460881895?extParam=ivf%3Dtrue%26keyword%3Dsamsung+a07%26search_id%3D2026051013261194F6D7E04A4D452A9TDF%26src%3Dsearch&t_id=1778419236765&t_st=7&t_pp=search_result&t_efo=search_pure_goods_card&t_ef=goods_search&t_sm=&t_spt=search_result","Barangnya original 👍. Kemasan disegel. Ada garansi resmi.","Barangnya original 👍. Kemasan disegel. Ada garansi resmi.","Oxwalker","Indonesia","05-10-2026","03-06-2022","Pants","Barangnya original 👍. Kemasan disegel. Ada garansi resmi.","Barangnya original 👍. Kemasan disegel. Ada garansi resmi.","Unisex",,,"103314079955","Promo Samsung Galaxy A07 ( 4/64 4/128 6/128 8/256 ) Garansi Resmi Sein","Promo Samsung Galaxy A07 ( 4/64 4/128 6/128 8/256 ) Garansi Resmi Sein - A07 4/64 Black, No Bonus Cicil 0% 3x -  - Ini Toko Budi Shop | Tokopedia","Handphone","Android OS","5","616300642","Product Review","",,"Tokopedia","Oxwalker","Promo Samsung Galaxy A07 ( 4/64 4/128 6/128 8/256 ) Garansi Resmi Sein",,"2022-Q1"
"https://www.tokopedia.com/ini-toko-budi-shop/samsung-galaxy-a07-4-64-4-128-6-128-8-256-garansi-resmi-sein-1729815001835537895-1735330887460881895?extParam=ivf%3Dtrue%26keyword%3Dsamsung+a07%26search_id%3D2026051013261194F6D7E04A4D452A9TDF%26src%3Dsearch&t_id=1778419236765&t_st=7&t_pp=search_result&t_efo=search_pure_goods_card&t_ef=goods_search&t_sm=&t_spt=search_result","mantap barang nya original, kurirnya ramah,Warna sesuai pesanan,Berfungsi dengan baik dan Proses pesanan cepat. Respon penjualnya top.","mantap barang nya original, kurirnya ramah,Warna sesuai pesanan,Berfungsi dengan baik dan Proses pesanan cepat. Respon penjualnya top.","Oxwalker","Indonesia","05-10-2026","01-15-2022","Pants","mantap barang nya original, kurirnya ramah,Warna sesuai pesanan,Berfungsi dengan baik dan Proses pesanan cepat. Respon penjualnya top.","mantap barang nya original, kurirnya ramah,Warna sesuai pesanan,Berfungsi dengan baik dan Proses pesanan cepat. Respon penjualnya top.","Unisex",,,"103314079955","Promo Samsung Galaxy A07 ( 4/64 4/128 6/128 8/256 ) Garansi Resmi Sein","Promo Samsung Galaxy A07 ( 4/64 4/128 6/128 8/256 ) Garansi Resmi Sein - A07 4/64 Black, No Bonus Cicil 0% 3x -  - Ini Toko Budi Shop | Tokopedia","Handphone","Android OS","5","575161254","Product Review","",,"Tokopedia","Oxwalker","Promo Samsung Galaxy A07 ( 4/64 4/128 6/128 8/256 ) Garansi Resmi Sein",,"2022-Q1"
"https://www.tokopedia.com/ini-toko-budi-shop/samsung-galaxy-a07-4-64-4-128-6-128-8-256-garansi-resmi-sein-1729815001835537895-1735330887460881895?extParam=ivf%3Dtrue%26keyword%3Dsamsung+a07%26search_id%3D2026051013261194F6D7E04A4D452A9TDF%26src%3Dsearch&t_id=1778419236765&t_st=7&t_pp=search_result&t_efo=search_pure_goods_card&t_ef=goods_search&t_sm=&t_spt=search_result","Barangnya original 👍. Ada garansi resmi. Kemasan disegel. Spesifikasi sesuai . Kelengkapan sesuai. Warna sesuai pesanan. Barangnya mulus. Berfungsi dengan baik. Suara jernih. Kamera tajam. Baterai awet.","Barangnya original 👍. Ada garansi resmi. Kemasan disegel. Spesifikasi sesuai . Kelengkapan sesuai. Warna sesuai pesanan. Barangnya mulus. Berfungsi dengan baik. Suara jernih. Kamera tajam. Baterai awet.","Oxwalker","Indonesia","05-10-2026","12-03-2021","Pants","Barangnya original 👍. Ada garansi resmi. Kemasan disegel. Spesifikasi sesuai . Kelengkapan sesuai. Warna sesuai pesanan. Barangnya mulus. Berfungsi dengan baik. Suara jernih. Kamera tajam. Baterai awet.","Barangnya original 👍. Ada garansi resmi. Kemasan disegel. Spesifikasi sesuai . Kelengkapan sesuai. Warna sesuai pesanan. Barangnya mulus. Berfungsi dengan baik. Suara jernih. Kamera tajam. Baterai awet.","Unisex",,,"103314079955","Promo Samsung Galaxy A07 ( 4/64 4/128 6/128 8/256 ) Garansi Resmi Sein","Promo Samsung Galaxy A07 ( 4/64 4/128 6/128 8/256 ) Garansi Resmi Sein - A07 4/64 Black, No Bonus Cicil 0% 3x -  - Ini Toko Budi Shop | Tokopedia","Handphone","Android OS","5","539422258","Product Review","",,"Tokopedia","Oxwalker","Promo Samsung Galaxy A07 ( 4/64 4/128 6/128 8/256 ) Garansi Resmi Sein",,"2021-Q4"
"https://www.tokopedia.com/ini-toko-budi-shop/samsung-galaxy-a07-4-64-4-128-6-128-8-256-garansi-resmi-sein-1729815001835537895-1735330887460881895?extParam=ivf%3Dtrue%26keyword%3Dsamsung+a07%26search_id%3D2026051013261194F6D7E04A4D452A9TDF%26src%3Dsearch&t_id=1778419236765&t_st=7&t_pp=search_result&t_efo=search_pure_goods_card&t_ef=goods_search&t_sm=&t_spt=search_result","Barangnya original 👍. Kelengkapan sesuai. Barangnya mulus. Berfungsi dengan baik. Spesifikasi sesuai .","Barangnya original 👍. Kelengkapan sesuai. Barangnya mulus. Berfungsi dengan baik. Spesifikasi sesuai .","Oxwalker","Indonesia","05-10-2026","11-06-2021","Pants","Barangnya original 👍. Kelengkapan sesuai. Barangnya mulus. Berfungsi dengan baik. Spesifikasi sesuai .","Barangnya original 👍. Kelengkapan sesuai. Barangnya mulus. Berfungsi dengan baik. Spesifikasi sesuai .","Unisex",,,"103314079955","Promo Samsung Galaxy A07 ( 4/64 4/128 6/128 8/256 ) Garansi Resmi Sein","Promo Samsung Galaxy A07 ( 4/64 4/128 6/128 8/256 ) Garansi Resmi Sein - A07 4/64 Black, No Bonus Cicil 0% 3x -  - Ini Toko Budi Shop | Tokopedia","Handphone","Android OS","5","517437555","Product Review","",,"Tokopedia","Oxwalker","Promo Samsung Galaxy A07 ( 4/64 4/128 6/128 8/256 ) Garansi Resmi Sein",,"2021-Q4"
"https://www.tokopedia.com/ini-toko-budi-shop/samsung-galaxy-a07-4-64-4-128-6-128-8-256-garansi-resmi-sein-1729815001835537895-1735330887460881895?extParam=ivf%3Dtrue%26keyword%3Dsamsung+a07%26search_id%3D2026051013261194F6D7E04A4D452A9TDF%26src%3Dsearch&t_id=1778419236765&t_st=7&t_pp=search_result&t_efo=search_pure_goods_card&t_ef=goods_search&t_sm=&t_spt=search_result","Barangnya original 👍. Ada garansi resmi. Warna sesuai pesanan. Spesifikasi sesuai .","Barangnya original 👍. Ada garansi resmi. Warna sesuai pesanan. Spesifikasi sesuai .","Oxwalker","Indonesia","05-10-2026","03-18-2022","Pants","Barangnya original 👍. Ada garansi resmi. Warna sesuai pesanan. Spesifikasi sesuai .","Barangnya original 👍. Ada garansi resmi. Warna sesuai pesanan. Spesifikasi sesuai .","Unisex",,,"103314079955","Promo Samsung Galaxy A07 ( 4/64 4/128 6/128 8/256 ) Garansi Resmi Sein","Promo Samsung Galaxy A07 ( 4/64 4/128 6/128 8/256 ) Garansi Resmi Sein - A07 4/64 Black, No Bonus Cicil 0% 3x -  - Ini Toko Budi Shop | Tokopedia","Handphone","Android OS","5","626778745","Product Review","",,"Tokopedia","Oxwalker","Promo Samsung Galaxy A07 ( 4/64 4/128 6/128 8/256 ) Garansi Resmi Sein",,"2022-Q1"
"https://www.tokopedia.com/ini-toko-budi-shop/samsung-galaxy-a07-4-64-4-128-6-128-8-256-garansi-resmi-sein-1729815001835537895-1735330887460881895?extParam=ivf%3Dtrue%26keyword%3Dsamsung+a07%26search_id%3D2026051013261194F6D7E04A4D452A9TDF%26src%3Dsearch&t_id=1778419236765&t_st=7&t_pp=search_result&t_efo=search_pure_goods_card&t_ef=goods_search&t_sm=&t_spt=search_result","barang sdh di cek, imei terdaftar dan berfungsi,,semoga awet","barang sdh di cek, imei terdaftar dan berfungsi,,semoga awet","Oxwalker","Indonesia","05-10-2026","12-05-2021","Pants","barang sdh di cek, imei terdaftar dan berfungsi,,semoga awet","barang sdh di cek, imei terdaftar dan berfungsi,,semoga awet","Unisex",,,"103314079955","Promo Samsung Galaxy A07 ( 4/64 4/128 6/128 8/256 ) Garansi Resmi Sein","Promo Samsung Galaxy A07 ( 4/64 4/128 6/128 8/256 ) Garansi Resmi Sein - A07 4/64 Black, No Bonus Cicil 0% 3x -  - Ini Toko Budi Shop | Tokopedia","Handphone","Android OS","5","540233543","Product Review","",,"Tokopedia","Oxwalker","Promo Samsung Galaxy A07 ( 4/64 4/128 6/128 8/256 ) Garansi Resmi Sein",,"2021-Q4"
"https://www.tokopedia.com/ini-toko-budi-shop/samsung-galaxy-a07-4-64-4-128-6-128-8-256-garansi-resmi-sein-1729815001835537895-1735330887460881895?extParam=ivf%3Dtrue%26keyword%3Dsamsung+a07%26search_id%3D2026051013261194F6D7E04A4D452A9TDF%26src%3Dsearch&t_id=1778419236765&t_st=7&t_pp=search_result&t_efo=search_pure_goods_card&t_ef=goods_search&t_sm=&t_spt=search_result","Barangnya original 👍. Ada garansi resmi. Kemasan disegel.","Barangnya original 👍. Ada garansi resmi. Kemasan disegel.","Oxwalker","Indonesia","05-10-2026","12-06-2021","Pants","Barangnya original 👍. Ada garansi resmi. Kemasan disegel.","Barangnya original 👍. Ada garansi resmi. Kemasan disegel.","Unisex",,,"103314079955","Promo Samsung Galaxy A07 ( 4/64 4/128 6/128 8/256 ) Garansi Resmi Sein","Promo Samsung Galaxy A07 ( 4/64 4/128 6/128 8/256 ) Garansi Resmi Sein - A07 4/64 Black, No Bonus Cicil 0% 3x -  - Ini Toko Budi Shop | Tokopedia","Handphone","Android OS","5","540844245","Product Review","",,"Tokopedia","Oxwalker","Promo Samsung Galaxy A07 ( 4/64 4/128 6/128 8/256 ) Garansi Resmi Sein",,"2021-Q4"
"https://www.tokopedia.com/ini-toko-budi-shop/samsung-galaxy-a07-4-64-4-128-6-128-8-256-garansi-resmi-sein-1729815001835537895-1735330887460881895?extParam=ivf%3Dtrue%26keyword%3Dsamsung+a07%26search_id%3D2026051013261194F6D7E04A4D452A9TDF%26src%3Dsearch&t_id=1778419236765&t_st=7&t_pp=search_result&t_efo=search_pure_goods_card&t_ef=goods_search&t_sm=&t_spt=search_result","Barangnya original 👍 Spesifikasi sesuai  Ada garansi resmi Kelengkapan sesuai Warna sesuai pesanan Kemasan disegel Berfungsi dengan baik Barangnya mulus","Barangnya original 👍 Spesifikasi sesuai  Ada garansi resmi Kelengkapan sesuai Warna sesuai pesanan Kemasan disegel Berfungsi dengan baik Barangnya mulus","Oxwalker","Indonesia","05-10-2026","11-06-2021","Pants","Barangnya original 👍 Spesifikasi sesuai  Ada garansi resmi Kelengkapan sesuai Warna sesuai pesanan Kemasan disegel Berfungsi dengan baik Barangnya mulus","Barangnya original 👍 Spesifikasi sesuai  Ada garansi resmi Kelengkapan sesuai Warna sesuai pesanan Kemasan disegel Berfungsi dengan baik Barangnya mulus","Unisex",,,"103314079955","Promo Samsung Galaxy A07 ( 4/64 4/128 6/128 8/256 ) Garansi Resmi Sein","Promo Samsung Galaxy A07 ( 4/64 4/128 6/128 8/256 ) Garansi Resmi Sein - A07 4/64 Black, No Bonus Cicil 0% 3x -  - Ini Toko Budi Shop | Tokopedia","Handphone","Android OS","5","517442844","Product Review","",,"Tokopedia","Oxwalker","Promo Samsung Galaxy A07 ( 4/64 4/128 6/128 8/256 ) Garansi Resmi Sein",,"2021-Q4"
"https://www.tokopedia.com/ini-toko-budi-shop/samsung-galaxy-a07-4-64-4-128-6-128-8-256-garansi-resmi-sein-1729815001835537895-1735330887460881895?extParam=ivf%3Dtrue%26keyword%3Dsamsung+a07%26search_id%3D2026051013261194F6D7E04A4D452A9TDF%26src%3Dsearch&t_id=1778419236765&t_st=7&t_pp=search_result&t_efo=search_pure_goods_card&t_ef=goods_search&t_sm=&t_spt=search_result","Barangnya original 👍. Kemasan disegel. Spesifikasi sesuai . Warna sesuai pesanan. Kelengkapan sesuai.","Barangnya original 👍. Kemasan disegel. Spesifikasi sesuai . Warna sesuai pesanan. Kelengkapan sesuai.","Oxwalker","Indonesia","05-10-2026","04-12-2022","Pants","Barangnya original 👍. Kemasan disegel. Spesifikasi sesuai . Warna sesuai pesanan. Kelengkapan sesuai.","Barangnya original 👍. Kemasan disegel. Spesifikasi sesuai . Warna sesuai pesanan. Kelengkapan sesuai.","Unisex",,,"103314079955","Promo Samsung Galaxy A07 ( 4/64 4/128 6/128 8/256 ) Garansi Resmi Sein","Promo Samsung Galaxy A07 ( 4/64 4/128 6/128 8/256 ) Garansi Resmi Sein - A07 4/64 Black, No Bonus Cicil 0% 3x -  - Ini Toko Budi Shop | Tokopedia","Handphone","Android OS","5","646092812","Product Review","",,"Tokopedia","Oxwalker","Promo Samsung Galaxy A07 ( 4/64 4/128 6/128 8/256 ) Garansi Resmi Sein",,"2022-Q2"
"https://www.tokopedia.com/ini-toko-budi-shop/samsung-galaxy-a07-4-64-4-128-6-128-8-256-garansi-resmi-sein-1729815001835537895-1735330887460881895?extParam=ivf%3Dtrue%26keyword%3Dsamsung+a07%26search_id%3D2026051013261194F6D7E04A4D452A9TDF%26src%3Dsearch&t_id=1778419236765&t_st=7&t_pp=search_result&t_efo=search_pure_goods_card&t_ef=goods_search&t_sm=&t_spt=search_result","Barangnya original 👍. Ada garansi resmi. Warna sesuai pesanan. Kemasan disegel. Berfungsi dengan baik. Spesifikasi sesuai . Kelengkapan sesuai. Barangnya mulus. Kamera tajam.","Barangnya original 👍. Ada garansi resmi. Warna sesuai pesanan. Kemasan disegel. Berfungsi dengan baik. Spesifikasi sesuai . Kelengkapan sesuai. Barangnya mulus. Kamera tajam.","Oxwalker","Indonesia","05-10-2026","01-27-2022","Pants","Barangnya original 👍. Ada garansi resmi. Warna sesuai pesanan. Kemasan disegel. Berfungsi dengan baik. Spesifikasi sesuai . Kelengkapan sesuai. Barangnya mulus. Kamera tajam.","Barangnya original 👍. Ada garansi resmi. Warna sesuai pesanan. Kemasan disegel. Berfungsi dengan baik. Spesifikasi sesuai . Kelengkapan sesuai. Barangnya mulus. Kamera tajam.","Unisex",,,"103314079955","Promo Samsung Galaxy A07 ( 4/64 4/128 6/128 8/256 ) Garansi Resmi Sein","Promo Samsung Galaxy A07 ( 4/64 4/128 6/128 8/256 ) Garansi Resmi Sein - A07 4/64 Black, No Bonus Cicil 0% 3x -  - Ini Toko Budi Shop | Tokopedia","Handphone","Android OS","5","584290121","Product Review","",,"Tokopedia","Oxwalker","Promo Samsung Galaxy A07 ( 4/64 4/128 6/128 8/256 ) Garansi Resmi Sein",,"2022-Q1"
"https://www.tokopedia.com/ini-toko-budi-shop/samsung-galaxy-a07-4-64-4-128-6-128-8-256-garansi-resmi-sein-1729815001835537895-1735330887460881895?extParam=ivf%3Dtrue%26keyword%3Dsamsung+a07%26search_id%3D2026051013261194F6D7E04A4D452A9TDF%26src%3Dsearch&t_id=1778419236765&t_st=7&t_pp=search_result&t_efo=search_pure_goods_card&t_ef=goods_search&t_sm=&t_spt=search_result","Barangnya original 👍. Spesifikasi sesuai . Kemasan disegel. Barangnya mulus. Berfungsi dengan baik.","Barangnya original 👍. Spesifikasi sesuai . Kemasan disegel. Barangnya mulus. Berfungsi dengan baik.","Oxwalker","Indonesia","05-10-2026","12-30-2021","Pants","Barangnya original 👍. Spesifikasi sesuai . Kemasan disegel. Barangnya mulus. Berfungsi dengan baik.","Barangnya original 👍. Spesifikasi sesuai . Kemasan disegel. Barangnya mulus. Berfungsi dengan baik.","Unisex",,,"103314079955","Promo Samsung Galaxy A07 ( 4/64 4/128 6/128 8/256 ) Garansi Resmi Sein","Promo Samsung Galaxy A07 ( 4/64 4/128 6/128 8/256 ) Garansi Resmi Sein - A07 4/64 Black, No Bonus Cicil 0% 3x -  - Ini Toko Budi Shop | Tokopedia","Handphone","Android OS","5","562375583","Product Review","",,"Tokopedia","Oxwalker","Promo Samsung Galaxy A07 ( 4/64 4/128 6/128 8/256 ) Garansi Resmi Sein",,"2021-Q4"
"https://www.tokopedia.com/ini-toko-budi-shop/samsung-galaxy-a07-4-64-4-128-6-128-8-256-garansi-resmi-sein-1729815001835537895-1735330887460881895?extParam=ivf%3Dtrue%26keyword%3Dsamsung+a07%26search_id%3D2026051013261194F6D7E04A4D452A9TDF%26src%3Dsearch&t_id=1778419236765&t_st=7&t_pp=search_result&t_efo=search_pure_goods_card&t_ef=goods_search&t_sm=&t_spt=search_result","Barangnya original 👍 Berfungsi dengan baik Kelengkapan sesuai Warna sesuai pesanan 
Mantap.","Barangnya original 👍 Berfungsi dengan baik Kelengkapan sesuai Warna sesuai pesanan 
Mantap.","Oxwalker","Indonesia","05-10-2026","11-09-2021","Pants","Barangnya original 👍 Berfungsi dengan baik Kelengkapan sesuai Warna sesuai pesanan 
Mantap.","Barangnya original 👍 Berfungsi dengan baik Kelengkapan sesuai Warna sesuai pesanan 
Mantap.","Unisex",,,"103314079955","Promo Samsung Galaxy A07 ( 4/64 4/128 6/128 8/256 ) Garansi Resmi Sein","Promo Samsung Galaxy A07 ( 4/64 4/128 6/128 8/256 ) Garansi Resmi Sein - A07 4/64 Black, No Bonus Cicil 0% 3x -  - Ini Toko Budi Shop | Tokopedia","Handphone","Android OS","5","519939305","Product Review","",,"Tokopedia","Oxwalker","Promo Samsung Galaxy A07 ( 4/64 4/128 6/128 8/256 ) Garansi Resmi Sein",,"2021-Q4"
"https://www.tokopedia.com/ini-toko-budi-shop/samsung-galaxy-a07-4-64-4-128-6-128-8-256-garansi-resmi-sein-1729815001835537895-1735330887460881895?extParam=ivf%3Dtrue%26keyword%3Dsamsung+a07%26search_id%3D2026051013261194F6D7E04A4D452A9TDF%26src%3Dsearch&t_id=1778419236765&t_st=7&t_pp=search_result&t_efo=search_pure_goods_card&t_ef=goods_search&t_sm=&t_spt=search_result","Kemasan disegel. Spesifikasi sesuai . Kelengkapan sesuai. Ada garansi resmi. Warna sesuai pesanan. Berfungsi dengan baik.","Kemasan disegel. Spesifikasi sesuai . Kelengkapan sesuai. Ada garansi resmi. Warna sesuai pesanan. Berfungsi dengan baik.","Oxwalker","Indonesia","05-10-2026","11-07-2021","Pants","Kemasan disegel. Spesifikasi sesuai . Kelengkapan sesuai. Ada garansi resmi. Warna sesuai pesanan. Berfungsi dengan baik.","Kemasan disegel. Spesifikasi sesuai . Kelengkapan sesuai. Ada garansi resmi. Warna sesuai pesanan. Berfungsi dengan baik.","Unisex",,,"103314079955","Promo Samsung Galaxy A07 ( 4/64 4/128 6/128 8/256 ) Garansi Resmi Sein","Promo Samsung Galaxy A07 ( 4/64 4/128 6/128 8/256 ) Garansi Resmi Sein - A07 4/64 Black, No Bonus Cicil 0% 3x -  - Ini Toko Budi Shop | Tokopedia","Handphone","Android OS","5","518341727","Product Review","",,"Tokopedia","Oxwalker","Promo Samsung Galaxy A07 ( 4/64 4/128 6/128 8/256 ) Garansi Resmi Sein",,"2021-Q4"
"https://www.tokopedia.com/ini-toko-budi-shop/samsung-galaxy-a07-4-64-4-128-6-128-8-256-garansi-resmi-sein-1729815001835537895-1735330887460881895?extParam=ivf%3Dtrue%26keyword%3Dsamsung+a07%26search_id%3D2026051013261194F6D7E04A4D452A9TDF%26src%3Dsearch&t_id=1778419236765&t_st=7&t_pp=search_result&t_efo=search_pure_goods_card&t_ef=goods_search&t_sm=&t_spt=search_result","barang sesuai dengan pesanan terimakasih Barangnya original 👍. Ada garansi resmi. Kemasan disegel. Kelengkapan sesuai. Spesifikasi sesuai . Barangnya mulus. Warna sesuai pesanan. Suara jernih. Berfungsi dengan baik. Baterai awet. Kamera tajam.","barang sesuai dengan pesanan terimakasih Barangnya original 👍. Ada garansi resmi. Kemasan disegel. Kelengkapan sesuai. Spesifikasi sesuai . Barangnya mulus. Warna sesuai pesanan. Suara jernih. Berfungsi dengan baik. Baterai awet. Kamera tajam.","Oxwalker","Indonesia","05-10-2026","11-10-2021","Pants","barang sesuai dengan pesanan terimakasih Barangnya original 👍. Ada garansi resmi. Kemasan disegel. Kelengkapan sesuai. Spesifikasi sesuai . Barangnya mulus. Warna sesuai pesanan. Suara jernih. Berfungsi dengan baik. Baterai awet. Kamera tajam.","barang sesuai dengan pesanan terimakasih Barangnya original 👍. Ada garansi resmi. Kemasan disegel. Kelengkapan sesuai. Spesifikasi sesuai . Barangnya mulus. Warna sesuai pesanan. Suara jernih. Berfungsi dengan baik. Baterai awet. Kamera tajam.","Unisex",,,"103314079955","Promo Samsung Galaxy A07 ( 4/64 4/128 6/128 8/256 ) Garansi Resmi Sein","Promo Samsung Galaxy A07 ( 4/64 4/128 6/128 8/256 ) Garansi Resmi Sein - A07 4/64 Black, No Bonus Cicil 0% 3x -  - Ini Toko Budi Shop | Tokopedia","Handphone","Android OS","5","520466010","Product Review","",,"Tokopedia","Oxwalker","Promo Samsung Galaxy A07 ( 4/64 4/128 6/128 8/256 ) Garansi Resmi Sein",,"2021-Q4"
"https://www.tokopedia.com/ini-toko-budi-shop/samsung-galaxy-a07-4-64-4-128-6-128-8-256-garansi-resmi-sein-1729815001835537895-1735330887460881895?extParam=ivf%3Dtrue%26keyword%3Dsamsung+a07%26search_id%3D2026051013261194F6D7E04A4D452A9TDF%26src%3Dsearch&t_id=1778419236765&t_st=7&t_pp=search_result&t_efo=search_pure_goods_card&t_ef=goods_search&t_sm=&t_spt=search_result","Barangnya original 👍. Ada garansi resmi. Warna sesuai pesanan. Spesifikasi sesuai . Kemasan disegel. Kelengkapan sesuai. Barangnya mulus. Berfungsi dengan baik. Suara jernih. Kamera tajam. Baterai awet.","Barangnya original 👍. Ada garansi resmi. Warna sesuai pesanan. Spesifikasi sesuai . Kemasan disegel. Kelengkapan sesuai. Barangnya mulus. Berfungsi dengan baik. Suara jernih. Kamera tajam. Baterai awet.","Oxwalker","Indonesia","05-10-2026","11-30-2021","Pants","Barangnya original 👍. Ada garansi resmi. Warna sesuai pesanan. Spesifikasi sesuai . Kemasan disegel. Kelengkapan sesuai. Barangnya mulus. Berfungsi dengan baik. Suara jernih. Kamera tajam. Baterai awet.","Barangnya original 👍. Ada garansi resmi. Warna sesuai pesanan. Spesifikasi sesuai . Kemasan disegel. Kelengkapan sesuai. Barangnya mulus. Berfungsi dengan baik. Suara jernih. Kamera tajam. Baterai awet.","Unisex",,,"103314079955","Promo Samsung Galaxy A07 ( 4/64 4/128 6/128 8/256 ) Garansi Resmi Sein","Promo Samsung Galaxy A07 ( 4/64 4/128 6/128 8/256 ) Garansi Resmi Sein - A07 4/64 Black, No Bonus Cicil 0% 3x -  - Ini Toko Budi Shop | Tokopedia","Handphone","Android OS","5","535917050","Product Review","",,"Tokopedia","Oxwalker","Promo Samsung Galaxy A07 ( 4/64 4/128 6/128 8/256 ) Garansi Resmi Sein",,"2021-Q4"
"https://www.tokopedia.com/ini-toko-budi-shop/samsung-galaxy-a07-4-64-4-128-6-128-8-256-garansi-resmi-sein-1729815001835537895-1735330887460881895?extParam=ivf%3Dtrue%26keyword%3Dsamsung+a07%26search_id%3D2026051013261194F6D7E04A4D452A9TDF%26src%3Dsearch&t_id=1778419236765&t_st=7&t_pp=search_result&t_efo=search_pure_goods_card&t_ef=goods_search&t_sm=&t_spt=search_result","Barangnya original 👍. Spesifikasi sesuai . Berfungsi dengan baik. Kemasan disegel. Warna sesuai pesanan. Kelengkapan sesuai.","Barangnya original 👍. Spesifikasi sesuai . Berfungsi dengan baik. Kemasan disegel. Warna sesuai pesanan. Kelengkapan sesuai.","Oxwalker","Indonesia","05-10-2026","01-02-2022","Pants","Barangnya original 👍. Spesifikasi sesuai . Berfungsi dengan baik. Kemasan disegel. Warna sesuai pesanan. Kelengkapan sesuai.","Barangnya original 👍. Spesifikasi sesuai . Berfungsi dengan baik. Kemasan disegel. Warna sesuai pesanan. Kelengkapan sesuai.","Unisex",,,"103314079955","Promo Samsung Galaxy A07 ( 4/64 4/128 6/128 8/256 ) Garansi Resmi Sein","Promo Samsung Galaxy A07 ( 4/64 4/128 6/128 8/256 ) Garansi Resmi Sein - A07 4/64 Black, No Bonus Cicil 0% 3x -  - Ini Toko Budi Shop | Tokopedia","Handphone","Android OS","5","564105292","Product Review","",,"Tokopedia","Oxwalker","Promo Samsung Galaxy A07 ( 4/64 4/128 6/128 8/256 ) Garansi Resmi Sein",,"2022-Q1"
"https://www.tokopedia.com/ini-toko-budi-shop/samsung-galaxy-a07-4-64-4-128-6-128-8-256-garansi-resmi-sein-1729815001835537895-1735330887460881895?extParam=ivf%3Dtrue%26keyword%3Dsamsung+a07%26search_id%3D2026051013261194F6D7E04A4D452A9TDF%26src%3Dsearch&t_id=1778419236765&t_st=7&t_pp=search_result&t_efo=search_pure_goods_card&t_ef=goods_search&t_sm=&t_spt=search_result","Barangnya original 👍 Kamera tajam Kemasan disegel Baterai awet Penjualnya ramah banget Ada garansi resmi Spesifikasi sesuaiProses pesanan cepat Packaging aman 🙏 Warna sesuai pesanan Packaging rapi Suara jernih Kelengkapan sesuai Berfungsi dengan baik Barangnya mulus Respon penjualnya top","Barangnya original 👍 Kamera tajam Kemasan disegel Baterai awet Penjualnya ramah banget Ada garansi resmi Spesifikasi sesuaiProses pesanan cepat Packaging aman 🙏 Warna sesuai pesanan Packaging rapi Suara jernih Kelengkapan sesuai Berfungsi dengan baik Barangnya mulus Respon penjualnya top","Oxwalker","Indonesia","05-10-2026","03-17-2022","Pants","Barangnya original 👍 Kamera tajam Kemasan disegel Baterai awet Penjualnya ramah banget Ada garansi resmi Spesifikasi sesuaiProses pesanan cepat Packaging aman 🙏 Warna sesuai pesanan Packaging rapi Suara jernih Kelengkapan sesuai Berfungsi dengan baik Barangnya mulus Respon penjualnya top","Barangnya original 👍 Kamera tajam Kemasan disegel Baterai awet Penjualnya ramah banget Ada garansi resmi Spesifikasi sesuaiProses pesanan cepat Packaging aman 🙏 Warna sesuai pesanan Packaging rapi Suara jernih Kelengkapan sesuai Berfungsi dengan baik Barangnya mulus Respon penjualnya top","Unisex",,,"103314079955","Promo Samsung Galaxy A07 ( 4/64 4/128 6/128 8/256 ) Garansi Resmi Sein","Promo Samsung Galaxy A07 ( 4/64 4/128 6/128 8/256 ) Garansi Resmi Sein - A07 4/64 Black, No Bonus Cicil 0% 3x -  - Ini Toko Budi Shop | Tokopedia","Handphone","Android OS","5","625575844","Product Review","",,"Tokopedia","Oxwalker","Promo Samsung Galaxy A07 ( 4/64 4/128 6/128 8/256 ) Garansi Resmi Sein",,"2022-Q1"
"https://www.tokopedia.com/ini-toko-budi-shop/samsung-galaxy-a07-4-64-4-128-6-128-8-256-garansi-resmi-sein-1729815001835537895-1735330887460881895?extParam=ivf%3Dtrue%26keyword%3Dsamsung+a07%26search_id%3D2026051013261194F6D7E04A4D452A9TDF%26src%3Dsearch&t_id=1778419236765&t_st=7&t_pp=search_result&t_efo=search_pure_goods_card&t_ef=goods_search&t_sm=&t_spt=search_result","Barangnya original 👍. Spesifikasi sesuai . Kelengkapan sesuai. Warna sesuai pesanan. Barangnya mulus. Berfungsi dengan baik. Suara jernih. Baterai awet. Kamera tajam. Penjualnya ramah banget. Proses pesanan cepat. Packaging aman 🙏. Packaging rapi. Kemasan disegel. Ada garansi resmi. Respon penjualnya top.","Barangnya original 👍. Spesifikasi sesuai . Kelengkapan sesuai. Warna sesuai pesanan. Barangnya mulus. Berfungsi dengan baik. Suara jernih. Baterai awet. Kamera tajam. Penjualnya ramah banget. Proses pesanan cepat. Packaging aman 🙏. Packaging rapi. Kemasan disegel. Ada garansi resmi. Respon penjualnya top.","Oxwalker","Indonesia","05-10-2026","01-23-2022","Pants","Barangnya original 👍. Spesifikasi sesuai . Kelengkapan sesuai. Warna sesuai pesanan. Barangnya mulus. Berfungsi dengan baik. Suara jernih. Baterai awet. Kamera tajam. Penjualnya ramah banget. Proses pesanan cepat. Packaging aman 🙏. Packaging rapi. Kemasan disegel. Ada garansi resmi. Respon penjualnya top.","Barangnya original 👍. Spesifikasi sesuai . Kelengkapan sesuai. Warna sesuai pesanan. Barangnya mulus. Berfungsi dengan baik. Suara jernih. Baterai awet. Kamera tajam. Penjualnya ramah banget. Proses pesanan cepat. Packaging aman 🙏. Packaging rapi. Kemasan disegel. Ada garansi resmi. Respon penjualnya top.","Unisex",,,"103314079955","Promo Samsung Galaxy A07 ( 4/64 4/128 6/128 8/256 ) Garansi Resmi Sein","Promo Samsung Galaxy A07 ( 4/64 4/128 6/128 8/256 ) Garansi Resmi Sein - A07 4/64 Black, No Bonus Cicil 0% 3x -  - Ini Toko Budi Shop | Tokopedia","Handphone","Android OS","5","581475784","Product Review","",,"Tokopedia","Oxwalker","Promo Samsung Galaxy A07 ( 4/64 4/128 6/128 8/256 ) Garansi Resmi Sein",,"2022-Q1"
"https://www.tokopedia.com/ini-toko-budi-shop/samsung-galaxy-a07-4-64-4-128-6-128-8-256-garansi-resmi-sein-1729815001835537895-1735330887460881895?extParam=ivf%3Dtrue%26keyword%3Dsamsung+a07%26search_id%3D2026051013261194F6D7E04A4D452A9TDF%26src%3Dsearch&t_id=1778419236765&t_st=7&t_pp=search_result&t_efo=search_pure_goods_card&t_ef=goods_search&t_sm=&t_spt=search_result","pertama kali pakai fitur tukar tambah. terima kasih. Barangnya original 👍. Kemasan disegel. Warna sesuai pesanan. Kelengkapan sesuai. Barangnya mulus.","pertama kali pakai fitur tukar tambah. terima kasih. Barangnya original 👍. Kemasan disegel. Warna sesuai pesanan. Kelengkapan sesuai. Barangnya mulus.","Oxwalker","Indonesia","05-10-2026","09-11-2021","Pants","pertama kali pakai fitur tukar tambah. terima kasih. Barangnya original 👍. Kemasan disegel. Warna sesuai pesanan. Kelengkapan sesuai. Barangnya mulus.","pertama kali pakai fitur tukar tambah. terima kasih. Barangnya original 👍. Kemasan disegel. Warna sesuai pesanan. Kelengkapan sesuai. Barangnya mulus.","Unisex",,,"103314079955","Promo Samsung Galaxy A07 ( 4/64 4/128 6/128 8/256 ) Garansi Resmi Sein","Promo Samsung Galaxy A07 ( 4/64 4/128 6/128 8/256 ) Garansi Resmi Sein - A07 4/64 Black, No Bonus Cicil 0% 3x -  - Ini Toko Budi Shop | Tokopedia","Handphone","Android OS","5","474973424","Product Review","",,"Tokopedia","Oxwalker","Promo Samsung Galaxy A07 ( 4/64 4/128 6/128 8/256 ) Garansi Resmi Sein",,"2021-Q3"
"https://www.tokopedia.com/ini-toko-budi-shop/samsung-galaxy-a07-4-64-4-128-6-128-8-256-garansi-resmi-sein-1729815001835537895-1735330887460881895?extParam=ivf%3Dtrue%26keyword%3Dsamsung+a07%26search_id%3D2026051013261194F6D7E04A4D452A9TDF%26src%3Dsearch&t_id=1778419236765&t_st=7&t_pp=search_result&t_efo=search_pure_goods_card&t_ef=goods_search&t_sm=&t_spt=search_result","Barangnya original 👍. Ada garansi resmi. Kemasan disegel. Spesifikasi sesuai . Warna sesuai pesanan. Kelengkapan sesuai. Barangnya mulus.","Barangnya original 👍. Ada garansi resmi. Kemasan disegel. Spesifikasi sesuai . Warna sesuai pesanan. Kelengkapan sesuai. Barangnya mulus.","Oxwalker","Indonesia","05-10-2026","11-22-2021","Pants","Barangnya original 👍. Ada garansi resmi. Kemasan disegel. Spesifikasi sesuai . Warna sesuai pesanan. Kelengkapan sesuai. Barangnya mulus.","Barangnya original 👍. Ada garansi resmi. Kemasan disegel. Spesifikasi sesuai . Warna sesuai pesanan. Kelengkapan sesuai. Barangnya mulus.","Unisex",,,"103314079955","Promo Samsung Galaxy A07 ( 4/64 4/128 6/128 8/256 ) Garansi Resmi Sein","Promo Samsung Galaxy A07 ( 4/64 4/128 6/128 8/256 ) Garansi Resmi Sein - A07 4/64 Black, No Bonus Cicil 0% 3x -  - Ini Toko Budi Shop | Tokopedia","Handphone","Android OS","5","529845550","Product Review","",,"Tokopedia","Oxwalker","Promo Samsung Galaxy A07 ( 4/64 4/128 6/128 8/256 ) Garansi Resmi Sein",,"2021-Q4"
"https://www.tokopedia.com/ini-toko-budi-shop/samsung-galaxy-a07-4-64-4-128-6-128-8-256-garansi-resmi-sein-1729815001835537895-1735330887460881895?extParam=ivf%3Dtrue%26keyword%3Dsamsung+a07%26search_id%3D2026051013261194F6D7E04A4D452A9TDF%26src%3Dsearch&t_id=1778419236765&t_st=7&t_pp=search_result&t_efo=search_pure_goods_card&t_ef=goods_search&t_sm=&t_spt=search_result","sesuai pesanan..
msh segel ada kartu garansi resmi..
pengiriman sicepat cpt bgt..
jgn ragu beli dsni hrg di bwh hrg samsu*g official","sesuai pesanan..
msh segel ada kartu garansi resmi..
pengiriman sicepat cpt bgt..
jgn ragu beli dsni hrg di bwh hrg samsu*g official","Oxwalker","Indonesia","05-10-2026","12-17-2023","Pants","sesuai pesanan..
msh segel ada kartu garansi resmi..
pengiriman sicepat cpt bgt..
jgn ragu beli dsni hrg di bwh hrg samsu*g official","sesuai pesanan..
msh segel ada kartu garansi resmi..
pengiriman sicepat cpt bgt..
jgn ragu beli dsni hrg di bwh hrg samsu*g official","Unisex",,,"103314079955","Promo Samsung Galaxy A07 ( 4/64 4/128 6/128 8/256 ) Garansi Resmi Sein","Promo Samsung Galaxy A07 ( 4/64 4/128 6/128 8/256 ) Garansi Resmi Sein - A07 4/64 Black, No Bonus Cicil 0% 3x -  - Ini Toko Budi Shop | Tokopedia","Handphone","Android OS","5","977775093","Product Review","",,"Tokopedia","Oxwalker","Promo Samsung Galaxy A07 ( 4/64 4/128 6/128 8/256 ) Garansi Resmi Sein",,"2023-Q4"
"https://www.tokopedia.com/ini-toko-budi-shop/samsung-galaxy-a07-4-64-4-128-6-128-8-256-garansi-resmi-sein-1729815001835537895-1735330887460881895?extParam=ivf%3Dtrue%26keyword%3Dsamsung+a07%26search_id%3D2026051013261194F6D7E04A4D452A9TDF%26src%3Dsearch&t_id=1778419236765&t_st=7&t_pp=search_result&t_efo=search_pure_goods_card&t_ef=goods_search&t_sm=&t_spt=search_result","Barangnya original 👍. Ada garansi resmi. Kemasan disegel. Spesifikasi sesuai . Warna sesuai pesanan. Baterai awet. Kamera tajam. Kelengkapan sesuai. Barangnya mulus. Suara jernih. Berfungsi dengan baik.","Barangnya original 👍. Ada garansi resmi. Kemasan disegel. Spesifikasi sesuai . Warna sesuai pesanan. Baterai awet. Kamera tajam. Kelengkapan sesuai. Barangnya mulus. Suara jernih. Berfungsi dengan baik.","Oxwalker","Indonesia","05-10-2026","11-30-2021","Pants","Barangnya original 👍. Ada garansi resmi. Kemasan disegel. Spesifikasi sesuai . Warna sesuai pesanan. Baterai awet. Kamera tajam. Kelengkapan sesuai. Barangnya mulus. Suara jernih. Berfungsi dengan baik.","Barangnya original 👍. Ada garansi resmi. Kemasan disegel. Spesifikasi sesuai . Warna sesuai pesanan. Baterai awet. Kamera tajam. Kelengkapan sesuai. Barangnya mulus. Suara jernih. Berfungsi dengan baik.","Unisex",,,"103314079955","Promo Samsung Galaxy A07 ( 4/64 4/128 6/128 8/256 ) Garansi Resmi Sein","Promo Samsung Galaxy A07 ( 4/64 4/128 6/128 8/256 ) Garansi Resmi Sein - A07 4/64 Black, No Bonus Cicil 0% 3x -  - Ini Toko Budi Shop | Tokopedia","Handphone","Android OS","5","536538349","Product Review","",,"Tokopedia","Oxwalker","Promo Samsung Galaxy A07 ( 4/64 4/128 6/128 8/256 ) Garansi Resmi Sein",,"2021-Q4"
"https://www.tokopedia.com/ini-toko-budi-shop/samsung-galaxy-a07-4-64-4-128-6-128-8-256-garansi-resmi-sein-1729815001835537895-1735330887460881895?extParam=ivf%3Dtrue%26keyword%3Dsamsung+a07%26search_id%3D2026051013261194F6D7E04A4D452A9TDF%26src%3Dsearch&t_id=1778419236765&t_st=7&t_pp=search_result&t_efo=search_pure_goods_card&t_ef=goods_search&t_sm=&t_spt=search_result","Barangnya original 👍. Ada garansi resmi. Kemasan disegel. Warna sesuai pesanan. Spesifikasi sesuai . Kelengkapan sesuai. Barangnya mulus. Berfungsi dengan baik. Suara jernih. Kamera tajam. Baterai awet. Penjualnya ramah banget. Proses pesanan cepat. Respon penjualnya top. Packaging rapi. Packaging aman 🙏.","Barangnya original 👍. Ada garansi resmi. Kemasan disegel. Warna sesuai pesanan. Spesifikasi sesuai . Kelengkapan sesuai. Barangnya mulus. Berfungsi dengan baik. Suara jernih. Kamera tajam. Baterai awet. Penjualnya ramah banget. Proses pesanan cepat. Respon penjualnya top. Packaging rapi. Packaging aman 🙏.","Oxwalker","Indonesia","05-10-2026","03-02-2022","Pants","Barangnya original 👍. Ada garansi resmi. Kemasan disegel. Warna sesuai pesanan. Spesifikasi sesuai . Kelengkapan sesuai. Barangnya mulus. Berfungsi dengan baik. Suara jernih. Kamera tajam. Baterai awet. Penjualnya ramah banget. Proses pesanan cepat. Respon penjualnya top. Packaging rapi. Packaging aman 🙏.","Barangnya original 👍. Ada garansi resmi. Kemasan disegel. Warna sesuai pesanan. Spesifikasi sesuai . Kelengkapan sesuai. Barangnya mulus. Berfungsi dengan baik. Suara jernih. Kamera tajam. Baterai awet. Penjualnya ramah banget. Proses pesanan cepat. Respon penjualnya top. Packaging rapi. Packaging aman 🙏.","Unisex",,,"103314079955","Promo Samsung Galaxy A07 ( 4/64 4/128 6/128 8/256 ) Garansi Resmi Sein","Promo Samsung Galaxy A07 ( 4/64 4/128 6/128 8/256 ) Garansi Resmi Sein - A07 4/64 Black, No Bonus Cicil 0% 3x -  - Ini Toko Budi Shop | Tokopedia","Handphone","Android OS","5","613121881","Product Review","",,"Tokopedia","Oxwalker","Promo Samsung Galaxy A07 ( 4/64 4/128 6/128 8/256 ) Garansi Resmi Sein",,"2022-Q1"
"https://www.tokopedia.com/ini-toko-budi-shop/samsung-galaxy-a07-4-64-4-128-6-128-8-256-garansi-resmi-sein-1729815001835537895-1735330887460881895?extParam=ivf%3Dtrue%26keyword%3Dsamsung+a07%26search_id%3D2026051013261194F6D7E04A4D452A9TDF%26src%3Dsearch&t_id=1778419236765&t_st=7&t_pp=search_result&t_efo=search_pure_goods_card&t_ef=goods_search&t_sm=&t_spt=search_result","Barangnya original 👍. Kemasan disegel. Warna sesuai pesanan. Barangnya mulus.","Barangnya original 👍. Kemasan disegel. Warna sesuai pesanan. Barangnya mulus.","Oxwalker","Indonesia","05-10-2026","11-18-2021","Pants","Barangnya original 👍. Kemasan disegel. Warna sesuai pesanan. Barangnya mulus.","Barangnya original 👍. Kemasan disegel. Warna sesuai pesanan. Barangnya mulus.","Unisex",,,"103314079955","Promo Samsung Galaxy A07 ( 4/64 4/128 6/128 8/256 ) Garansi Resmi Sein","Promo Samsung Galaxy A07 ( 4/64 4/128 6/128 8/256 ) Garansi Resmi Sein - A07 4/64 Black, No Bonus Cicil 0% 3x -  - Ini Toko Budi Shop | Tokopedia","Handphone","Android OS","5","526659112","Product Review","",,"Tokopedia","Oxwalker","Promo Samsung Galaxy A07 ( 4/64 4/128 6/128 8/256 ) Garansi Resmi Sein",,"2021-Q4"
"https://www.tokopedia.com/ini-toko-budi-shop/samsung-galaxy-a07-4-64-4-128-6-128-8-256-garansi-resmi-sein-1729815001835537895-1735330887460881895?extParam=ivf%3Dtrue%26keyword%3Dsamsung+a07%26search_id%3D2026051013261194F6D7E04A4D452A9TDF%26src%3Dsearch&t_id=1778419236765&t_st=7&t_pp=search_result&t_efo=search_pure_goods_card&t_ef=goods_search&t_sm=&t_spt=search_result","Barangnya original 👍. Ada garansi resmi. Barangnya mulus. Kemasan disegel. Kelengkapan sesuai. Spesifikasi sesuai . Warna sesuai pesanan. Berfungsi dengan baik. Baterai awet. Kamera tajam. Suara jernih.","Barangnya original 👍. Ada garansi resmi. Barangnya mulus. Kemasan disegel. Kelengkapan sesuai. Spesifikasi sesuai . Warna sesuai pesanan. Berfungsi dengan baik. Baterai awet. Kamera tajam. Suara jernih.","Oxwalker","Indonesia","05-10-2026","12-21-2021","Pants","Barangnya original 👍. Ada garansi resmi. Barangnya mulus. Kemasan disegel. Kelengkapan sesuai. Spesifikasi sesuai . Warna sesuai pesanan. Berfungsi dengan baik. Baterai awet. Kamera tajam. Suara jernih.","Barangnya original 👍. Ada garansi resmi. Barangnya mulus. Kemasan disegel. Kelengkapan sesuai. Spesifikasi sesuai . Warna sesuai pesanan. Berfungsi dengan baik. Baterai awet. Kamera tajam. Suara jernih.","Unisex",,,"103314079955","Promo Samsung Galaxy A07 ( 4/64 4/128 6/128 8/256 ) Garansi Resmi Sein","Promo Samsung Galaxy A07 ( 4/64 4/128 6/128 8/256 ) Garansi Resmi Sein - A07 4/64 Black, No Bonus Cicil 0% 3x -  - Ini Toko Budi Shop | Tokopedia","Handphone","Android OS","5","554215998","Product Review","",,"Tokopedia","Oxwalker","Promo Samsung Galaxy A07 ( 4/64 4/128 6/128 8/256 ) Garansi Resmi Sein",,"2021-Q4"
"https://www.tokopedia.com/ini-toko-budi-shop/samsung-galaxy-a07-4-64-4-128-6-128-8-256-garansi-resmi-sein-1729815001835537895-1735330887460881895?extParam=ivf%3Dtrue%26keyword%3Dsamsung+a07%26search_id%3D2026051013261194F6D7E04A4D452A9TDF%26src%3Dsearch&t_id=1778419236765&t_st=7&t_pp=search_result&t_efo=search_pure_goods_card&t_ef=goods_search&t_sm=&t_spt=search_result","Barangnya original 👍 Barangnya mulus ,Spesifikasi sesuai  ,Ada garansi resmi ,Warna sesuai pesanan ,Kemasan disegel","Barangnya original 👍 Barangnya mulus ,Spesifikasi sesuai  ,Ada garansi resmi ,Warna sesuai pesanan ,Kemasan disegel","Oxwalker","Indonesia","05-10-2026","12-14-2021","Pants","Barangnya original 👍 Barangnya mulus ,Spesifikasi sesuai  ,Ada garansi resmi ,Warna sesuai pesanan ,Kemasan disegel","Barangnya original 👍 Barangnya mulus ,Spesifikasi sesuai  ,Ada garansi resmi ,Warna sesuai pesanan ,Kemasan disegel","Unisex",,,"103314079955","Promo Samsung Galaxy A07 ( 4/64 4/128 6/128 8/256 ) Garansi Resmi Sein","Promo Samsung Galaxy A07 ( 4/64 4/128 6/128 8/256 ) Garansi Resmi Sein - A07 4/64 Black, No Bonus Cicil 0% 3x -  - Ini Toko Budi Shop | Tokopedia","Handphone","Android OS","5","547991345","Product Review","",,"Tokopedia","Oxwalker","Promo Samsung Galaxy A07 ( 4/64 4/128 6/128 8/256 ) Garansi Resmi Sein",,"2021-Q4"
"https://www.tokopedia.com/ini-toko-budi-shop/samsung-galaxy-a07-4-64-4-128-6-128-8-256-garansi-resmi-sein-1729815001835537895-1735330887460881895?extParam=ivf%3Dtrue%26keyword%3Dsamsung+a07%26search_id%3D2026051013261194F6D7E04A4D452A9TDF%26src%3Dsearch&t_id=1778419236765&t_st=7&t_pp=search_result&t_efo=search_pure_goods_card&t_ef=goods_search&t_sm=&t_spt=search_result","cepat sampai dan aman sampai di tempat,lsg pakai Ok","cepat sampai dan aman sampai di tempat,lsg pakai Ok","Oxwalker","Indonesia","05-10-2026","10-26-2021","Pants","cepat sampai dan aman sampai di tempat,lsg pakai Ok","cepat sampai dan aman sampai di tempat,lsg pakai Ok","Unisex",,,"103314079955","Promo Samsung Galaxy A07 ( 4/64 4/128 6/128 8/256 ) Garansi Resmi Sein","Promo Samsung Galaxy A07 ( 4/64 4/128 6/128 8/256 ) Garansi Resmi Sein - A07 4/64 Black, No Bonus Cicil 0% 3x -  - Ini Toko Budi Shop | Tokopedia","Handphone","Android OS","5","508310262","Product Review","",,"Tokopedia","Oxwalker","Promo Samsung Galaxy A07 ( 4/64 4/128 6/128 8/256 ) Garansi Resmi Sein",,"2021-Q4"
"https://www.tokopedia.com/ini-toko-budi-shop/samsung-galaxy-a07-4-64-4-128-6-128-8-256-garansi-resmi-sein-1729815001835537895-1735330887460881895?extParam=ivf%3Dtrue%26keyword%3Dsamsung+a07%26search_id%3D2026051013261194F6D7E04A4D452A9TDF%26src%3Dsearch&t_id=1778419236765&t_st=7&t_pp=search_result&t_efo=search_pure_goods_card&t_ef=goods_search&t_sm=&t_spt=search_result","Barangnya original 👍. Ada garansi resmi. Spesifikasi sesuai . Kemasan disegel. Warna sesuai pesanan. Kelengkapan sesuai. Barangnya mulus. Suara jernih. Baterai awet.","Barangnya original 👍. Ada garansi resmi. Spesifikasi sesuai . Kemasan disegel. Warna sesuai pesanan. Kelengkapan sesuai. Barangnya mulus. Suara jernih. Baterai awet.","Oxwalker","Indonesia","05-10-2026","11-12-2021","Pants","Barangnya original 👍. Ada garansi resmi. Spesifikasi sesuai . Kemasan disegel. Warna sesuai pesanan. Kelengkapan sesuai. Barangnya mulus. Suara jernih. Baterai awet.","Barangnya original 👍. Ada garansi resmi. Spesifikasi sesuai . Kemasan disegel. Warna sesuai pesanan. Kelengkapan sesuai. Barangnya mulus. Suara jernih. Baterai awet.","Unisex",,,"103314079955","Promo Samsung Galaxy A07 ( 4/64 4/128 6/128 8/256 ) Garansi Resmi Sein","Promo Samsung Galaxy A07 ( 4/64 4/128 6/128 8/256 ) Garansi Resmi Sein - A07 4/64 Black, No Bonus Cicil 0% 3x -  - Ini Toko Budi Shop | Tokopedia","Handphone","Android OS","5","522077825","Product Review","",,"Tokopedia","Oxwalker","Promo Samsung Galaxy A07 ( 4/64 4/128 6/128 8/256 ) Garansi Resmi Sein",,"2021-Q4"
"https://www.tokopedia.com/ini-toko-budi-shop/samsung-galaxy-a07-4-64-4-128-6-128-8-256-garansi-resmi-sein-1729815001835537895-1735330887460881895?extParam=ivf%3Dtrue%26keyword%3Dsamsung+a07%26search_id%3D2026051013261194F6D7E04A4D452A9TDF%26src%3Dsearch&t_id=1778419236765&t_st=7&t_pp=search_result&t_efo=search_pure_goods_card&t_ef=goods_search&t_sm=&t_spt=search_result","Barangnya original 👍. Kemasan disegel. Spesifikasi sesuai . Ada garansi resmi. Kelengkapan sesuai. Warna sesuai pesanan. Berfungsi dengan baik.","Barangnya original 👍. Kemasan disegel. Spesifikasi sesuai . Ada garansi resmi. Kelengkapan sesuai. Warna sesuai pesanan. Berfungsi dengan baik.","Oxwalker","Indonesia","05-10-2026","11-17-2021","Pants","Barangnya original 👍. Kemasan disegel. Spesifikasi sesuai . Ada garansi resmi. Kelengkapan sesuai. Warna sesuai pesanan. Berfungsi dengan baik.","Barangnya original 👍. Kemasan disegel. Spesifikasi sesuai . Ada garansi resmi. Kelengkapan sesuai. Warna sesuai pesanan. Berfungsi dengan baik.","Unisex",,,"103314079955","Promo Samsung Galaxy A07 ( 4/64 4/128 6/128 8/256 ) Garansi Resmi Sein","Promo Samsung Galaxy A07 ( 4/64 4/128 6/128 8/256 ) Garansi Resmi Sein - A07 4/64 Black, No Bonus Cicil 0% 3x -  - Ini Toko Budi Shop | Tokopedia","Handphone","Android OS","5","525740756","Product Review","",,"Tokopedia","Oxwalker","Promo Samsung Galaxy A07 ( 4/64 4/128 6/128 8/256 ) Garansi Resmi Sein",,"2021-Q4"
"https://www.tokopedia.com/ini-toko-budi-shop/samsung-galaxy-a07-4-64-4-128-6-128-8-256-garansi-resmi-sein-1729815001835537895-1735330887460881895?extParam=ivf%3Dtrue%26keyword%3Dsamsung+a07%26search_id%3D2026051013261194F6D7E04A4D452A9TDF%26src%3Dsearch&t_id=1778419236765&t_st=7&t_pp=search_result&t_efo=search_pure_goods_card&t_ef=goods_search&t_sm=&t_spt=search_result","Paket telah diterima dengan baik  dan sesuai deskripsi produk, Packing Rapi tq gan","Paket telah diterima dengan baik  dan sesuai deskripsi produk, Packing Rapi tq gan","Oxwalker","Indonesia","05-10-2026","01-04-2022","Pants","Paket telah diterima dengan baik  dan sesuai deskripsi produk, Packing Rapi tq gan","Paket telah diterima dengan baik  dan sesuai deskripsi produk, Packing Rapi tq gan","Unisex",,,"103314079955","Promo Samsung Galaxy A07 ( 4/64 4/128 6/128 8/256 ) Garansi Resmi Sein","Promo Samsung Galaxy A07 ( 4/64 4/128 6/128 8/256 ) Garansi Resmi Sein - A07 4/64 Black, No Bonus Cicil 0% 3x -  - Ini Toko Budi Shop | Tokopedia","Handphone","Android OS","5","565696489","Product Review","",,"Tokopedia","Oxwalker","Promo Samsung Galaxy A07 ( 4/64 4/128 6/128 8/256 ) Garansi Resmi Sein",,"2022-Q1"
"https://www.tokopedia.com/ini-toko-budi-shop/samsung-galaxy-a07-4-64-4-128-6-128-8-256-garansi-resmi-sein-1729815001835537895-1735330887460881895?extParam=ivf%3Dtrue%26keyword%3Dsamsung+a07%26search_id%3D2026051013261194F6D7E04A4D452A9TDF%26src%3Dsearch&t_id=1778419236765&t_st=7&t_pp=search_result&t_efo=search_pure_goods_card&t_ef=goods_search&t_sm=&t_spt=search_result","Barangnya original 👍. Ada garansi resmi. Warna sesuai pesanan. Kelengkapan sesuai. Barangnya mulus. Suara jernih. Berfungsi dengan baik. Kemasan disegel. Packaging aman 🙏.","Barangnya original 👍. Ada garansi resmi. Warna sesuai pesanan. Kelengkapan sesuai. Barangnya mulus. Suara jernih. Berfungsi dengan baik. Kemasan disegel. Packaging aman 🙏.","Oxwalker","Indonesia","05-10-2026","02-10-2022","Pants","Barangnya original 👍. Ada garansi resmi. Warna sesuai pesanan. Kelengkapan sesuai. Barangnya mulus. Suara jernih. Berfungsi dengan baik. Kemasan disegel. Packaging aman 🙏.","Barangnya original 👍. Ada garansi resmi. Warna sesuai pesanan. Kelengkapan sesuai. Barangnya mulus. Suara jernih. Berfungsi dengan baik. Kemasan disegel. Packaging aman 🙏.","Unisex",,,"103314079955","Promo Samsung Galaxy A07 ( 4/64 4/128 6/128 8/256 ) Garansi Resmi Sein","Promo Samsung Galaxy A07 ( 4/64 4/128 6/128 8/256 ) Garansi Resmi Sein - A07 4/64 Black, No Bonus Cicil 0% 3x -  - Ini Toko Budi Shop | Tokopedia","Handphone","Android OS","5","597082138","Product Review","",,"Tokopedia","Oxwalker","Promo Samsung Galaxy A07 ( 4/64 4/128 6/128 8/256 ) Garansi Resmi Sein",,"2022-Q1"
"https://www.tokopedia.com/ini-toko-budi-shop/samsung-galaxy-a07-4-64-4-128-6-128-8-256-garansi-resmi-sein-1729815001835537895-1735330887460881895?extParam=ivf%3Dtrue%26keyword%3Dsamsung+a07%26search_id%3D2026051013261194F6D7E04A4D452A9TDF%26src%3Dsearch&t_id=1778419236765&t_st=7&t_pp=search_result&t_efo=search_pure_goods_card&t_ef=goods_search&t_sm=&t_spt=search_result","barang sesuai pesanan, masih segelan, kondisi barang bagus,  cuma di pengiriman dgn menggunakan jnt  lambat, terlambat 2 hari, dan itu sy ambil sendiri di kantor jnt, kalo tdk di ambil sendiri bisa lebih lama","barang sesuai pesanan, masih segelan, kondisi barang bagus,  cuma di pengiriman dgn menggunakan jnt  lambat, terlambat 2 hari, dan itu sy ambil sendiri di kantor jnt, kalo tdk di ambil sendiri bisa lebih lama","Oxwalker","Indonesia","05-10-2026","02-13-2024","Pants","barang sesuai pesanan, masih segelan, kondisi barang bagus,  cuma di pengiriman dgn menggunakan jnt  lambat, terlambat 2 hari, dan itu sy ambil sendiri di kantor jnt, kalo tdk di ambil sendiri bisa lebih lama","barang sesuai pesanan, masih segelan, kondisi barang bagus,  cuma di pengiriman dgn menggunakan jnt  lambat, terlambat 2 hari, dan itu sy ambil sendiri di kantor jnt, kalo tdk di ambil sendiri bisa lebih lama","Unisex",,,"103314079955","Promo Samsung Galaxy A07 ( 4/64 4/128 6/128 8/256 ) Garansi Resmi Sein","Promo Samsung Galaxy A07 ( 4/64 4/128 6/128 8/256 ) Garansi Resmi Sein - A07 4/64 Black, No Bonus Cicil 0% 3x -  - Ini Toko Budi Shop | Tokopedia","Handphone","Android OS","5","1001763827","Product Review","",,"Tokopedia","Oxwalker","Promo Samsung Galaxy A07 ( 4/64 4/128 6/128 8/256 ) Garansi Resmi Sein",,"2024-Q1"
"https://www.tokopedia.com/ini-toko-budi-shop/samsung-galaxy-a07-4-64-4-128-6-128-8-256-garansi-resmi-sein-1729815001835537895-1735330887460881895?extParam=ivf%3Dtrue%26keyword%3Dsamsung+a07%26search_id%3D2026051013261194F6D7E04A4D452A9TDF%26src%3Dsearch&t_id=1778419236765&t_st=7&t_pp=search_result&t_efo=search_pure_goods_card&t_ef=goods_search&t_sm=&t_spt=search_result","mantapppBarangnya original 👍. Ada garansi resmi. Spesifikasi sesuai .","mantapppBarangnya original 👍. Ada garansi resmi. Spesifikasi sesuai .","Oxwalker","Indonesia","05-10-2026","12-12-2021","Pants","mantapppBarangnya original 👍. Ada garansi resmi. Spesifikasi sesuai .","mantapppBarangnya original 👍. Ada garansi resmi. Spesifikasi sesuai .","Unisex",,,"103314079955","Promo Samsung Galaxy A07 ( 4/64 4/128 6/128 8/256 ) Garansi Resmi Sein","Promo Samsung Galaxy A07 ( 4/64 4/128 6/128 8/256 ) Garansi Resmi Sein - A07 4/64 Black, No Bonus Cicil 0% 3x -  - Ini Toko Budi Shop | Tokopedia","Handphone","Android OS","5","546736661","Product Review","",,"Tokopedia","Oxwalker","Promo Samsung Galaxy A07 ( 4/64 4/128 6/128 8/256 ) Garansi Resmi Sein",,"2021-Q4"
"https://www.tokopedia.com/ini-toko-budi-shop/samsung-galaxy-a07-4-64-4-128-6-128-8-256-garansi-resmi-sein-1729815001835537895-1735330887460881895?extParam=ivf%3Dtrue%26keyword%3Dsamsung+a07%26search_id%3D2026051013261194F6D7E04A4D452A9TDF%26src%3Dsearch&t_id=1778419236765&t_st=7&t_pp=search_result&t_efo=search_pure_goods_card&t_ef=goods_search&t_sm=&t_spt=search_result","Barangnya original 👍. Warna sesuai pesanan. Spesifikasi sesuai .","Barangnya original 👍. Warna sesuai pesanan. Spesifikasi sesuai .","Oxwalker","Indonesia","05-10-2026","11-05-2021","Pants","Barangnya original 👍. Warna sesuai pesanan. Spesifikasi sesuai .","Barangnya original 👍. Warna sesuai pesanan. Spesifikasi sesuai .","Unisex",,,"103314079955","Promo Samsung Galaxy A07 ( 4/64 4/128 6/128 8/256 ) Garansi Resmi Sein","Promo Samsung Galaxy A07 ( 4/64 4/128 6/128 8/256 ) Garansi Resmi Sein - A07 4/64 Black, No Bonus Cicil 0% 3x -  - Ini Toko Budi Shop | Tokopedia","Handphone","Android OS","5","516554677","Product Review","",,"Tokopedia","Oxwalker","Promo Samsung Galaxy A07 ( 4/64 4/128 6/128 8/256 ) Garansi Resmi Sein",,"2021-Q4"
"https://www.tokopedia.com/ini-toko-budi-shop/samsung-galaxy-a07-4-64-4-128-6-128-8-256-garansi-resmi-sein-1729815001835537895-1735330887460881895?extParam=ivf%3Dtrue%26keyword%3Dsamsung+a07%26search_id%3D2026051013261194F6D7E04A4D452A9TDF%26src%3Dsearch&t_id=1778419236765&t_st=7&t_pp=search_result&t_efo=search_pure_goods_card&t_ef=goods_search&t_sm=&t_spt=search_result","Barangnya original 👍. Ada garansi resmi. Kemasan disegel. Kelengkapan sesuai. Spesifikasi sesuai . Warna sesuai pesanan. Barangnya mulus. Berfungsi dengan baik.","Barangnya original 👍. Ada garansi resmi. Kemasan disegel. Kelengkapan sesuai. Spesifikasi sesuai . Warna sesuai pesanan. Barangnya mulus. Berfungsi dengan baik.","Oxwalker","Indonesia","05-10-2026","12-14-2021","Pants","Barangnya original 👍. Ada garansi resmi. Kemasan disegel. Kelengkapan sesuai. Spesifikasi sesuai . Warna sesuai pesanan. Barangnya mulus. Berfungsi dengan baik.","Barangnya original 👍. Ada garansi resmi. Kemasan disegel. Kelengkapan sesuai. Spesifikasi sesuai . Warna sesuai pesanan. Barangnya mulus. Berfungsi dengan baik.","Unisex",,,"103314079955","Promo Samsung Galaxy A07 ( 4/64 4/128 6/128 8/256 ) Garansi Resmi Sein","Promo Samsung Galaxy A07 ( 4/64 4/128 6/128 8/256 ) Garansi Resmi Sein - A07 4/64 Black, No Bonus Cicil 0% 3x -  - Ini Toko Budi Shop | Tokopedia","Handphone","Android OS","5","548583858","Product Review","",,"Tokopedia","Oxwalker","Promo Samsung Galaxy A07 ( 4/64 4/128 6/128 8/256 ) Garansi Resmi Sein",,"2021-Q4"
"https://www.tokopedia.com/ini-toko-budi-shop/samsung-galaxy-a07-4-64-4-128-6-128-8-256-garansi-resmi-sein-1729815001835537895-1735330887460881895?extParam=ivf%3Dtrue%26keyword%3Dsamsung+a07%26search_id%3D2026051013261194F6D7E04A4D452A9TDF%26src%3Dsearch&t_id=1778419236765&t_st=7&t_pp=search_result&t_efo=search_pure_goods_card&t_ef=goods_search&t_sm=&t_spt=search_result","pertama x pakai fitur tukar tambah , mantapp proses juga cpt ,, seller nya juga ramah .
barang ok , lumayan tukar tambah ditokped , hrgnya lebih tinggi.","pertama x pakai fitur tukar tambah , mantapp proses juga cpt ,, seller nya juga ramah .
barang ok , lumayan tukar tambah ditokped , hrgnya lebih tinggi.","Oxwalker","Indonesia","05-10-2026","08-31-2021","Pants","pertama x pakai fitur tukar tambah , mantapp proses juga cpt ,, seller nya juga ramah .
barang ok , lumayan tukar tambah ditokped , hrgnya lebih tinggi.","pertama x pakai fitur tukar tambah , mantapp proses juga cpt ,, seller nya juga ramah .
barang ok , lumayan tukar tambah ditokped , hrgnya lebih tinggi.","Unisex",,,"103314079955","Promo Samsung Galaxy A07 ( 4/64 4/128 6/128 8/256 ) Garansi Resmi Sein","Promo Samsung Galaxy A07 ( 4/64 4/128 6/128 8/256 ) Garansi Resmi Sein - A07 4/64 Black, No Bonus Cicil 0% 3x -  - Ini Toko Budi Shop | Tokopedia","Handphone","Android OS","5","466044234","Product Review","",,"Tokopedia","Oxwalker","Promo Samsung Galaxy A07 ( 4/64 4/128 6/128 8/256 ) Garansi Resmi Sein",,"2021-Q3"
"https://www.tokopedia.com/ini-toko-budi-shop/samsung-galaxy-a07-4-64-4-128-6-128-8-256-garansi-resmi-sein-1729815001835537895-1735330887460881895?extParam=ivf%3Dtrue%26keyword%3Dsamsung+a07%26search_id%3D2026051013261194F6D7E04A4D452A9TDF%26src%3Dsearch&t_id=1778419236765&t_st=7&t_pp=search_result&t_efo=search_pure_goods_card&t_ef=goods_search&t_sm=&t_spt=search_result","barang original dan di segel , garansi resmi. Sesuai spesifikasi di deskripsi, berfungsi dengan baik. packing aman bubble wrap. proses dan kiriman cepat. recommended seller.","barang original dan di segel , garansi resmi. Sesuai spesifikasi di deskripsi, berfungsi dengan baik. packing aman bubble wrap. proses dan kiriman cepat. recommended seller.","Oxwalker","Indonesia","05-10-2026","02-12-2022","Pants","barang original dan di segel , garansi resmi. Sesuai spesifikasi di deskripsi, berfungsi dengan baik. packing aman bubble wrap. proses dan kiriman cepat. recommended seller.","barang original dan di segel , garansi resmi. Sesuai spesifikasi di deskripsi, berfungsi dengan baik. packing aman bubble wrap. proses dan kiriman cepat. recommended seller.","Unisex",,,"103314079955","Promo Samsung Galaxy A07 ( 4/64 4/128 6/128 8/256 ) Garansi Resmi Sein","Promo Samsung Galaxy A07 ( 4/64 4/128 6/128 8/256 ) Garansi Resmi Sein - A07 4/64 Black, No Bonus Cicil 0% 3x -  - Ini Toko Budi Shop | Tokopedia","Handphone","Android OS","5","598892621","Product Review","",,"Tokopedia","Oxwalker","Promo Samsung Galaxy A07 ( 4/64 4/128 6/128 8/256 ) Garansi Resmi Sein",,"2022-Q1"
"https://www.tokopedia.com/ini-toko-budi-shop/samsung-galaxy-a07-4-64-4-128-6-128-8-256-garansi-resmi-sein-1729815001835537895-1735330887460881895?extParam=ivf%3Dtrue%26keyword%3Dsamsung+a07%26search_id%3D2026051013261194F6D7E04A4D452A9TDF%26src%3Dsearch&t_id=1778419236765&t_st=7&t_pp=search_result&t_efo=search_pure_goods_card&t_ef=goods_search&t_sm=&t_spt=search_result","Barangnya original 👍. Kemasan disegel. Warna sesuai pesanan. Spesifikasi sesuai . Barangnya mulus. Berfungsi dengan baik. Ada garansi resmi. Baterai awet. Kelengkapan sesuai. Kamera tajam. Suara jernih.","Barangnya original 👍. Kemasan disegel. Warna sesuai pesanan. Spesifikasi sesuai . Barangnya mulus. Berfungsi dengan baik. Ada garansi resmi. Baterai awet. Kelengkapan sesuai. Kamera tajam. Suara jernih.","Oxwalker","Indonesia","05-10-2026","12-12-2021","Pants","Barangnya original 👍. Kemasan disegel. Warna sesuai pesanan. Spesifikasi sesuai . Barangnya mulus. Berfungsi dengan baik. Ada garansi resmi. Baterai awet. Kelengkapan sesuai. Kamera tajam. Suara jernih.","Barangnya original 👍. Kemasan disegel. Warna sesuai pesanan. Spesifikasi sesuai . Barangnya mulus. Berfungsi dengan baik. Ada garansi resmi. Baterai awet. Kelengkapan sesuai. Kamera tajam. Suara jernih.","Unisex",,,"103314079955","Promo Samsung Galaxy A07 ( 4/64 4/128 6/128 8/256 ) Garansi Resmi Sein","Promo Samsung Galaxy A07 ( 4/64 4/128 6/128 8/256 ) Garansi Resmi Sein - A07 4/64 Black, No Bonus Cicil 0% 3x -  - Ini Toko Budi Shop | Tokopedia","Handphone","Android OS","5","546958575","Product Review","",,"Tokopedia","Oxwalker","Promo Samsung Galaxy A07 ( 4/64 4/128 6/128 8/256 ) Garansi Resmi Sein",,"2021-Q4"
"https://www.tokopedia.com/ini-toko-budi-shop/samsung-galaxy-a07-4-64-4-128-6-128-8-256-garansi-resmi-sein-1729815001835537895-1735330887460881895?extParam=ivf%3Dtrue%26keyword%3Dsamsung+a07%26search_id%3D2026051013261194F6D7E04A4D452A9TDF%26src%3Dsearch&t_id=1778419236765&t_st=7&t_pp=search_result&t_efo=search_pure_goods_card&t_ef=goods_search&t_sm=&t_spt=search_result","Barang sudah mendarat dg selamat..mudah2an awet..thanks","Barang sudah mendarat dg selamat..mudah2an awet..thanks","Oxwalker","Indonesia","05-10-2026","11-15-2021","Pants","Barang sudah mendarat dg selamat..mudah2an awet..thanks","Barang sudah mendarat dg selamat..mudah2an awet..thanks","Unisex",,,"103314079955","Promo Samsung Galaxy A07 ( 4/64 4/128 6/128 8/256 ) Garansi Resmi Sein","Promo Samsung Galaxy A07 ( 4/64 4/128 6/128 8/256 ) Garansi Resmi Sein - A07 4/64 Black, No Bonus Cicil 0% 3x -  - Ini Toko Budi Shop | Tokopedia","Handphone","Android OS","5","524651105","Product Review","",,"Tokopedia","Oxwalker","Promo Samsung Galaxy A07 ( 4/64 4/128 6/128 8/256 ) Garansi Resmi Sein",,"2021-Q4"
"https://www.tokopedia.com/ini-toko-budi-shop/samsung-galaxy-a07-4-64-4-128-6-128-8-256-garansi-resmi-sein-1729815001835537895-1735330887460881895?extParam=ivf%3Dtrue%26keyword%3Dsamsung+a07%26search_id%3D2026051013261194F6D7E04A4D452A9TDF%26src%3Dsearch&t_id=1778419236765&t_st=7&t_pp=search_result&t_efo=search_pure_goods_card&t_ef=goods_search&t_sm=&t_spt=search_result","Hp sudah sampai..untuk packing masih kurang safety..semoga Hp awet...terimakasih","Hp sudah sampai..untuk packing masih kurang safety..semoga Hp awet...terimakasih","Oxwalker","Indonesia","05-10-2026","11-12-2021","Pants","Hp sudah sampai..untuk packing masih kurang safety..semoga Hp awet...terimakasih","Hp sudah sampai..untuk packing masih kurang safety..semoga Hp awet...terimakasih","Unisex",,,"103314079955","Promo Samsung Galaxy A07 ( 4/64 4/128 6/128 8/256 ) Garansi Resmi Sein","Promo Samsung Galaxy A07 ( 4/64 4/128 6/128 8/256 ) Garansi Resmi Sein - A07 4/64 Black, No Bonus Cicil 0% 3x -  - Ini Toko Budi Shop | Tokopedia","Handphone","Android OS","5","522506422","Product Review","",,"Tokopedia","Oxwalker","Promo Samsung Galaxy A07 ( 4/64 4/128 6/128 8/256 ) Garansi Resmi Sein",,"2021-Q4"
"https://www.tokopedia.com/ini-toko-budi-shop/samsung-galaxy-a07-4-64-4-128-6-128-8-256-garansi-resmi-sein-1729815001835537895-1735330887460881895?extParam=ivf%3Dtrue%26keyword%3Dsamsung+a07%26search_id%3D2026051013261194F6D7E04A4D452A9TDF%26src%3Dsearch&t_id=1778419236765&t_st=7&t_pp=search_result&t_efo=search_pure_goods_card&t_ef=goods_search&t_sm=&t_spt=search_result","Kemasan disegel. Spesifikasi sesuai . Berfungsi dengan baik. Proses pesanan cepat. Packaging aman 🙏. Packaging rapi. Warna sesuai pesanan. Barangnya original 👍.","Kemasan disegel. Spesifikasi sesuai . Berfungsi dengan baik. Proses pesanan cepat. Packaging aman 🙏. Packaging rapi. Warna sesuai pesanan. Barangnya original 👍.","Oxwalker","Indonesia","05-10-2026","02-09-2022","Pants","Kemasan disegel. Spesifikasi sesuai . Berfungsi dengan baik. Proses pesanan cepat. Packaging aman 🙏. Packaging rapi. Warna sesuai pesanan. Barangnya original 👍.","Kemasan disegel. Spesifikasi sesuai . Berfungsi dengan baik. Proses pesanan cepat. Packaging aman 🙏. Packaging rapi. Warna sesuai pesanan. Barangnya original 👍.","Unisex",,,"103314079955","Promo Samsung Galaxy A07 ( 4/64 4/128 6/128 8/256 ) Garansi Resmi Sein","Promo Samsung Galaxy A07 ( 4/64 4/128 6/128 8/256 ) Garansi Resmi Sein - A07 4/64 Black, No Bonus Cicil 0% 3x -  - Ini Toko Budi Shop | Tokopedia","Handphone","Android OS","5","595521080","Product Review","",,"Tokopedia","Oxwalker","Promo Samsung Galaxy A07 ( 4/64 4/128 6/128 8/256 ) Garansi Resmi Sein",,"2022-Q1"
"https://www.tokopedia.com/ini-toko-budi-shop/samsung-galaxy-a07-4-64-4-128-6-128-8-256-garansi-resmi-sein-1729815001835537895-1735330887460881895?extParam=ivf%3Dtrue%26keyword%3Dsamsung+a07%26search_id%3D2026051013261194F6D7E04A4D452A9TDF%26src%3Dsearch&t_id=1778419236765&t_st=7&t_pp=search_result&t_efo=search_pure_goods_card&t_ef=goods_search&t_sm=&t_spt=search_result","Barangnya original 👍. Kemasan disegel. Spesifikasi sesuai . Warna sesuai pesanan. Proses pesanan cepat. Packaging aman 🙏.","Barangnya original 👍. Kemasan disegel. Spesifikasi sesuai . Warna sesuai pesanan. Proses pesanan cepat. Packaging aman 🙏.","Oxwalker","Indonesia","05-10-2026","01-30-2022","Pants","Barangnya original 👍. Kemasan disegel. Spesifikasi sesuai . Warna sesuai pesanan. Proses pesanan cepat. Packaging aman 🙏.","Barangnya original 👍. Kemasan disegel. Spesifikasi sesuai . Warna sesuai pesanan. Proses pesanan cepat. Packaging aman 🙏.","Unisex",,,"103314079955","Promo Samsung Galaxy A07 ( 4/64 4/128 6/128 8/256 ) Garansi Resmi Sein","Promo Samsung Galaxy A07 ( 4/64 4/128 6/128 8/256 ) Garansi Resmi Sein - A07 4/64 Black, No Bonus Cicil 0% 3x -  - Ini Toko Budi Shop | Tokopedia","Handphone","Android OS","5","587145077","Product Review","",,"Tokopedia","Oxwalker","Promo Samsung Galaxy A07 ( 4/64 4/128 6/128 8/256 ) Garansi Resmi Sein",,"2022-Q1"
"https://www.tokopedia.com/ini-toko-budi-shop/samsung-galaxy-a07-4-64-4-128-6-128-8-256-garansi-resmi-sein-1729815001835537895-1735330887460881895?extParam=ivf%3Dtrue%26keyword%3Dsamsung+a07%26search_id%3D2026051013261194F6D7E04A4D452A9TDF%26src%3Dsearch&t_id=1778419236765&t_st=7&t_pp=search_result&t_efo=search_pure_goods_card&t_ef=goods_search&t_sm=&t_spt=search_result","pesanan diterima. produk ori resmi sesuai pesanan. respon dan proses cepat harga bersahabat. terima kasih.","pesanan diterima. produk ori resmi sesuai pesanan. respon dan proses cepat harga bersahabat. terima kasih.","Oxwalker","Indonesia","05-10-2026","12-25-2021","Pants","pesanan diterima. produk ori resmi sesuai pesanan. respon dan proses cepat harga bersahabat. terima kasih.","pesanan diterima. produk ori resmi sesuai pesanan. respon dan proses cepat harga bersahabat. terima kasih.","Unisex",,,"103314079955","Promo Samsung Galaxy A07 ( 4/64 4/128 6/128 8/256 ) Garansi Resmi Sein","Promo Samsung Galaxy A07 ( 4/64 4/128 6/128 8/256 ) Garansi Resmi Sein - A07 4/64 Black, No Bonus Cicil 0% 3x -  - Ini Toko Budi Shop | Tokopedia","Handphone","Android OS","5","557649579","Product Review","",,"Tokopedia","Oxwalker","Promo Samsung Galaxy A07 ( 4/64 4/128 6/128 8/256 ) Garansi Resmi Sein",,"2021-Q4"
"https://www.tokopedia.com/ini-toko-budi-shop/samsung-galaxy-a07-4-64-4-128-6-128-8-256-garansi-resmi-sein-1729815001835537895-1735330887460881895?extParam=ivf%3Dtrue%26keyword%3Dsamsung+a07%26search_id%3D2026051013261194F6D7E04A4D452A9TDF%26src%3Dsearch&t_id=1778419236765&t_st=7&t_pp=search_result&t_efo=search_pure_goods_card&t_ef=goods_search&t_sm=&t_spt=search_result","Barang ori, resmi garansi SEIN. Mantab segel utuh.","Barang ori, resmi garansi SEIN. Mantab segel utuh.","Oxwalker","Indonesia","05-10-2026","09-01-2021","Pants","Barang ori, resmi garansi SEIN. Mantab segel utuh.","Barang ori, resmi garansi SEIN. Mantab segel utuh.","Unisex",,,"103314079955","Promo Samsung Galaxy A07 ( 4/64 4/128 6/128 8/256 ) Garansi Resmi Sein","Promo Samsung Galaxy A07 ( 4/64 4/128 6/128 8/256 ) Garansi Resmi Sein - A07 4/64 Black, No Bonus Cicil 0% 3x -  - Ini Toko Budi Shop | Tokopedia","Handphone","Android OS","5","467233806","Product Review","",,"Tokopedia","Oxwalker","Promo Samsung Galaxy A07 ( 4/64 4/128 6/128 8/256 ) Garansi Resmi Sein",,"2021-Q3"
"https://www.tokopedia.com/ini-toko-budi-shop/samsung-galaxy-a07-4-64-4-128-6-128-8-256-garansi-resmi-sein-1729815001835537895-1735330887460881895?extParam=ivf%3Dtrue%26keyword%3Dsamsung+a07%26search_id%3D2026051013261194F6D7E04A4D452A9TDF%26src%3Dsearch&t_id=1778419236765&t_st=7&t_pp=search_result&t_efo=search_pure_goods_card&t_ef=goods_search&t_sm=&t_spt=search_result","Barangnya original 👍. Spesifikasi sesuai . Warna sesuai pesanan. Kemasan disegel. Ada garansi resmi. Barangnya mulus. Kelengkapan sesuai. Kamera tajam. Berfungsi dengan baik. Baterai awet. Suara jernih.","Barangnya original 👍. Spesifikasi sesuai . Warna sesuai pesanan. Kemasan disegel. Ada garansi resmi. Barangnya mulus. Kelengkapan sesuai. Kamera tajam. Berfungsi dengan baik. Baterai awet. Suara jernih.","Oxwalker","Indonesia","05-10-2026","11-02-2021","Pants","Barangnya original 👍. Spesifikasi sesuai . Warna sesuai pesanan. Kemasan disegel. Ada garansi resmi. Barangnya mulus. Kelengkapan sesuai. Kamera tajam. Berfungsi dengan baik. Baterai awet. Suara jernih.","Barangnya original 👍. Spesifikasi sesuai . Warna sesuai pesanan. Kemasan disegel. Ada garansi resmi. Barangnya mulus. Kelengkapan sesuai. Kamera tajam. Berfungsi dengan baik. Baterai awet. Suara jernih.","Unisex",,,"103314079955","Promo Samsung Galaxy A07 ( 4/64 4/128 6/128 8/256 ) Garansi Resmi Sein","Promo Samsung Galaxy A07 ( 4/64 4/128 6/128 8/256 ) Garansi Resmi Sein - A07 4/64 Black, No Bonus Cicil 0% 3x -  - Ini Toko Budi Shop | Tokopedia","Handphone","Android OS","5","513724253","Product Review","",,"Tokopedia","Oxwalker","Promo Samsung Galaxy A07 ( 4/64 4/128 6/128 8/256 ) Garansi Resmi Sein",,"2021-Q4"
"https://www.tokopedia.com/ini-toko-budi-shop/samsung-galaxy-a07-4-64-4-128-6-128-8-256-garansi-resmi-sein-1729815001835537895-1735330887460881895?extParam=ivf%3Dtrue%26keyword%3Dsamsung+a07%26search_id%3D2026051013261194F6D7E04A4D452A9TDF%26src%3Dsearch&t_id=1778419236765&t_st=7&t_pp=search_result&t_efo=search_pure_goods_card&t_ef=goods_search&t_sm=&t_spt=search_result","barang tiba di Minahasa dengan baik. puas belanja di tempat ini. terima kasih bos..","barang tiba di Minahasa dengan baik. puas belanja di tempat ini. terima kasih bos..","Oxwalker","Indonesia","05-10-2026","12-22-2021","Pants","barang tiba di Minahasa dengan baik. puas belanja di tempat ini. terima kasih bos..","barang tiba di Minahasa dengan baik. puas belanja di tempat ini. terima kasih bos..","Unisex",,,"103314079955","Promo Samsung Galaxy A07 ( 4/64 4/128 6/128 8/256 ) Garansi Resmi Sein","Promo Samsung Galaxy A07 ( 4/64 4/128 6/128 8/256 ) Garansi Resmi Sein - A07 4/64 Black, No Bonus Cicil 0% 3x -  - Ini Toko Budi Shop | Tokopedia","Handphone","Android OS","5","555140766","Product Review","",,"Tokopedia","Oxwalker","Promo Samsung Galaxy A07 ( 4/64 4/128 6/128 8/256 ) Garansi Resmi Sein",,"2021-Q4"
"https://www.tokopedia.com/ini-toko-budi-shop/samsung-galaxy-a07-4-64-4-128-6-128-8-256-garansi-resmi-sein-1729815001835537895-1735330887460881895?extParam=ivf%3Dtrue%26keyword%3Dsamsung+a07%26search_id%3D2026051013261194F6D7E04A4D452A9TDF%26src%3Dsearch&t_id=1778419236765&t_st=7&t_pp=search_result&t_efo=search_pure_goods_card&t_ef=goods_search&t_sm=&t_spt=search_result","Kemasan disegel. Barangnya original 👍. Kelengkapan sesuai. Warna sesuai pesanan. Barangnya mulus. Berfungsi dengan baik. Spesifikasi sesuai .","Kemasan disegel. Barangnya original 👍. Kelengkapan sesuai. Warna sesuai pesanan. Barangnya mulus. Berfungsi dengan baik. Spesifikasi sesuai .","Oxwalker","Indonesia","05-10-2026","02-11-2022","Pants","Kemasan disegel. Barangnya original 👍. Kelengkapan sesuai. Warna sesuai pesanan. Barangnya mulus. Berfungsi dengan baik. Spesifikasi sesuai .","Kemasan disegel. Barangnya original 👍. Kelengkapan sesuai. Warna sesuai pesanan. Barangnya mulus. Berfungsi dengan baik. Spesifikasi sesuai .","Unisex",,,"103314079955","Promo Samsung Galaxy A07 ( 4/64 4/128 6/128 8/256 ) Garansi Resmi Sein","Promo Samsung Galaxy A07 ( 4/64 4/128 6/128 8/256 ) Garansi Resmi Sein - A07 4/64 Black, No Bonus Cicil 0% 3x -  - Ini Toko Budi Shop | Tokopedia","Handphone","Android OS","5","597884614","Product Review","",,"Tokopedia","Oxwalker","Promo Samsung Galaxy A07 ( 4/64 4/128 6/128 8/256 ) Garansi Resmi Sein",,"2022-Q1"
"https://www.tokopedia.com/ini-toko-budi-shop/samsung-galaxy-a07-4-64-4-128-6-128-8-256-garansi-resmi-sein-1729815001835537895-1735330887460881895?extParam=ivf%3Dtrue%26keyword%3Dsamsung+a07%26search_id%3D2026051013261194F6D7E04A4D452A9TDF%26src%3Dsearch&t_id=1778419236765&t_st=7&t_pp=search_result&t_efo=search_pure_goods_card&t_ef=goods_search&t_sm=&t_spt=search_result","Barangnya original 👍. Spesifikasi sesuai . Barangnya mulus.","Barangnya original 👍. Spesifikasi sesuai . Barangnya mulus.","Oxwalker","Indonesia","05-10-2026","11-14-2021","Pants","Barangnya original 👍. Spesifikasi sesuai . Barangnya mulus.","Barangnya original 👍. Spesifikasi sesuai . Barangnya mulus.","Unisex",,,"103314079955","Promo Samsung Galaxy A07 ( 4/64 4/128 6/128 8/256 ) Garansi Resmi Sein","Promo Samsung Galaxy A07 ( 4/64 4/128 6/128 8/256 ) Garansi Resmi Sein - A07 4/64 Black, No Bonus Cicil 0% 3x -  - Ini Toko Budi Shop | Tokopedia","Handphone","Android OS","5","523773750","Product Review","",,"Tokopedia","Oxwalker","Promo Samsung Galaxy A07 ( 4/64 4/128 6/128 8/256 ) Garansi Resmi Sein",,"2021-Q4"
"https://www.tokopedia.com/ini-toko-budi-shop/samsung-galaxy-a07-4-64-4-128-6-128-8-256-garansi-resmi-sein-1729815001835537895-1735330887460881895?extParam=ivf%3Dtrue%26keyword%3Dsamsung+a07%26search_id%3D2026051013261194F6D7E04A4D452A9TDF%26src%3Dsearch&t_id=1778419236765&t_st=7&t_pp=search_result&t_efo=search_pure_goods_card&t_ef=goods_search&t_sm=&t_spt=search_result","Barangnya original 👍. Spesifikasi sesuai . Warna sesuai pesanan. Berfungsi dengan baik. Kemasan disegel. semoga awet..terimakasih","Barangnya original 👍. Spesifikasi sesuai . Warna sesuai pesanan. Berfungsi dengan baik. Kemasan disegel. semoga awet..terimakasih","Oxwalker","Indonesia","05-10-2026","12-13-2021","Pants","Barangnya original 👍. Spesifikasi sesuai . Warna sesuai pesanan. Berfungsi dengan baik. Kemasan disegel. semoga awet..terimakasih","Barangnya original 👍. Spesifikasi sesuai . Warna sesuai pesanan. Berfungsi dengan baik. Kemasan disegel. semoga awet..terimakasih","Unisex",,,"103314079955","Promo Samsung Galaxy A07 ( 4/64 4/128 6/128 8/256 ) Garansi Resmi Sein","Promo Samsung Galaxy A07 ( 4/64 4/128 6/128 8/256 ) Garansi Resmi Sein - A07 4/64 Black, No Bonus Cicil 0% 3x -  - Ini Toko Budi Shop | Tokopedia","Handphone","Android OS","5","547692007","Product Review","",,"Tokopedia","Oxwalker","Promo Samsung Galaxy A07 ( 4/64 4/128 6/128 8/256 ) Garansi Resmi Sein",,"2021-Q4"
"https://www.tokopedia.com/ini-toko-budi-shop/samsung-galaxy-a07-4-64-4-128-6-128-8-256-garansi-resmi-sein-1729815001835537895-1735330887460881895?extParam=ivf%3Dtrue%26keyword%3Dsamsung+a07%26search_id%3D2026051013261194F6D7E04A4D452A9TDF%26src%3Dsearch&t_id=1778419236765&t_st=7&t_pp=search_result&t_efo=search_pure_goods_card&t_ef=goods_search&t_sm=&t_spt=search_result","Pengiriman cepat. Harga terbaik 👍👍Barangnya original 👍. Ada garansi resmi. Kemasan disegel.","Pengiriman cepat. Harga terbaik 👍👍Barangnya original 👍. Ada garansi resmi. Kemasan disegel.","Oxwalker","Indonesia","05-10-2026","01-04-2022","Pants","Pengiriman cepat. Harga terbaik 👍👍Barangnya original 👍. Ada garansi resmi. Kemasan disegel.","Pengiriman cepat. Harga terbaik 👍👍Barangnya original 👍. Ada garansi resmi. Kemasan disegel.","Unisex",,,"103314079955","Promo Samsung Galaxy A07 ( 4/64 4/128 6/128 8/256 ) Garansi Resmi Sein","Promo Samsung Galaxy A07 ( 4/64 4/128 6/128 8/256 ) Garansi Resmi Sein - A07 4/64 Black, No Bonus Cicil 0% 3x -  - Ini Toko Budi Shop | Tokopedia","Handphone","Android OS","5","565924639","Product Review","",,"Tokopedia","Oxwalker","Promo Samsung Galaxy A07 ( 4/64 4/128 6/128 8/256 ) Garansi Resmi Sein",,"2022-Q1"
"https://www.tokopedia.com/ini-toko-budi-shop/samsung-galaxy-a07-4-64-4-128-6-128-8-256-garansi-resmi-sein-1729815001835537895-1735330887460881895?extParam=ivf%3Dtrue%26keyword%3Dsamsung+a07%26search_id%3D2026051013261194F6D7E04A4D452A9TDF%26src%3Dsearch&t_id=1778419236765&t_st=7&t_pp=search_result&t_efo=search_pure_goods_card&t_ef=goods_search&t_sm=&t_spt=search_result","Barangnya original 👍. Ada garansi resmi. Spesifikasi sesuai . Warna sesuai pesanan.","Barangnya original 👍. Ada garansi resmi. Spesifikasi sesuai . Warna sesuai pesanan.","Oxwalker","Indonesia","05-10-2026","12-25-2021","Pants","Barangnya original 👍. Ada garansi resmi. Spesifikasi sesuai . Warna sesuai pesanan.","Barangnya original 👍. Ada garansi resmi. Spesifikasi sesuai . Warna sesuai pesanan.","Unisex",,,"103314079955","Promo Samsung Galaxy A07 ( 4/64 4/128 6/128 8/256 ) Garansi Resmi Sein","Promo Samsung Galaxy A07 ( 4/64 4/128 6/128 8/256 ) Garansi Resmi Sein - A07 4/64 Black, No Bonus Cicil 0% 3x -  - Ini Toko Budi Shop | Tokopedia","Handphone","Android OS","5","557885367","Product Review","",,"Tokopedia","Oxwalker","Promo Samsung Galaxy A07 ( 4/64 4/128 6/128 8/256 ) Garansi Resmi Sein",,"2021-Q4"
"https://www.tokopedia.com/ini-toko-budi-shop/samsung-galaxy-a07-4-64-4-128-6-128-8-256-garansi-resmi-sein-1729815001835537895-1735330887460881895?extParam=ivf%3Dtrue%26keyword%3Dsamsung+a07%26search_id%3D2026051013261194F6D7E04A4D452A9TDF%26src%3Dsearch&t_id=1778419236765&t_st=7&t_pp=search_result&t_efo=search_pure_goods_card&t_ef=goods_search&t_sm=&t_spt=search_result","Barangnya original 👍. Spesifikasi sesuai . Warna sesuai pesanan.","Barangnya original 👍. Spesifikasi sesuai . Warna sesuai pesanan.","Oxwalker","Indonesia","05-10-2026","12-25-2021","Pants","Barangnya original 👍. Spesifikasi sesuai . Warna sesuai pesanan.","Barangnya original 👍. Spesifikasi sesuai . Warna sesuai pesanan.","Unisex",,,"103314079955","Promo Samsung Galaxy A07 ( 4/64 4/128 6/128 8/256 ) Garansi Resmi Sein","Promo Samsung Galaxy A07 ( 4/64 4/128 6/128 8/256 ) Garansi Resmi Sein - A07 4/64 Black, No Bonus Cicil 0% 3x -  - Ini Toko Budi Shop | Tokopedia","Handphone","Android OS","5","557885605","Product Review","",,"Tokopedia","Oxwalker","Promo Samsung Galaxy A07 ( 4/64 4/128 6/128 8/256 ) Garansi Resmi Sein",,"2021-Q4"
"https://www.tokopedia.com/ini-toko-budi-shop/samsung-galaxy-a07-4-64-4-128-6-128-8-256-garansi-resmi-sein-1729815001835537895-1735330887460881895?extParam=ivf%3Dtrue%26keyword%3Dsamsung+a07%26search_id%3D2026051013261194F6D7E04A4D452A9TDF%26src%3Dsearch&t_id=1778419236765&t_st=7&t_pp=search_result&t_efo=search_pure_goods_card&t_ef=goods_search&t_sm=&t_spt=search_result","Sukak banget Terima kasih buat mbak ku dan adik ku juga😍😍😍","Sukak banget Terima kasih buat mbak ku dan adik ku juga😍😍😍","Oxwalker","Indonesia","05-10-2026","04-03-2026","Pants","Sukak banget Terima kasih buat mbak ku dan adik ku juga😍😍😍","Sukak banget Terima kasih buat mbak ku dan adik ku juga😍😍😍","Unisex",,,"103314079955","Promo Samsung Galaxy A07 ( 4/64 4/128 6/128 8/256 ) Garansi Resmi Sein","Promo Samsung Galaxy A07 ( 4/64 4/128 6/128 8/256 ) Garansi Resmi Sein - A07 4/64 Black, No Bonus Cicil 0% 3x -  - Ini Toko Budi Shop | Tokopedia","Handphone","Android OS","5","2027050484","Product Review","",,"Tokopedia","Oxwalker","Promo Samsung Galaxy A07 ( 4/64 4/128 6/128 8/256 ) Garansi Resmi Sein",,"2026-Q2"
"https://www.tokopedia.com/ini-toko-budi-shop/samsung-galaxy-a07-4-64-4-128-6-128-8-256-garansi-resmi-sein-1729815001835537895-1735330887460881895?extParam=ivf%3Dtrue%26keyword%3Dsamsung+a07%26search_id%3D2026051013261194F6D7E04A4D452A9TDF%26src%3Dsearch&t_id=1778419236765&t_st=7&t_pp=search_result&t_efo=search_pure_goods_card&t_ef=goods_search&t_sm=&t_spt=search_result","harga nya murah, packing nya aman, admin nya ramah dan fast respon. terimakasih !!","harga nya murah, packing nya aman, admin nya ramah dan fast respon. terimakasih !!","Oxwalker","Indonesia","05-10-2026","07-01-2024","Pants","harga nya murah, packing nya aman, admin nya ramah dan fast respon. terimakasih !!","harga nya murah, packing nya aman, admin nya ramah dan fast respon. terimakasih !!","Unisex",,,"103314079955","Promo Samsung Galaxy A07 ( 4/64 4/128 6/128 8/256 ) Garansi Resmi Sein","Promo Samsung Galaxy A07 ( 4/64 4/128 6/128 8/256 ) Garansi Resmi Sein - A07 4/64 Black, No Bonus Cicil 0% 3x -  - Ini Toko Budi Shop | Tokopedia","Handphone","Android OS","5","1059811124","Product Review","",,"Tokopedia","Oxwalker","Promo Samsung Galaxy A07 ( 4/64 4/128 6/128 8/256 ) Garansi Resmi Sein",,"2024-Q3"
"https://www.tokopedia.com/ini-toko-budi-shop/samsung-galaxy-a07-4-64-4-128-6-128-8-256-garansi-resmi-sein-1729815001835537895-1735330887460881895?extParam=ivf%3Dtrue%26keyword%3Dsamsung+a07%26search_id%3D2026051013261194F6D7E04A4D452A9TDF%26src%3Dsearch&t_id=1778419236765&t_st=7&t_pp=search_result&t_efo=search_pure_goods_card&t_ef=goods_search&t_sm=&t_spt=search_result","●Fast respon 
●pengiriman cepat 
●penjual ramah
●product recommended 👍🏼 
●harga cukup murah","●Fast respon 
●pengiriman cepat 
●penjual ramah
●product recommended 👍🏼 
●harga cukup murah","Oxwalker","Indonesia","05-10-2026","04-18-2024","Pants","●Fast respon 
●pengiriman cepat 
●penjual ramah
●product recommended 👍🏼 
●harga cukup murah","●Fast respon 
●pengiriman cepat 
●penjual ramah
●product recommended 👍🏼 
●harga cukup murah","Unisex",,,"103314079955","Promo Samsung Galaxy A07 ( 4/64 4/128 6/128 8/256 ) Garansi Resmi Sein","Promo Samsung Galaxy A07 ( 4/64 4/128 6/128 8/256 ) Garansi Resmi Sein - A07 4/64 Black, No Bonus Cicil 0% 3x -  - Ini Toko Budi Shop | Tokopedia","Handphone","Android OS","5","1029420647","Product Review","",,"Tokopedia","Oxwalker","Promo Samsung Galaxy A07 ( 4/64 4/128 6/128 8/256 ) Garansi Resmi Sein",,"2024-Q2"
"https://www.tokopedia.com/ini-toko-budi-shop/samsung-galaxy-a07-4-64-4-128-6-128-8-256-garansi-resmi-sein-1729815001835537895-1735330887460881895?extParam=ivf%3Dtrue%26keyword%3Dsamsung+a07%26search_id%3D2026051013261194F6D7E04A4D452A9TDF%26src%3Dsearch&t_id=1778419236765&t_st=7&t_pp=search_result&t_efo=search_pure_goods_card&t_ef=goods_search&t_sm=&t_spt=search_result","Alhamdulillah memuaskan.... hp sudah dipakai per hari ini tak ada kendala....mksh toko budi","Alhamdulillah memuaskan.... hp sudah dipakai per hari ini tak ada kendala....mksh toko budi","Oxwalker","Indonesia","05-10-2026","05-08-2024","Pants","Alhamdulillah memuaskan.... hp sudah dipakai per hari ini tak ada kendala....mksh toko budi","Alhamdulillah memuaskan.... hp sudah dipakai per hari ini tak ada kendala....mksh toko budi","Unisex",,,"103314079955","Promo Samsung Galaxy A07 ( 4/64 4/128 6/128 8/256 ) Garansi Resmi Sein","Promo Samsung Galaxy A07 ( 4/64 4/128 6/128 8/256 ) Garansi Resmi Sein - A07 4/64 Black, No Bonus Cicil 0% 3x -  - Ini Toko Budi Shop | Tokopedia","Handphone","Android OS","5","1037333073","Product Review","",,"Tokopedia","Oxwalker","Promo Samsung Galaxy A07 ( 4/64 4/128 6/128 8/256 ) Garansi Resmi Sein",,"2024-Q2"
"https://www.tokopedia.com/ini-toko-budi-shop/samsung-galaxy-a07-4-64-4-128-6-128-8-256-garansi-resmi-sein-1729815001835537895-1735330887460881895?extParam=ivf%3Dtrue%26keyword%3Dsamsung+a07%26search_id%3D2026051013261194F6D7E04A4D452A9TDF%26src%3Dsearch&t_id=1778419236765&t_st=7&t_pp=search_result&t_efo=search_pure_goods_card&t_ef=goods_search&t_sm=&t_spt=search_result","Barang masih tersegel, diterima dengan baik. Respon seller cepat","Barang masih tersegel, diterima dengan baik. Respon seller cepat","Oxwalker","Indonesia","05-10-2026","05-10-2024","Pants","Barang masih tersegel, diterima dengan baik. Respon seller cepat","Barang masih tersegel, diterima dengan baik. Respon seller cepat","Unisex",,,"103314079955","Promo Samsung Galaxy A07 ( 4/64 4/128 6/128 8/256 ) Garansi Resmi Sein","Promo Samsung Galaxy A07 ( 4/64 4/128 6/128 8/256 ) Garansi Resmi Sein - A07 4/64 Black, No Bonus Cicil 0% 3x -  - Ini Toko Budi Shop | Tokopedia","Handphone","Android OS","5","1037905416","Product Review","",,"Tokopedia","Oxwalker","Promo Samsung Galaxy A07 ( 4/64 4/128 6/128 8/256 ) Garansi Resmi Sein",,"2024-Q2"
"https://www.tokopedia.com/ini-toko-budi-shop/samsung-galaxy-a07-4-64-4-128-6-128-8-256-garansi-resmi-sein-1729815001835537895-1735330887460881895?extParam=ivf%3Dtrue%26keyword%3Dsamsung+a07%26search_id%3D2026051013261194F6D7E04A4D452A9TDF%26src%3Dsearch&t_id=1778419236765&t_st=7&t_pp=search_result&t_efo=search_pure_goods_card&t_ef=goods_search&t_sm=&t_spt=search_result","kirim same day terkirim tepat waktu fisik barang aman","kirim same day terkirim tepat waktu fisik barang aman","Oxwalker","Indonesia","05-10-2026","06-30-2024","Pants","kirim same day terkirim tepat waktu fisik barang aman","kirim same day terkirim tepat waktu fisik barang aman","Unisex",,,"103314079955","Promo Samsung Galaxy A07 ( 4/64 4/128 6/128 8/256 ) Garansi Resmi Sein","Promo Samsung Galaxy A07 ( 4/64 4/128 6/128 8/256 ) Garansi Resmi Sein - A07 4/64 Black, No Bonus Cicil 0% 3x -  - Ini Toko Budi Shop | Tokopedia","Handphone","Android OS","5","1059394138","Product Review","",,"Tokopedia","Oxwalker","Promo Samsung Galaxy A07 ( 4/64 4/128 6/128 8/256 ) Garansi Resmi Sein",,"2024-Q2"
"https://www.tokopedia.com/ini-toko-budi-shop/samsung-galaxy-a07-4-64-4-128-6-128-8-256-garansi-resmi-sein-1729815001835537895-1735330887460881895?extParam=ivf%3Dtrue%26keyword%3Dsamsung+a07%26search_id%3D2026051013261194F6D7E04A4D452A9TDF%26src%3Dsearch&t_id=1778419236765&t_st=7&t_pp=search_result&t_efo=search_pure_goods_card&t_ef=goods_search&t_sm=&t_spt=search_result","mantaaap.
respon seller sangat cepat .. kualitas HP juga oke... pokok nya mantaaap","mantaaap.
respon seller sangat cepat .. kualitas HP juga oke... pokok nya mantaaap","Oxwalker","Indonesia","05-10-2026","07-01-2024","Pants","mantaaap.
respon seller sangat cepat .. kualitas HP juga oke... pokok nya mantaaap","mantaaap.
respon seller sangat cepat .. kualitas HP juga oke... pokok nya mantaaap","Unisex",,,"103314079955","Promo Samsung Galaxy A07 ( 4/64 4/128 6/128 8/256 ) Garansi Resmi Sein","Promo Samsung Galaxy A07 ( 4/64 4/128 6/128 8/256 ) Garansi Resmi Sein - A07 4/64 Black, No Bonus Cicil 0% 3x -  - Ini Toko Budi Shop | Tokopedia","Handphone","Android OS","5","1059968613","Product Review","",,"Tokopedia","Oxwalker","Promo Samsung Galaxy A07 ( 4/64 4/128 6/128 8/256 ) Garansi Resmi Sein",,"2024-Q3"
"https://www.tokopedia.com/ini-toko-budi-shop/samsung-galaxy-a07-4-64-4-128-6-128-8-256-garansi-resmi-sein-1729815001835537895-1735330887460881895?extParam=ivf%3Dtrue%26keyword%3Dsamsung+a07%26search_id%3D2026051013261194F6D7E04A4D452A9TDF%26src%3Dsearch&t_id=1778419236765&t_st=7&t_pp=search_result&t_efo=search_pure_goods_card&t_ef=goods_search&t_sm=&t_spt=search_result","Top.... recomended seller.... jangan ragu belanja di sini... amanah.... good...","Top.... recomended seller.... jangan ragu belanja di sini... amanah.... good...","Oxwalker","Indonesia","05-10-2026","09-19-2025","Pants","Top.... recomended seller.... jangan ragu belanja di sini... amanah.... good...","Top.... recomended seller.... jangan ragu belanja di sini... amanah.... good...","Unisex",,,"103314079955","Promo Samsung Galaxy A07 ( 4/64 4/128 6/128 8/256 ) Garansi Resmi Sein","Promo Samsung Galaxy A07 ( 4/64 4/128 6/128 8/256 ) Garansi Resmi Sein - A07 4/64 Black, No Bonus Cicil 0% 3x -  - Ini Toko Budi Shop | Tokopedia","Handphone","Android OS","5","1684165075","Product Review","",,"Tokopedia","Oxwalker","Promo Samsung Galaxy A07 ( 4/64 4/128 6/128 8/256 ) Garansi Resmi Sein",,"2025-Q3"
"https://www.tokopedia.com/ini-toko-budi-shop/samsung-galaxy-a07-4-64-4-128-6-128-8-256-garansi-resmi-sein-1729815001835537895-1735330887460881895?extParam=ivf%3Dtrue%26keyword%3Dsamsung+a07%26search_id%3D2026051013261194F6D7E04A4D452A9TDF%26src%3Dsearch&t_id=1778419236765&t_st=7&t_pp=search_result&t_efo=search_pure_goods_card&t_ef=goods_search&t_sm=&t_spt=search_result","mendarat dengan selamat, seller amanah, pengiriman cepat. thanks","mendarat dengan selamat, seller amanah, pengiriman cepat. thanks","Oxwalker","Indonesia","05-10-2026","03-22-2024","Pants","mendarat dengan selamat, seller amanah, pengiriman cepat. thanks","mendarat dengan selamat, seller amanah, pengiriman cepat. thanks","Unisex",,,"103314079955","Promo Samsung Galaxy A07 ( 4/64 4/128 6/128 8/256 ) Garansi Resmi Sein","Promo Samsung Galaxy A07 ( 4/64 4/128 6/128 8/256 ) Garansi Resmi Sein - A07 4/64 Black, No Bonus Cicil 0% 3x -  - Ini Toko Budi Shop | Tokopedia","Handphone","Android OS","5","1017687296","Product Review","",,"Tokopedia","Oxwalker","Promo Samsung Galaxy A07 ( 4/64 4/128 6/128 8/256 ) Garansi Resmi Sein",,"2024-Q1"
"https://www.tokopedia.com/ini-toko-budi-shop/samsung-galaxy-a07-4-64-4-128-6-128-8-256-garansi-resmi-sein-1729815001835537895-1735330887460881895?extParam=ivf%3Dtrue%26keyword%3Dsamsung+a07%26search_id%3D2026051013261194F6D7E04A4D452A9TDF%26src%3Dsearch&t_id=1778419236765&t_st=7&t_pp=search_result&t_efo=search_pure_goods_card&t_ef=goods_search&t_sm=&t_spt=search_result","toko ini SUPER DUPER kerennnnn!👍🏻👍🏻👍🏻","toko ini SUPER DUPER kerennnnn!👍🏻👍🏻👍🏻","Oxwalker","Indonesia","05-10-2026","05-23-2024","Pants","toko ini SUPER DUPER kerennnnn!👍🏻👍🏻👍🏻","toko ini SUPER DUPER kerennnnn!👍🏻👍🏻👍🏻","Unisex",,,"103314079955","Promo Samsung Galaxy A07 ( 4/64 4/128 6/128 8/256 ) Garansi Resmi Sein","Promo Samsung Galaxy A07 ( 4/64 4/128 6/128 8/256 ) Garansi Resmi Sein - A07 4/64 Black, No Bonus Cicil 0% 3x -  - Ini Toko Budi Shop | Tokopedia","Handphone","Android OS","5","1043504992","Product Review","",,"Tokopedia","Oxwalker","Promo Samsung Galaxy A07 ( 4/64 4/128 6/128 8/256 ) Garansi Resmi Sein",,"2024-Q2"
"https://www.tokopedia.com/ini-toko-budi-shop/samsung-galaxy-a07-4-64-4-128-6-128-8-256-garansi-resmi-sein-1729815001835537895-1735330887460881895?extParam=ivf%3Dtrue%26keyword%3Dsamsung+a07%26search_id%3D2026051013261194F6D7E04A4D452A9TDF%26src%3Dsearch&t_id=1778419236765&t_st=7&t_pp=search_result&t_efo=search_pure_goods_card&t_ef=goods_search&t_sm=&t_spt=search_result","barang masih segel ada garansi resmi mantap terima kasih","barang masih segel ada garansi resmi mantap terima kasih","Oxwalker","Indonesia","05-10-2026","07-07-2024","Pants","barang masih segel ada garansi resmi mantap terima kasih","barang masih segel ada garansi resmi mantap terima kasih","Unisex",,,"103314079955","Promo Samsung Galaxy A07 ( 4/64 4/128 6/128 8/256 ) Garansi Resmi Sein","Promo Samsung Galaxy A07 ( 4/64 4/128 6/128 8/256 ) Garansi Resmi Sein - A07 4/64 Black, No Bonus Cicil 0% 3x -  - Ini Toko Budi Shop | Tokopedia","Handphone","Android OS","5","1062878229","Product Review","",,"Tokopedia","Oxwalker","Promo Samsung Galaxy A07 ( 4/64 4/128 6/128 8/256 ) Garansi Resmi Sein",,"2024-Q3"
"https://www.tokopedia.com/ini-toko-budi-shop/samsung-galaxy-a07-4-64-4-128-6-128-8-256-garansi-resmi-sein-1729815001835537895-1735330887460881895?extParam=ivf%3Dtrue%26keyword%3Dsamsung+a07%26search_id%3D2026051013261194F6D7E04A4D452A9TDF%26src%3Dsearch&t_id=1778419236765&t_st=7&t_pp=search_result&t_efo=search_pure_goods_card&t_ef=goods_search&t_sm=&t_spt=search_result","pengiriman cepat. barang segel. harga murah. MANTAP pokoknya","pengiriman cepat. barang segel. harga murah. MANTAP pokoknya","Oxwalker","Indonesia","05-10-2026","08-22-2024","Pants","pengiriman cepat. barang segel. harga murah. MANTAP pokoknya","pengiriman cepat. barang segel. harga murah. MANTAP pokoknya","Unisex",,,"103314079955","Promo Samsung Galaxy A07 ( 4/64 4/128 6/128 8/256 ) Garansi Resmi Sein","Promo Samsung Galaxy A07 ( 4/64 4/128 6/128 8/256 ) Garansi Resmi Sein - A07 4/64 Black, No Bonus Cicil 0% 3x -  - Ini Toko Budi Shop | Tokopedia","Handphone","Android OS","5","1082445051","Product Review","",,"Tokopedia","Oxwalker","Promo Samsung Galaxy A07 ( 4/64 4/128 6/128 8/256 ) Garansi Resmi Sein",,"2024-Q3"
"https://www.tokopedia.com/ini-toko-budi-shop/samsung-galaxy-a07-4-64-4-128-6-128-8-256-garansi-resmi-sein-1729815001835537895-1735330887460881895?extParam=ivf%3Dtrue%26keyword%3Dsamsung+a07%26search_id%3D2026051013261194F6D7E04A4D452A9TDF%26src%3Dsearch&t_id=1778419236765&t_st=7&t_pp=search_result&t_efo=search_pure_goods_card&t_ef=goods_search&t_sm=&t_spt=search_result","Terima kasih pak.. cepet sampai.. pelayanan oke.. recommended seller","Terima kasih pak.. cepet sampai.. pelayanan oke.. recommended seller","Oxwalker","Indonesia","05-10-2026","07-27-2024","Pants","Terima kasih pak.. cepet sampai.. pelayanan oke.. recommended seller","Terima kasih pak.. cepet sampai.. pelayanan oke.. recommended seller","Unisex",,,"103314079955","Promo Samsung Galaxy A07 ( 4/64 4/128 6/128 8/256 ) Garansi Resmi Sein","Promo Samsung Galaxy A07 ( 4/64 4/128 6/128 8/256 ) Garansi Resmi Sein - A07 4/64 Black, No Bonus Cicil 0% 3x -  - Ini Toko Budi Shop | Tokopedia","Handphone","Android OS","5","1070931739","Product Review","",,"Tokopedia","Oxwalker","Promo Samsung Galaxy A07 ( 4/64 4/128 6/128 8/256 ) Garansi Resmi Sein",,"2024-Q3"
"https://www.tokopedia.com/ini-toko-budi-shop/samsung-galaxy-a07-4-64-4-128-6-128-8-256-garansi-resmi-sein-1729815001835537895-1735330887460881895?extParam=ivf%3Dtrue%26keyword%3Dsamsung+a07%26search_id%3D2026051013261194F6D7E04A4D452A9TDF%26src%3Dsearch&t_id=1778419236765&t_st=7&t_pp=search_result&t_efo=search_pure_goods_card&t_ef=goods_search&t_sm=&t_spt=search_result","barang ori, segel, sesuai deskripsi....kecepatan pengirimannya aj yg perlu ditingkatkan 👍

mudah2an awet","barang ori, segel, sesuai deskripsi....kecepatan pengirimannya aj yg perlu ditingkatkan 👍

mudah2an awet","Oxwalker","Indonesia","05-10-2026","03-17-2024","Pants","barang ori, segel, sesuai deskripsi....kecepatan pengirimannya aj yg perlu ditingkatkan 👍

mudah2an awet","barang ori, segel, sesuai deskripsi....kecepatan pengirimannya aj yg perlu ditingkatkan 👍

mudah2an awet","Unisex",,,"103314079955","Promo Samsung Galaxy A07 ( 4/64 4/128 6/128 8/256 ) Garansi Resmi Sein","Promo Samsung Galaxy A07 ( 4/64 4/128 6/128 8/256 ) Garansi Resmi Sein - A07 4/64 Black, No Bonus Cicil 0% 3x -  - Ini Toko Budi Shop | Tokopedia","Handphone","Android OS","5","1015743896","Product Review","",,"Tokopedia","Oxwalker","Promo Samsung Galaxy A07 ( 4/64 4/128 6/128 8/256 ) Garansi Resmi Sein",,"2024-Q1"
"https://www.tokopedia.com/ini-toko-budi-shop/samsung-galaxy-a07-4-64-4-128-6-128-8-256-garansi-resmi-sein-1729815001835537895-1735330887460881895?extParam=ivf%3Dtrue%26keyword%3Dsamsung+a07%26search_id%3D2026051013261194F6D7E04A4D452A9TDF%26src%3Dsearch&t_id=1778419236765&t_st=7&t_pp=search_result&t_efo=search_pure_goods_card&t_ef=goods_search&t_sm=&t_spt=search_result","Mantul rekomen beli disini. Pake instan beneran bisa instan 2 jam sampe. Makin barokah tokonya pak Budi","Mantul rekomen beli disini. Pake instan beneran bisa instan 2 jam sampe. Makin barokah tokonya pak Budi","Oxwalker","Indonesia","05-10-2026","08-27-2024","Pants","Mantul rekomen beli disini. Pake instan beneran bisa instan 2 jam sampe. Makin barokah tokonya pak Budi","Mantul rekomen beli disini. Pake instan beneran bisa instan 2 jam sampe. Makin barokah tokonya pak Budi","Unisex",,,"103314079955","Promo Samsung Galaxy A07 ( 4/64 4/128 6/128 8/256 ) Garansi Resmi Sein","Promo Samsung Galaxy A07 ( 4/64 4/128 6/128 8/256 ) Garansi Resmi Sein - A07 4/64 Black, No Bonus Cicil 0% 3x -  - Ini Toko Budi Shop | Tokopedia","Handphone","Android OS","5","1084680663","Product Review","",,"Tokopedia","Oxwalker","Promo Samsung Galaxy A07 ( 4/64 4/128 6/128 8/256 ) Garansi Resmi Sein",,"2024-Q3"
"https://www.tokopedia.com/ini-toko-budi-shop/samsung-galaxy-a07-4-64-4-128-6-128-8-256-garansi-resmi-sein-1729815001835537895-1735330887460881895?extParam=ivf%3Dtrue%26keyword%3Dsamsung+a07%26search_id%3D2026051013261194F6D7E04A4D452A9TDF%26src%3Dsearch&t_id=1778419236765&t_st=7&t_pp=search_result&t_efo=search_pure_goods_card&t_ef=goods_search&t_sm=&t_spt=search_result","Barang oke, seller bagus dan ramah. Pengiriman sedikit terhambat karena cuaca. Overall bagus","Barang oke, seller bagus dan ramah. Pengiriman sedikit terhambat karena cuaca. Overall bagus","Oxwalker","Indonesia","05-10-2026","07-06-2024","Pants","Barang oke, seller bagus dan ramah. Pengiriman sedikit terhambat karena cuaca. Overall bagus","Barang oke, seller bagus dan ramah. Pengiriman sedikit terhambat karena cuaca. Overall bagus","Unisex",,,"103314079955","Promo Samsung Galaxy A07 ( 4/64 4/128 6/128 8/256 ) Garansi Resmi Sein","Promo Samsung Galaxy A07 ( 4/64 4/128 6/128 8/256 ) Garansi Resmi Sein - A07 4/64 Black, No Bonus Cicil 0% 3x -  - Ini Toko Budi Shop | Tokopedia","Handphone","Android OS","5","1062395697","Product Review","",,"Tokopedia","Oxwalker","Promo Samsung Galaxy A07 ( 4/64 4/128 6/128 8/256 ) Garansi Resmi Sein",,"2024-Q3"
"https://www.tokopedia.com/ini-toko-budi-shop/samsung-galaxy-a07-4-64-4-128-6-128-8-256-garansi-resmi-sein-1729815001835537895-1735330887460881895?extParam=ivf%3Dtrue%26keyword%3Dsamsung+a07%26search_id%3D2026051013261194F6D7E04A4D452A9TDF%26src%3Dsearch&t_id=1778419236765&t_st=7&t_pp=search_result&t_efo=search_pure_goods_card&t_ef=goods_search&t_sm=&t_spt=search_result","Barang ok tidak mengecewakan, tapi proses pengirimannya agak lama ya.
Order via instant kurir jam 10 pagi baru dikirim jam 1 siang dan barang diterima jam 2.
Mungkin next nya yg pakai kurir instant bisa langsung kirim max 1 jam lah.
Thanks.","Barang ok tidak mengecewakan, tapi proses pengirimannya agak lama ya.
Order via instant kurir jam 10 pagi baru dikirim jam 1 siang dan barang diterima jam 2.
Mungkin next nya yg pakai kurir instant bisa langsung kirim max 1 jam lah.
Thanks.","Oxwalker","Indonesia","05-10-2026","07-06-2024","Pants","Barang ok tidak mengecewakan, tapi proses pengirimannya agak lama ya.
Order via instant kurir jam 10 pagi baru dikirim jam 1 siang dan barang diterima jam 2.
Mungkin next nya yg pakai kurir instant bisa langsung kirim max 1 jam lah.
Thanks.","Barang ok tidak mengecewakan, tapi proses pengirimannya agak lama ya.
Order via instant kurir jam 10 pagi baru dikirim jam 1 siang dan barang diterima jam 2.
Mungkin next nya yg pakai kurir instant bisa langsung kirim max 1 jam lah.
Thanks.","Unisex",,,"103314079955","Promo Samsung Galaxy A07 ( 4/64 4/128 6/128 8/256 ) Garansi Resmi Sein","Promo Samsung Galaxy A07 ( 4/64 4/128 6/128 8/256 ) Garansi Resmi Sein - A07 4/64 Black, No Bonus Cicil 0% 3x -  - Ini Toko Budi Shop | Tokopedia","Handphone","Android OS","5","1062156296","Product Review","",,"Tokopedia","Oxwalker","Promo Samsung Galaxy A07 ( 4/64 4/128 6/128 8/256 ) Garansi Resmi Sein",,"2024-Q3"
"https://www.tokopedia.com/ini-toko-budi-shop/samsung-galaxy-a07-4-64-4-128-6-128-8-256-garansi-resmi-sein-1729815001835537895-1735330887460881895?extParam=ivf%3Dtrue%26keyword%3Dsamsung+a07%26search_id%3D2026051013261194F6D7E04A4D452A9TDF%26src%3Dsearch&t_id=1778419236765&t_st=7&t_pp=search_result&t_efo=search_pure_goods_card&t_ef=goods_search&t_sm=&t_spt=search_result","Seller ramah dan fast respon, harga sangat affordable","Seller ramah dan fast respon, harga sangat affordable","Oxwalker","Indonesia","05-10-2026","07-16-2024","Pants","Seller ramah dan fast respon, harga sangat affordable","Seller ramah dan fast respon, harga sangat affordable","Unisex",,,"103314079955","Promo Samsung Galaxy A07 ( 4/64 4/128 6/128 8/256 ) Garansi Resmi Sein","Promo Samsung Galaxy A07 ( 4/64 4/128 6/128 8/256 ) Garansi Resmi Sein - A07 4/64 Black, No Bonus Cicil 0% 3x -  - Ini Toko Budi Shop | Tokopedia","Handphone","Android OS","5","1066374063","Product Review","",,"Tokopedia","Oxwalker","Promo Samsung Galaxy A07 ( 4/64 4/128 6/128 8/256 ) Garansi Resmi Sein",,"2024-Q3"
"https://www.tokopedia.com/ini-toko-budi-shop/samsung-galaxy-a07-4-64-4-128-6-128-8-256-garansi-resmi-sein-1729815001835537895-1735330887460881895?extParam=ivf%3Dtrue%26keyword%3Dsamsung+a07%26search_id%3D2026051013261194F6D7E04A4D452A9TDF%26src%3Dsearch&t_id=1778419236765&t_st=7&t_pp=search_result&t_efo=search_pure_goods_card&t_ef=goods_search&t_sm=&t_spt=search_result","seller respon cepat, barang masih segel&amp;berfungsi dg baik. pengiriman cepat sakali. semoga seller tambah sukses&amp;mkn jdi langganan. poko ny mantap pelayanan ny","seller respon cepat, barang masih segel&amp;berfungsi dg baik. pengiriman cepat sakali. semoga seller tambah sukses&amp;mkn jdi langganan. poko ny mantap pelayanan ny","Oxwalker","Indonesia","05-10-2026","07-14-2024","Pants","seller respon cepat, barang masih segel&amp;berfungsi dg baik. pengiriman cepat sakali. semoga seller tambah sukses&amp;mkn jdi langganan. poko ny mantap pelayanan ny","seller respon cepat, barang masih segel&amp;berfungsi dg baik. pengiriman cepat sakali. semoga seller tambah sukses&amp;mkn jdi langganan. poko ny mantap pelayanan ny","Unisex",,,"103314079955","Promo Samsung Galaxy A07 ( 4/64 4/128 6/128 8/256 ) Garansi Resmi Sein","Promo Samsung Galaxy A07 ( 4/64 4/128 6/128 8/256 ) Garansi Resmi Sein - A07 4/64 Black, No Bonus Cicil 0% 3x -  - Ini Toko Budi Shop | Tokopedia","Handphone","Android OS","5","1065613231","Product Review","",,"Tokopedia","Oxwalker","Promo Samsung Galaxy A07 ( 4/64 4/128 6/128 8/256 ) Garansi Resmi Sein",,"2024-Q3"
"https://www.tokopedia.com/ini-toko-budi-shop/samsung-galaxy-a07-4-64-4-128-6-128-8-256-garansi-resmi-sein-1729815001835537895-1735330887460881895?extParam=ivf%3Dtrue%26keyword%3Dsamsung+a07%26search_id%3D2026051013261194F6D7E04A4D452A9TDF%26src%3Dsearch&t_id=1778419236765&t_st=7&t_pp=search_result&t_efo=search_pure_goods_card&t_ef=goods_search&t_sm=&t_spt=search_result","gag dapet carger cm kabel type c bolak blk tidak bisa buat cas","gag dapet carger cm kabel type c bolak blk tidak bisa buat cas","Oxwalker","Indonesia","05-10-2026","07-20-2024","Pants","gag dapet carger cm kabel type c bolak blk tidak bisa buat cas","gag dapet carger cm kabel type c bolak blk tidak bisa buat cas","Unisex",,,"103314079955","Promo Samsung Galaxy A07 ( 4/64 4/128 6/128 8/256 ) Garansi Resmi Sein","Promo Samsung Galaxy A07 ( 4/64 4/128 6/128 8/256 ) Garansi Resmi Sein - A07 4/64 Black, No Bonus Cicil 0% 3x -  - Ini Toko Budi Shop | Tokopedia","Handphone","Android OS","5","1068200469","Product Review","",,"Tokopedia","Oxwalker","Promo Samsung Galaxy A07 ( 4/64 4/128 6/128 8/256 ) Garansi Resmi Sein",,"2024-Q3"
"https://www.tokopedia.com/ini-toko-budi-shop/samsung-galaxy-a07-4-64-4-128-6-128-8-256-garansi-resmi-sein-1729815001835537895-1735330887460881895?extParam=ivf%3Dtrue%26keyword%3Dsamsung+a07%26search_id%3D2026051013261194F6D7E04A4D452A9TDF%26src%3Dsearch&t_id=1778419236765&t_st=7&t_pp=search_result&t_efo=search_pure_goods_card&t_ef=goods_search&t_sm=&t_spt=search_result","barang bagus, segel pengiriman cepat sekali terima kasih","barang bagus, segel pengiriman cepat sekali terima kasih","Oxwalker","Indonesia","05-10-2026","05-31-2024","Pants","barang bagus, segel pengiriman cepat sekali terima kasih","barang bagus, segel pengiriman cepat sekali terima kasih","Unisex",,,"103314079955","Promo Samsung Galaxy A07 ( 4/64 4/128 6/128 8/256 ) Garansi Resmi Sein","Promo Samsung Galaxy A07 ( 4/64 4/128 6/128 8/256 ) Garansi Resmi Sein - A07 4/64 Black, No Bonus Cicil 0% 3x -  - Ini Toko Budi Shop | Tokopedia","Handphone","Android OS","5","1046828225","Product Review","",,"Tokopedia","Oxwalker","Promo Samsung Galaxy A07 ( 4/64 4/128 6/128 8/256 ) Garansi Resmi Sein",,"2024-Q2"
"https://www.tokopedia.com/ini-toko-budi-shop/samsung-galaxy-a07-4-64-4-128-6-128-8-256-garansi-resmi-sein-1729815001835537895-1735330887460881895?extParam=ivf%3Dtrue%26keyword%3Dsamsung+a07%26search_id%3D2026051013261194F6D7E04A4D452A9TDF%26src%3Dsearch&t_id=1778419236765&t_st=7&t_pp=search_result&t_efo=search_pure_goods_card&t_ef=goods_search&t_sm=&t_spt=search_result","barang masih disegel,bagus,berfungsi baik,pengiriman cepat.seller ramah dan fast response. sukses gan","barang masih disegel,bagus,berfungsi baik,pengiriman cepat.seller ramah dan fast response. sukses gan","Oxwalker","Indonesia","05-10-2026","07-04-2024","Pants","barang masih disegel,bagus,berfungsi baik,pengiriman cepat.seller ramah dan fast response. sukses gan","barang masih disegel,bagus,berfungsi baik,pengiriman cepat.seller ramah dan fast response. sukses gan","Unisex",,,"103314079955","Promo Samsung Galaxy A07 ( 4/64 4/128 6/128 8/256 ) Garansi Resmi Sein","Promo Samsung Galaxy A07 ( 4/64 4/128 6/128 8/256 ) Garansi Resmi Sein - A07 4/64 Black, No Bonus Cicil 0% 3x -  - Ini Toko Budi Shop | Tokopedia","Handphone","Android OS","5","1061471328","Product Review","",,"Tokopedia","Oxwalker","Promo Samsung Galaxy A07 ( 4/64 4/128 6/128 8/256 ) Garansi Resmi Sein",,"2024-Q3"
"https://www.tokopedia.com/ini-toko-budi-shop/samsung-galaxy-a07-4-64-4-128-6-128-8-256-garansi-resmi-sein-1729815001835537895-1735330887460881895?extParam=ivf%3Dtrue%26keyword%3Dsamsung+a07%26search_id%3D2026051013261194F6D7E04A4D452A9TDF%26src%3Dsearch&t_id=1778419236765&t_st=7&t_pp=search_result&t_efo=search_pure_goods_card&t_ef=goods_search&t_sm=&t_spt=search_result","kualitas barang Ok tp pengiriman agak lama, mungkin load nya sedang tinggi","kualitas barang Ok tp pengiriman agak lama, mungkin load nya sedang tinggi","Oxwalker","Indonesia","05-10-2026","08-01-2024","Pants","kualitas barang Ok tp pengiriman agak lama, mungkin load nya sedang tinggi","kualitas barang Ok tp pengiriman agak lama, mungkin load nya sedang tinggi","Unisex",,,"103314079955","Promo Samsung Galaxy A07 ( 4/64 4/128 6/128 8/256 ) Garansi Resmi Sein","Promo Samsung Galaxy A07 ( 4/64 4/128 6/128 8/256 ) Garansi Resmi Sein - A07 4/64 Black, No Bonus Cicil 0% 3x -  - Ini Toko Budi Shop | Tokopedia","Handphone","Android OS","5","1073084796","Product Review","",,"Tokopedia","Oxwalker","Promo Samsung Galaxy A07 ( 4/64 4/128 6/128 8/256 ) Garansi Resmi Sein",,"2024-Q3"
"https://www.tokopedia.com/ini-toko-budi-shop/samsung-galaxy-a07-4-64-4-128-6-128-8-256-garansi-resmi-sein-1729815001835537895-1735330887460881895?extParam=ivf%3Dtrue%26keyword%3Dsamsung+a07%26search_id%3D2026051013261194F6D7E04A4D452A9TDF%26src%3Dsearch&t_id=1778419236765&t_st=7&t_pp=search_result&t_efo=search_pure_goods_card&t_ef=goods_search&t_sm=&t_spt=search_result","Barang sesuai pesanan, kondisi mulus. Hidup semana mestinya. Terimakasih","Barang sesuai pesanan, kondisi mulus. Hidup semana mestinya. Terimakasih","Oxwalker","Indonesia","05-10-2026","07-28-2024","Pants","Barang sesuai pesanan, kondisi mulus. Hidup semana mestinya. Terimakasih","Barang sesuai pesanan, kondisi mulus. Hidup semana mestinya. Terimakasih","Unisex",,,"103314079955","Promo Samsung Galaxy A07 ( 4/64 4/128 6/128 8/256 ) Garansi Resmi Sein","Promo Samsung Galaxy A07 ( 4/64 4/128 6/128 8/256 ) Garansi Resmi Sein - A07 4/64 Black, No Bonus Cicil 0% 3x -  - Ini Toko Budi Shop | Tokopedia","Handphone","Android OS","5","1071535704","Product Review","",,"Tokopedia","Oxwalker","Promo Samsung Galaxy A07 ( 4/64 4/128 6/128 8/256 ) Garansi Resmi Sein",,"2024-Q3"
"https://www.tokopedia.com/ini-toko-budi-shop/samsung-galaxy-a07-4-64-4-128-6-128-8-256-garansi-resmi-sein-1729815001835537895-1735330887460881895?extParam=ivf%3Dtrue%26keyword%3Dsamsung+a07%26search_id%3D2026051013261194F6D7E04A4D452A9TDF%26src%3Dsearch&t_id=1778419236765&t_st=7&t_pp=search_result&t_efo=search_pure_goods_card&t_ef=goods_search&t_sm=&t_spt=search_result","Toko terpercaya. Hp sampai dengan selamat, packing kuat dgn bubblewrap jadi terlindungi sempurna. Hp juga berfungsi dengan baik, terima kasih, sukses selalu","Toko terpercaya. Hp sampai dengan selamat, packing kuat dgn bubblewrap jadi terlindungi sempurna. Hp juga berfungsi dengan baik, terima kasih, sukses selalu","Oxwalker","Indonesia","05-10-2026","05-19-2024","Pants","Toko terpercaya. Hp sampai dengan selamat, packing kuat dgn bubblewrap jadi terlindungi sempurna. Hp juga berfungsi dengan baik, terima kasih, sukses selalu","Toko terpercaya. Hp sampai dengan selamat, packing kuat dgn bubblewrap jadi terlindungi sempurna. Hp juga berfungsi dengan baik, terima kasih, sukses selalu","Unisex",,,"103314079955","Promo Samsung Galaxy A07 ( 4/64 4/128 6/128 8/256 ) Garansi Resmi Sein","Promo Samsung Galaxy A07 ( 4/64 4/128 6/128 8/256 ) Garansi Resmi Sein - A07 4/64 Black, No Bonus Cicil 0% 3x -  - Ini Toko Budi Shop | Tokopedia","Handphone","Android OS","5","1041610517","Product Review","",,"Tokopedia","Oxwalker","Promo Samsung Galaxy A07 ( 4/64 4/128 6/128 8/256 ) Garansi Resmi Sein",,"2024-Q2"
"https://www.tokopedia.com/ini-toko-budi-shop/samsung-galaxy-a07-4-64-4-128-6-128-8-256-garansi-resmi-sein-1729815001835537895-1735330887460881895?extParam=ivf%3Dtrue%26keyword%3Dsamsung+a07%26search_id%3D2026051013261194F6D7E04A4D452A9TDF%26src%3Dsearch&t_id=1778419236765&t_st=7&t_pp=search_result&t_efo=search_pure_goods_card&t_ef=goods_search&t_sm=&t_spt=search_result","Barang bagus, cepat sampai poko e rekomended banget
Jangan banyak mikir langsung eksekusi saja","Barang bagus, cepat sampai poko e rekomended banget
Jangan banyak mikir langsung eksekusi saja","Oxwalker","Indonesia","05-10-2026","07-28-2024","Pants","Barang bagus, cepat sampai poko e rekomended banget
Jangan banyak mikir langsung eksekusi saja","Barang bagus, cepat sampai poko e rekomended banget
Jangan banyak mikir langsung eksekusi saja","Unisex",,,"103314079955","Promo Samsung Galaxy A07 ( 4/64 4/128 6/128 8/256 ) Garansi Resmi Sein","Promo Samsung Galaxy A07 ( 4/64 4/128 6/128 8/256 ) Garansi Resmi Sein - A07 4/64 Black, No Bonus Cicil 0% 3x -  - Ini Toko Budi Shop | Tokopedia","Handphone","Android OS","5","1071521610","Product Review","",,"Tokopedia","Oxwalker","Promo Samsung Galaxy A07 ( 4/64 4/128 6/128 8/256 ) Garansi Resmi Sein",,"2024-Q3"
"https://www.tokopedia.com/ini-toko-budi-shop/samsung-galaxy-a07-4-64-4-128-6-128-8-256-garansi-resmi-sein-1729815001835537895-1735330887460881895?extParam=ivf%3Dtrue%26keyword%3Dsamsung+a07%26search_id%3D2026051013261194F6D7E04A4D452A9TDF%26src%3Dsearch&t_id=1778419236765&t_st=7&t_pp=search_result&t_efo=search_pure_goods_card&t_ef=goods_search&t_sm=&t_spt=search_result","barang berfungsi dengan baik, pengiriman cepat, seller responsif","barang berfungsi dengan baik, pengiriman cepat, seller responsif","Oxwalker","Indonesia","05-10-2026","07-31-2024","Pants","barang berfungsi dengan baik, pengiriman cepat, seller responsif","barang berfungsi dengan baik, pengiriman cepat, seller responsif","Unisex",,,"103314079955","Promo Samsung Galaxy A07 ( 4/64 4/128 6/128 8/256 ) Garansi Resmi Sein","Promo Samsung Galaxy A07 ( 4/64 4/128 6/128 8/256 ) Garansi Resmi Sein - A07 4/64 Black, No Bonus Cicil 0% 3x -  - Ini Toko Budi Shop | Tokopedia","Handphone","Android OS","5","1072620301","Product Review","",,"Tokopedia","Oxwalker","Promo Samsung Galaxy A07 ( 4/64 4/128 6/128 8/256 ) Garansi Resmi Sein",,"2024-Q3"
"https://www.tokopedia.com/ini-toko-budi-shop/samsung-galaxy-a07-4-64-4-128-6-128-8-256-garansi-resmi-sein-1729815001835537895-1735330887460881895?extParam=ivf%3Dtrue%26keyword%3Dsamsung+a07%26search_id%3D2026051013261194F6D7E04A4D452A9TDF%26src%3Dsearch&t_id=1778419236765&t_st=7&t_pp=search_result&t_efo=search_pure_goods_card&t_ef=goods_search&t_sm=&t_spt=search_result","barang cepet banget ...segel ..
cepet sampai nya .barang bagus ...top banget","barang cepet banget ...segel ..
cepet sampai nya .barang bagus ...top banget","Oxwalker","Indonesia","05-10-2026","07-22-2024","Pants","barang cepet banget ...segel ..
cepet sampai nya .barang bagus ...top banget","barang cepet banget ...segel ..
cepet sampai nya .barang bagus ...top banget","Unisex",,,"103314079955","Promo Samsung Galaxy A07 ( 4/64 4/128 6/128 8/256 ) Garansi Resmi Sein","Promo Samsung Galaxy A07 ( 4/64 4/128 6/128 8/256 ) Garansi Resmi Sein - A07 4/64 Black, No Bonus Cicil 0% 3x -  - Ini Toko Budi Shop | Tokopedia","Handphone","Android OS","5","1069178972","Product Review","",,"Tokopedia","Oxwalker","Promo Samsung Galaxy A07 ( 4/64 4/128 6/128 8/256 ) Garansi Resmi Sein",,"2024-Q3"
"https://www.tokopedia.com/ini-toko-budi-shop/samsung-galaxy-a07-4-64-4-128-6-128-8-256-garansi-resmi-sein-1729815001835537895-1735330887460881895?extParam=ivf%3Dtrue%26keyword%3Dsamsung+a07%26search_id%3D2026051013261194F6D7E04A4D452A9TDF%26src%3Dsearch&t_id=1778419236765&t_st=7&t_pp=search_result&t_efo=search_pure_goods_card&t_ef=goods_search&t_sm=&t_spt=search_result","barang sesuai deskripsi, pengiriman cepat, recommended seller","barang sesuai deskripsi, pengiriman cepat, recommended seller","Oxwalker","Indonesia","05-10-2026","07-28-2024","Pants","barang sesuai deskripsi, pengiriman cepat, recommended seller","barang sesuai deskripsi, pengiriman cepat, recommended seller","Unisex",,,"103314079955","Promo Samsung Galaxy A07 ( 4/64 4/128 6/128 8/256 ) Garansi Resmi Sein","Promo Samsung Galaxy A07 ( 4/64 4/128 6/128 8/256 ) Garansi Resmi Sein - A07 4/64 Black, No Bonus Cicil 0% 3x -  - Ini Toko Budi Shop | Tokopedia","Handphone","Android OS","5","1071429906","Product Review","",,"Tokopedia","Oxwalker","Promo Samsung Galaxy A07 ( 4/64 4/128 6/128 8/256 ) Garansi Resmi Sein",,"2024-Q3"
"https://www.tokopedia.com/ini-toko-budi-shop/samsung-galaxy-a07-4-64-4-128-6-128-8-256-garansi-resmi-sein-1729815001835537895-1735330887460881895?extParam=ivf%3Dtrue%26keyword%3Dsamsung+a07%26search_id%3D2026051013261194F6D7E04A4D452A9TDF%26src%3Dsearch&t_id=1778419236765&t_st=7&t_pp=search_result&t_efo=search_pure_goods_card&t_ef=goods_search&t_sm=&t_spt=search_result","sesuai pesanan. packing aman. fast response seller.","sesuai pesanan. packing aman. fast response seller.","Oxwalker","Indonesia","05-10-2026","07-28-2024","Pants","sesuai pesanan. packing aman. fast response seller.","sesuai pesanan. packing aman. fast response seller.","Unisex",,,"103314079955","Promo Samsung Galaxy A07 ( 4/64 4/128 6/128 8/256 ) Garansi Resmi Sein","Promo Samsung Galaxy A07 ( 4/64 4/128 6/128 8/256 ) Garansi Resmi Sein - A07 4/64 Black, No Bonus Cicil 0% 3x -  - Ini Toko Budi Shop | Tokopedia","Handphone","Android OS","5","1071329239","Product Review","",,"Tokopedia","Oxwalker","Promo Samsung Galaxy A07 ( 4/64 4/128 6/128 8/256 ) Garansi Resmi Sein",,"2024-Q3"
"https://www.tokopedia.com/ini-toko-budi-shop/samsung-galaxy-a07-4-64-4-128-6-128-8-256-garansi-resmi-sein-1729815001835537895-1735330887460881895?extParam=ivf%3Dtrue%26keyword%3Dsamsung+a07%26search_id%3D2026051013261194F6D7E04A4D452A9TDF%26src%3Dsearch&t_id=1778419236765&t_st=7&t_pp=search_result&t_efo=search_pure_goods_card&t_ef=goods_search&t_sm=&t_spt=search_result","brgnya tersegel dan sampe dgn ceoat mksh seller rekomended !","brgnya tersegel dan sampe dgn ceoat mksh seller rekomended !","Oxwalker","Indonesia","05-10-2026","07-19-2024","Pants","brgnya tersegel dan sampe dgn ceoat mksh seller rekomended !","brgnya tersegel dan sampe dgn ceoat mksh seller rekomended !","Unisex",,,"103314079955","Promo Samsung Galaxy A07 ( 4/64 4/128 6/128 8/256 ) Garansi Resmi Sein","Promo Samsung Galaxy A07 ( 4/64 4/128 6/128 8/256 ) Garansi Resmi Sein - A07 4/64 Black, No Bonus Cicil 0% 3x -  - Ini Toko Budi Shop | Tokopedia","Handphone","Android OS","5","1067800792","Product Review","",,"Tokopedia","Oxwalker","Promo Samsung Galaxy A07 ( 4/64 4/128 6/128 8/256 ) Garansi Resmi Sein",,"2024-Q3"
"https://www.tokopedia.com/ini-toko-budi-shop/samsung-galaxy-a07-4-64-4-128-6-128-8-256-garansi-resmi-sein-1729815001835537895-1735330887460881895?extParam=ivf%3Dtrue%26keyword%3Dsamsung+a07%26search_id%3D2026051013261194F6D7E04A4D452A9TDF%26src%3Dsearch&t_id=1778419236765&t_st=7&t_pp=search_result&t_efo=search_pure_goods_card&t_ef=goods_search&t_sm=&t_spt=search_result","Baru order kemarin sore ini udh sampai lagi barangnya, barang ori masih segel","Baru order kemarin sore ini udh sampai lagi barangnya, barang ori masih segel","Oxwalker","Indonesia","05-10-2026","07-17-2024","Pants","Baru order kemarin sore ini udh sampai lagi barangnya, barang ori masih segel","Baru order kemarin sore ini udh sampai lagi barangnya, barang ori masih segel","Unisex",,,"103314079955","Promo Samsung Galaxy A07 ( 4/64 4/128 6/128 8/256 ) Garansi Resmi Sein","Promo Samsung Galaxy A07 ( 4/64 4/128 6/128 8/256 ) Garansi Resmi Sein - A07 4/64 Black, No Bonus Cicil 0% 3x -  - Ini Toko Budi Shop | Tokopedia","Handphone","Android OS","5","1067086501","Product Review","",,"Tokopedia","Oxwalker","Promo Samsung Galaxy A07 ( 4/64 4/128 6/128 8/256 ) Garansi Resmi Sein",,"2024-Q3"
"https://www.tokopedia.com/ini-toko-budi-shop/samsung-galaxy-a07-4-64-4-128-6-128-8-256-garansi-resmi-sein-1729815001835537895-1735330887460881895?extParam=ivf%3Dtrue%26keyword%3Dsamsung+a07%26search_id%3D2026051013261194F6D7E04A4D452A9TDF%26src%3Dsearch&t_id=1778419236765&t_st=7&t_pp=search_result&t_efo=search_pure_goods_card&t_ef=goods_search&t_sm=&t_spt=search_result","hp nya ori bagus ga nyesel beli di toko ini, bakal lagganan deh buat pesanan orang&#34;","hp nya ori bagus ga nyesel beli di toko ini, bakal lagganan deh buat pesanan orang&#34;","Oxwalker","Indonesia","05-10-2026","07-16-2024","Pants","hp nya ori bagus ga nyesel beli di toko ini, bakal lagganan deh buat pesanan orang&#34;","hp nya ori bagus ga nyesel beli di toko ini, bakal lagganan deh buat pesanan orang&#34;","Unisex",,,"103314079955","Promo Samsung Galaxy A07 ( 4/64 4/128 6/128 8/256 ) Garansi Resmi Sein","Promo Samsung Galaxy A07 ( 4/64 4/128 6/128 8/256 ) Garansi Resmi Sein - A07 4/64 Black, No Bonus Cicil 0% 3x -  - Ini Toko Budi Shop | Tokopedia","Handphone","Android OS","5","1066758709","Product Review","",,"Tokopedia","Oxwalker","Promo Samsung Galaxy A07 ( 4/64 4/128 6/128 8/256 ) Garansi Resmi Sein",,"2024-Q3"
"https://www.tokopedia.com/ini-toko-budi-shop/samsung-galaxy-a07-4-64-4-128-6-128-8-256-garansi-resmi-sein-1729815001835537895-1735330887460881895?extParam=ivf%3Dtrue%26keyword%3Dsamsung+a07%26search_id%3D2026051013261194F6D7E04A4D452A9TDF%26src%3Dsearch&t_id=1778419236765&t_st=7&t_pp=search_result&t_efo=search_pure_goods_card&t_ef=goods_search&t_sm=&t_spt=search_result","sangat amanah barang sesuai pesanan dan smua benar benar barangnya resmi, pasti next pesan di toko ini saja","sangat amanah barang sesuai pesanan dan smua benar benar barangnya resmi, pasti next pesan di toko ini saja","Oxwalker","Indonesia","05-10-2026","07-28-2024","Pants","sangat amanah barang sesuai pesanan dan smua benar benar barangnya resmi, pasti next pesan di toko ini saja","sangat amanah barang sesuai pesanan dan smua benar benar barangnya resmi, pasti next pesan di toko ini saja","Unisex",,,"103314079955","Promo Samsung Galaxy A07 ( 4/64 4/128 6/128 8/256 ) Garansi Resmi Sein","Promo Samsung Galaxy A07 ( 4/64 4/128 6/128 8/256 ) Garansi Resmi Sein - A07 4/64 Black, No Bonus Cicil 0% 3x -  - Ini Toko Budi Shop | Tokopedia","Handphone","Android OS","5","1071356855","Product Review","",,"Tokopedia","Oxwalker","Promo Samsung Galaxy A07 ( 4/64 4/128 6/128 8/256 ) Garansi Resmi Sein",,"2024-Q3"
"https://www.tokopedia.com/ini-toko-budi-shop/samsung-galaxy-a07-4-64-4-128-6-128-8-256-garansi-resmi-sein-1729815001835537895-1735330887460881895?extParam=ivf%3Dtrue%26keyword%3Dsamsung+a07%26search_id%3D2026051013261194F6D7E04A4D452A9TDF%26src%3Dsearch&t_id=1778419236765&t_st=7&t_pp=search_result&t_efo=search_pure_goods_card&t_ef=goods_search&t_sm=&t_spt=search_result","sesuai driskripsi pengepalan rapi  bagus kemasan msh d segel pengiriman mantap","sesuai driskripsi pengepalan rapi  bagus kemasan msh d segel pengiriman mantap","Oxwalker","Indonesia","05-10-2026","07-26-2024","Pants","sesuai driskripsi pengepalan rapi  bagus kemasan msh d segel pengiriman mantap","sesuai driskripsi pengepalan rapi  bagus kemasan msh d segel pengiriman mantap","Unisex",,,"103314079955","Promo Samsung Galaxy A07 ( 4/64 4/128 6/128 8/256 ) Garansi Resmi Sein","Promo Samsung Galaxy A07 ( 4/64 4/128 6/128 8/256 ) Garansi Resmi Sein - A07 4/64 Black, No Bonus Cicil 0% 3x -  - Ini Toko Budi Shop | Tokopedia","Handphone","Android OS","5","1070712431","Product Review","",,"Tokopedia","Oxwalker","Promo Samsung Galaxy A07 ( 4/64 4/128 6/128 8/256 ) Garansi Resmi Sein",,"2024-Q3"
"https://www.tokopedia.com/ini-toko-budi-shop/samsung-galaxy-a07-4-64-4-128-6-128-8-256-garansi-resmi-sein-1729815001835537895-1735330887460881895?extParam=ivf%3Dtrue%26keyword%3Dsamsung+a07%26search_id%3D2026051013261194F6D7E04A4D452A9TDF%26src%3Dsearch&t_id=1778419236765&t_st=7&t_pp=search_result&t_efo=search_pure_goods_card&t_ef=goods_search&t_sm=&t_spt=search_result","Barangnya sampai dengan aman, tidak ada kerusakan thanks seller","Barangnya sampai dengan aman, tidak ada kerusakan thanks seller","Oxwalker","Indonesia","05-10-2026","07-25-2024","Pants","Barangnya sampai dengan aman, tidak ada kerusakan thanks seller","Barangnya sampai dengan aman, tidak ada kerusakan thanks seller","Unisex",,,"103314079955","Promo Samsung Galaxy A07 ( 4/64 4/128 6/128 8/256 ) Garansi Resmi Sein","Promo Samsung Galaxy A07 ( 4/64 4/128 6/128 8/256 ) Garansi Resmi Sein - A07 4/64 Black, No Bonus Cicil 0% 3x -  - Ini Toko Budi Shop | Tokopedia","Handphone","Android OS","5","1070233625","Product Review","",,"Tokopedia","Oxwalker","Promo Samsung Galaxy A07 ( 4/64 4/128 6/128 8/256 ) Garansi Resmi Sein",,"2024-Q3"
"https://www.tokopedia.com/ini-toko-budi-shop/samsung-galaxy-a07-4-64-4-128-6-128-8-256-garansi-resmi-sein-1729815001835537895-1735330887460881895?extParam=ivf%3Dtrue%26keyword%3Dsamsung+a07%26search_id%3D2026051013261194F6D7E04A4D452A9TDF%26src%3Dsearch&t_id=1778419236765&t_st=7&t_pp=search_result&t_efo=search_pure_goods_card&t_ef=goods_search&t_sm=&t_spt=search_result","barang segel bergaransi...oke banget..recomended...toko amanah...makasih banyak..top pokoke","barang segel bergaransi...oke banget..recomended...toko amanah...makasih banyak..top pokoke","Oxwalker","Indonesia","05-10-2026","07-19-2024","Pants","barang segel bergaransi...oke banget..recomended...toko amanah...makasih banyak..top pokoke","barang segel bergaransi...oke banget..recomended...toko amanah...makasih banyak..top pokoke","Unisex",,,"103314079955","Promo Samsung Galaxy A07 ( 4/64 4/128 6/128 8/256 ) Garansi Resmi Sein","Promo Samsung Galaxy A07 ( 4/64 4/128 6/128 8/256 ) Garansi Resmi Sein - A07 4/64 Black, No Bonus Cicil 0% 3x -  - Ini Toko Budi Shop | Tokopedia","Handphone","Android OS","5","1067860450","Product Review","",,"Tokopedia","Oxwalker","Promo Samsung Galaxy A07 ( 4/64 4/128 6/128 8/256 ) Garansi Resmi Sein",,"2024-Q3"
"https://www.tokopedia.com/ini-toko-budi-shop/samsung-galaxy-a07-4-64-4-128-6-128-8-256-garansi-resmi-sein-1729815001835537895-1735330887460881895?extParam=ivf%3Dtrue%26keyword%3Dsamsung+a07%26search_id%3D2026051013261194F6D7E04A4D452A9TDF%26src%3Dsearch&t_id=1778419236765&t_st=7&t_pp=search_result&t_efo=search_pure_goods_card&t_ef=goods_search&t_sm=&t_spt=search_result","beli hape ini buat bapak. kerena hapenya dibetak anaknya, jadi dibeliin lagi. trimakasih seller. pengiriman cepat. amanah. mudah mudahan awet","beli hape ini buat bapak. kerena hapenya dibetak anaknya, jadi dibeliin lagi. trimakasih seller. pengiriman cepat. amanah. mudah mudahan awet","Oxwalker","Indonesia","05-10-2026","06-23-2024","Pants","beli hape ini buat bapak. kerena hapenya dibetak anaknya, jadi dibeliin lagi. trimakasih seller. pengiriman cepat. amanah. mudah mudahan awet","beli hape ini buat bapak. kerena hapenya dibetak anaknya, jadi dibeliin lagi. trimakasih seller. pengiriman cepat. amanah. mudah mudahan awet","Unisex",,,"103314079955","Promo Samsung Galaxy A07 ( 4/64 4/128 6/128 8/256 ) Garansi Resmi Sein","Promo Samsung Galaxy A07 ( 4/64 4/128 6/128 8/256 ) Garansi Resmi Sein - A07 4/64 Black, No Bonus Cicil 0% 3x -  - Ini Toko Budi Shop | Tokopedia","Handphone","Android OS","5","1056537800","Product Review","",,"Tokopedia","Oxwalker","Promo Samsung Galaxy A07 ( 4/64 4/128 6/128 8/256 ) Garansi Resmi Sein",,"2024-Q2"
"https://www.tokopedia.com/ini-toko-budi-shop/samsung-galaxy-a07-4-64-4-128-6-128-8-256-garansi-resmi-sein-1729815001835537895-1735330887460881895?extParam=ivf%3Dtrue%26keyword%3Dsamsung+a07%26search_id%3D2026051013261194F6D7E04A4D452A9TDF%26src%3Dsearch&t_id=1778419236765&t_st=7&t_pp=search_result&t_efo=search_pure_goods_card&t_ef=goods_search&t_sm=&t_spt=search_result","Alhamdulillah..barang sesuai pesanan tidak ada cacat ...mantap Dech jazakallahu khair..","Alhamdulillah..barang sesuai pesanan tidak ada cacat ...mantap Dech jazakallahu khair..","Oxwalker","Indonesia","05-10-2026","04-09-2024","Pants","Alhamdulillah..barang sesuai pesanan tidak ada cacat ...mantap Dech jazakallahu khair..","Alhamdulillah..barang sesuai pesanan tidak ada cacat ...mantap Dech jazakallahu khair..","Unisex",,,"103314079955","Promo Samsung Galaxy A07 ( 4/64 4/128 6/128 8/256 ) Garansi Resmi Sein","Promo Samsung Galaxy A07 ( 4/64 4/128 6/128 8/256 ) Garansi Resmi Sein - A07 4/64 Black, No Bonus Cicil 0% 3x -  - Ini Toko Budi Shop | Tokopedia","Handphone","Android OS","5","1026627332","Product Review","",,"Tokopedia","Oxwalker","Promo Samsung Galaxy A07 ( 4/64 4/128 6/128 8/256 ) Garansi Resmi Sein",,"2024-Q2"
"https://www.tokopedia.com/ini-toko-budi-shop/samsung-galaxy-a07-4-64-4-128-6-128-8-256-garansi-resmi-sein-1729815001835537895-1735330887460881895?extParam=ivf%3Dtrue%26keyword%3Dsamsung+a07%26search_id%3D2026051013261194F6D7E04A4D452A9TDF%26src%3Dsearch&t_id=1778419236765&t_st=7&t_pp=search_result&t_efo=search_pure_goods_card&t_ef=goods_search&t_sm=&t_spt=search_result","barang masih di segel bagus ada garansi resminya juga udh ke 2x nya beli hp di sini ga nyeseell, barang ori","barang masih di segel bagus ada garansi resminya juga udh ke 2x nya beli hp di sini ga nyeseell, barang ori","Oxwalker","Indonesia","05-10-2026","07-19-2024","Pants","barang masih di segel bagus ada garansi resminya juga udh ke 2x nya beli hp di sini ga nyeseell, barang ori","barang masih di segel bagus ada garansi resminya juga udh ke 2x nya beli hp di sini ga nyeseell, barang ori","Unisex",,,"103314079955","Promo Samsung Galaxy A07 ( 4/64 4/128 6/128 8/256 ) Garansi Resmi Sein","Promo Samsung Galaxy A07 ( 4/64 4/128 6/128 8/256 ) Garansi Resmi Sein - A07 4/64 Black, No Bonus Cicil 0% 3x -  - Ini Toko Budi Shop | Tokopedia","Handphone","Android OS","5","1067685479","Product Review","",,"Tokopedia","Oxwalker","Promo Samsung Galaxy A07 ( 4/64 4/128 6/128 8/256 ) Garansi Resmi Sein",,"2024-Q3"
"https://www.tokopedia.com/ini-toko-budi-shop/samsung-galaxy-a07-4-64-4-128-6-128-8-256-garansi-resmi-sein-1729815001835537895-1735330887460881895?extParam=ivf%3Dtrue%26keyword%3Dsamsung+a07%26search_id%3D2026051013261194F6D7E04A4D452A9TDF%26src%3Dsearch&t_id=1778419236765&t_st=7&t_pp=search_result&t_efo=search_pure_goods_card&t_ef=goods_search&t_sm=&t_spt=search_result","Barang tiba dengan cepat. Barang mulus sesuai dengan keterangan toko. Sukses terus!","Barang tiba dengan cepat. Barang mulus sesuai dengan keterangan toko. Sukses terus!","Oxwalker","Indonesia","05-10-2026","04-12-2024","Pants","Barang tiba dengan cepat. Barang mulus sesuai dengan keterangan toko. Sukses terus!","Barang tiba dengan cepat. Barang mulus sesuai dengan keterangan toko. Sukses terus!","Unisex",,,"103314079955","Promo Samsung Galaxy A07 ( 4/64 4/128 6/128 8/256 ) Garansi Resmi Sein","Promo Samsung Galaxy A07 ( 4/64 4/128 6/128 8/256 ) Garansi Resmi Sein - A07 4/64 Black, No Bonus Cicil 0% 3x -  - Ini Toko Budi Shop | Tokopedia","Handphone","Android OS","5","1027354988","Product Review","",,"Tokopedia","Oxwalker","Promo Samsung Galaxy A07 ( 4/64 4/128 6/128 8/256 ) Garansi Resmi Sein",,"2024-Q2"
"https://www.tokopedia.com/ini-toko-budi-shop/samsung-galaxy-a07-4-64-4-128-6-128-8-256-garansi-resmi-sein-1729815001835537895-1735330887460881895?extParam=ivf%3Dtrue%26keyword%3Dsamsung+a07%26search_id%3D2026051013261194F6D7E04A4D452A9TDF%26src%3Dsearch&t_id=1778419236765&t_st=7&t_pp=search_result&t_efo=search_pure_goods_card&t_ef=goods_search&t_sm=&t_spt=search_result","Pesanan sudah diterima. Packing bagus dan rapi, pengiriman cepat. Barang original, type dan warna sesuai pesanan. Mantap","Pesanan sudah diterima. Packing bagus dan rapi, pengiriman cepat. Barang original, type dan warna sesuai pesanan. Mantap","Oxwalker","Indonesia","05-10-2026","03-31-2024","Pants","Pesanan sudah diterima. Packing bagus dan rapi, pengiriman cepat. Barang original, type dan warna sesuai pesanan. Mantap","Pesanan sudah diterima. Packing bagus dan rapi, pengiriman cepat. Barang original, type dan warna sesuai pesanan. Mantap","Unisex",,,"103314079955","Promo Samsung Galaxy A07 ( 4/64 4/128 6/128 8/256 ) Garansi Resmi Sein","Promo Samsung Galaxy A07 ( 4/64 4/128 6/128 8/256 ) Garansi Resmi Sein - A07 4/64 Black, No Bonus Cicil 0% 3x -  - Ini Toko Budi Shop | Tokopedia","Handphone","Android OS","5","1021975241","Product Review","",,"Tokopedia","Oxwalker","Promo Samsung Galaxy A07 ( 4/64 4/128 6/128 8/256 ) Garansi Resmi Sein",,"2024-Q1"
"https://www.tokopedia.com/ini-toko-budi-shop/samsung-galaxy-a07-4-64-4-128-6-128-8-256-garansi-resmi-sein-1729815001835537895-1735330887460881895?extParam=ivf%3Dtrue%26keyword%3Dsamsung+a07%26search_id%3D2026051013261194F6D7E04A4D452A9TDF%26src%3Dsearch&t_id=1778419236765&t_st=7&t_pp=search_result&t_efo=search_pure_goods_card&t_ef=goods_search&t_sm=&t_spt=search_result","barang asli garansi resmi.. maaf lupa foto sudah diambil sama yg beli..","barang asli garansi resmi.. maaf lupa foto sudah diambil sama yg beli..","Oxwalker","Indonesia","05-10-2026","04-05-2024","Pants","barang asli garansi resmi.. maaf lupa foto sudah diambil sama yg beli..","barang asli garansi resmi.. maaf lupa foto sudah diambil sama yg beli..","Unisex",,,"103314079955","Promo Samsung Galaxy A07 ( 4/64 4/128 6/128 8/256 ) Garansi Resmi Sein","Promo Samsung Galaxy A07 ( 4/64 4/128 6/128 8/256 ) Garansi Resmi Sein - A07 4/64 Black, No Bonus Cicil 0% 3x -  - Ini Toko Budi Shop | Tokopedia","Handphone","Android OS","5","1025158726","Product Review","",,"Tokopedia","Oxwalker","Promo Samsung Galaxy A07 ( 4/64 4/128 6/128 8/256 ) Garansi Resmi Sein",,"2024-Q2"
"https://www.tokopedia.com/ini-toko-budi-shop/samsung-galaxy-a07-4-64-4-128-6-128-8-256-garansi-resmi-sein-1729815001835537895-1735330887460881895?extParam=ivf%3Dtrue%26keyword%3Dsamsung+a07%26search_id%3D2026051013261194F6D7E04A4D452A9TDF%26src%3Dsearch&t_id=1778419236765&t_st=7&t_pp=search_result&t_efo=search_pure_goods_card&t_ef=goods_search&t_sm=&t_spt=search_result","Packaging rapi barang di terima dg baik, sdh buat video unboxing jg. Belum saya bisa pakai krn nunggu kiriman anti gores dan soft case nya datang dulu.","Packaging rapi barang di terima dg baik, sdh buat video unboxing jg. Belum saya bisa pakai krn nunggu kiriman anti gores dan soft case nya datang dulu.","Oxwalker","Indonesia","05-10-2026","03-06-2024","Pants","Packaging rapi barang di terima dg baik, sdh buat video unboxing jg. Belum saya bisa pakai krn nunggu kiriman anti gores dan soft case nya datang dulu.","Packaging rapi barang di terima dg baik, sdh buat video unboxing jg. Belum saya bisa pakai krn nunggu kiriman anti gores dan soft case nya datang dulu.","Unisex",,,"103314079955","Promo Samsung Galaxy A07 ( 4/64 4/128 6/128 8/256 ) Garansi Resmi Sein","Promo Samsung Galaxy A07 ( 4/64 4/128 6/128 8/256 ) Garansi Resmi Sein - A07 4/64 Black, No Bonus Cicil 0% 3x -  - Ini Toko Budi Shop | Tokopedia","Handphone","Android OS","5","1010892585","Product Review","",,"Tokopedia","Oxwalker","Promo Samsung Galaxy A07 ( 4/64 4/128 6/128 8/256 ) Garansi Resmi Sein",,"2024-Q1"
"https://www.tokopedia.com/ini-toko-budi-shop/samsung-galaxy-a07-4-64-4-128-6-128-8-256-garansi-resmi-sein-1729815001835537895-1735330887460881895?extParam=ivf%3Dtrue%26keyword%3Dsamsung+a07%26search_id%3D2026051013261194F6D7E04A4D452A9TDF%26src%3Dsearch&t_id=1778419236765&t_st=7&t_pp=search_result&t_efo=search_pure_goods_card&t_ef=goods_search&t_sm=&t_spt=search_result","packing super aman, dobel wrap tebal, penjual responsif, pengiriman tepat waktu, sesuai deskripsi &amp; garansi resmi. Thx","packing super aman, dobel wrap tebal, penjual responsif, pengiriman tepat waktu, sesuai deskripsi &amp; garansi resmi. Thx","Oxwalker","Indonesia","05-10-2026","06-23-2024","Pants","packing super aman, dobel wrap tebal, penjual responsif, pengiriman tepat waktu, sesuai deskripsi &amp; garansi resmi. Thx","packing super aman, dobel wrap tebal, penjual responsif, pengiriman tepat waktu, sesuai deskripsi &amp; garansi resmi. Thx","Unisex",,,"103314079955","Promo Samsung Galaxy A07 ( 4/64 4/128 6/128 8/256 ) Garansi Resmi Sein","Promo Samsung Galaxy A07 ( 4/64 4/128 6/128 8/256 ) Garansi Resmi Sein - A07 4/64 Black, No Bonus Cicil 0% 3x -  - Ini Toko Budi Shop | Tokopedia","Handphone","Android OS","5","1056252579","Product Review","",,"Tokopedia","Oxwalker","Promo Samsung Galaxy A07 ( 4/64 4/128 6/128 8/256 ) Garansi Resmi Sein",,"2024-Q2"
"https://www.tokopedia.com/ini-toko-budi-shop/samsung-galaxy-a07-4-64-4-128-6-128-8-256-garansi-resmi-sein-1729815001835537895-1735330887460881895?extParam=ivf%3Dtrue%26keyword%3Dsamsung+a07%26search_id%3D2026051013261194F6D7E04A4D452A9TDF%26src%3Dsearch&t_id=1778419236765&t_st=7&t_pp=search_result&t_efo=search_pure_goods_card&t_ef=goods_search&t_sm=&t_spt=search_result","Barang sesuai pesenan, terbungkus rapih dan masih tersegel, pengirimannya cepat...mantaf gan...👍👍👍","Barang sesuai pesenan, terbungkus rapih dan masih tersegel, pengirimannya cepat...mantaf gan...👍👍👍","Oxwalker","Indonesia","05-10-2026","06-16-2024","Pants","Barang sesuai pesenan, terbungkus rapih dan masih tersegel, pengirimannya cepat...mantaf gan...👍👍👍","Barang sesuai pesenan, terbungkus rapih dan masih tersegel, pengirimannya cepat...mantaf gan...👍👍👍","Unisex",,,"103314079955","Promo Samsung Galaxy A07 ( 4/64 4/128 6/128 8/256 ) Garansi Resmi Sein","Promo Samsung Galaxy A07 ( 4/64 4/128 6/128 8/256 ) Garansi Resmi Sein - A07 4/64 Black, No Bonus Cicil 0% 3x -  - Ini Toko Budi Shop | Tokopedia","Handphone","Android OS","5","1053553557","Product Review","",,"Tokopedia","Oxwalker","Promo Samsung Galaxy A07 ( 4/64 4/128 6/128 8/256 ) Garansi Resmi Sein",,"2024-Q2"
"https://www.tokopedia.com/ini-toko-budi-shop/samsung-galaxy-a07-4-64-4-128-6-128-8-256-garansi-resmi-sein-1729815001835537895-1735330887460881895?extParam=ivf%3Dtrue%26keyword%3Dsamsung+a07%26search_id%3D2026051013261194F6D7E04A4D452A9TDF%26src%3Dsearch&t_id=1778419236765&t_st=7&t_pp=search_result&t_efo=search_pure_goods_card&t_ef=goods_search&t_sm=&t_spt=search_result","Pemakaian sudah 1 minggu lebih, tidak ada kendala apapun, hp bagus sekali. mantav gan 👍😁","Pemakaian sudah 1 minggu lebih, tidak ada kendala apapun, hp bagus sekali. mantav gan 👍😁","Oxwalker","Indonesia","05-10-2026","06-04-2024","Pants","Pemakaian sudah 1 minggu lebih, tidak ada kendala apapun, hp bagus sekali. mantav gan 👍😁","Pemakaian sudah 1 minggu lebih, tidak ada kendala apapun, hp bagus sekali. mantav gan 👍😁","Unisex",,,"103314079955","Promo Samsung Galaxy A07 ( 4/64 4/128 6/128 8/256 ) Garansi Resmi Sein","Promo Samsung Galaxy A07 ( 4/64 4/128 6/128 8/256 ) Garansi Resmi Sein - A07 4/64 Black, No Bonus Cicil 0% 3x -  - Ini Toko Budi Shop | Tokopedia","Handphone","Android OS","5","1048466991","Product Review","",,"Tokopedia","Oxwalker","Promo Samsung Galaxy A07 ( 4/64 4/128 6/128 8/256 ) Garansi Resmi Sein",,"2024-Q2"
"https://www.tokopedia.com/ini-toko-budi-shop/samsung-galaxy-a07-4-64-4-128-6-128-8-256-garansi-resmi-sein-1729815001835537895-1735330887460881895?extParam=ivf%3Dtrue%26keyword%3Dsamsung+a07%26search_id%3D2026051013261194F6D7E04A4D452A9TDF%26src%3Dsearch&t_id=1778419236765&t_st=7&t_pp=search_result&t_efo=search_pure_goods_card&t_ef=goods_search&t_sm=&t_spt=search_result","nyesel beli yg ga pake charger... cmn selisih 100rebu padahal","nyesel beli yg ga pake charger... cmn selisih 100rebu padahal","Oxwalker","Indonesia","05-10-2026","03-08-2024","Pants","nyesel beli yg ga pake charger... cmn selisih 100rebu padahal","nyesel beli yg ga pake charger... cmn selisih 100rebu padahal","Unisex",,,"103314079955","Promo Samsung Galaxy A07 ( 4/64 4/128 6/128 8/256 ) Garansi Resmi Sein","Promo Samsung Galaxy A07 ( 4/64 4/128 6/128 8/256 ) Garansi Resmi Sein - A07 4/64 Black, No Bonus Cicil 0% 3x -  - Ini Toko Budi Shop | Tokopedia","Handphone","Android OS","5","1011544792","Product Review","",,"Tokopedia","Oxwalker","Promo Samsung Galaxy A07 ( 4/64 4/128 6/128 8/256 ) Garansi Resmi Sein",,"2024-Q1"
"https://www.tokopedia.com/ini-toko-budi-shop/samsung-galaxy-a07-4-64-4-128-6-128-8-256-garansi-resmi-sein-1729815001835537895-1735330887460881895?extParam=ivf%3Dtrue%26keyword%3Dsamsung+a07%26search_id%3D2026051013261194F6D7E04A4D452A9TDF%26src%3Dsearch&t_id=1778419236765&t_st=7&t_pp=search_result&t_efo=search_pure_goods_card&t_ef=goods_search&t_sm=&t_spt=search_result","Packing aman rapi, barang sesuai pesanan, masih segel. Mantap lah","Packing aman rapi, barang sesuai pesanan, masih segel. Mantap lah","Oxwalker","Indonesia","05-10-2026","04-04-2024","Pants","Packing aman rapi, barang sesuai pesanan, masih segel. Mantap lah","Packing aman rapi, barang sesuai pesanan, masih segel. Mantap lah","Unisex",,,"103314079955","Promo Samsung Galaxy A07 ( 4/64 4/128 6/128 8/256 ) Garansi Resmi Sein","Promo Samsung Galaxy A07 ( 4/64 4/128 6/128 8/256 ) Garansi Resmi Sein - A07 4/64 Black, No Bonus Cicil 0% 3x -  - Ini Toko Budi Shop | Tokopedia","Handphone","Android OS","5","1024082512","Product Review","",,"Tokopedia","Oxwalker","Promo Samsung Galaxy A07 ( 4/64 4/128 6/128 8/256 ) Garansi Resmi Sein",,"2024-Q2"
"https://www.tokopedia.com/ini-toko-budi-shop/samsung-galaxy-a07-4-64-4-128-6-128-8-256-garansi-resmi-sein-1729815001835537895-1735330887460881895?extParam=ivf%3Dtrue%26keyword%3Dsamsung+a07%26search_id%3D2026051013261194F6D7E04A4D452A9TDF%26src%3Dsearch&t_id=1778419236765&t_st=7&t_pp=search_result&t_efo=search_pure_goods_card&t_ef=goods_search&t_sm=&t_spt=search_result","Barang bagus, packing bagus dan kondisi barang diterima sangat bagus","Barang bagus, packing bagus dan kondisi barang diterima sangat bagus","Oxwalker","Indonesia","05-10-2026","12-08-2024","Pants","Barang bagus, packing bagus dan kondisi barang diterima sangat bagus","Barang bagus, packing bagus dan kondisi barang diterima sangat bagus","Unisex",,,"103314079955","Promo Samsung Galaxy A07 ( 4/64 4/128 6/128 8/256 ) Garansi Resmi Sein","Promo Samsung Galaxy A07 ( 4/64 4/128 6/128 8/256 ) Garansi Resmi Sein - A07 4/64 Black, No Bonus Cicil 0% 3x -  - Ini Toko Budi Shop | Tokopedia","Handphone","Android OS","5","1146451307","Product Review","",,"Tokopedia","Oxwalker","Promo Samsung Galaxy A07 ( 4/64 4/128 6/128 8/256 ) Garansi Resmi Sein",,"2024-Q4"
"https://www.tokopedia.com/ini-toko-budi-shop/samsung-galaxy-a07-4-64-4-128-6-128-8-256-garansi-resmi-sein-1729815001835537895-1735330887460881895?extParam=ivf%3Dtrue%26keyword%3Dsamsung+a07%26search_id%3D2026051013261194F6D7E04A4D452A9TDF%26src%3Dsearch&t_id=1778419236765&t_st=7&t_pp=search_result&t_efo=search_pure_goods_card&t_ef=goods_search&t_sm=&t_spt=search_result","pengiriman nya cepat, kurirnya sopan, terimakasih Tokopedia dan seller","pengiriman nya cepat, kurirnya sopan, terimakasih Tokopedia dan seller","Oxwalker","Indonesia","05-10-2026","02-09-2026","Pants","pengiriman nya cepat, kurirnya sopan, terimakasih Tokopedia dan seller","pengiriman nya cepat, kurirnya sopan, terimakasih Tokopedia dan seller","Unisex",,,"103314079955","Promo Samsung Galaxy A07 ( 4/64 4/128 6/128 8/256 ) Garansi Resmi Sein","Promo Samsung Galaxy A07 ( 4/64 4/128 6/128 8/256 ) Garansi Resmi Sein - A07 4/64 Black, No Bonus Cicil 0% 3x -  - Ini Toko Budi Shop | Tokopedia","Handphone","Android OS","5","1914044471","Product Review","",,"Tokopedia","Oxwalker","Promo Samsung Galaxy A07 ( 4/64 4/128 6/128 8/256 ) Garansi Resmi Sein",,"2026-Q1"
"https://www.tokopedia.com/ini-toko-budi-shop/samsung-galaxy-a07-4-64-4-128-6-128-8-256-garansi-resmi-sein-1729815001835537895-1735330887460881895?extParam=ivf%3Dtrue%26keyword%3Dsamsung+a07%26search_id%3D2026051013261194F6D7E04A4D452A9TDF%26src%3Dsearch&t_id=1778419236765&t_st=7&t_pp=search_result&t_efo=search_pure_goods_card&t_ef=goods_search&t_sm=&t_spt=search_result","barang asli original. kemasam amannnn tentrammm. thx seller!","barang asli original. kemasam amannnn tentrammm. thx seller!","Oxwalker","Indonesia","05-10-2026","03-14-2025","Pants","barang asli original. kemasam amannnn tentrammm. thx seller!","barang asli original. kemasam amannnn tentrammm. thx seller!","Unisex",,,"103314079955","Promo Samsung Galaxy A07 ( 4/64 4/128 6/128 8/256 ) Garansi Resmi Sein","Promo Samsung Galaxy A07 ( 4/64 4/128 6/128 8/256 ) Garansi Resmi Sein - A07 4/64 Black, No Bonus Cicil 0% 3x -  - Ini Toko Budi Shop | Tokopedia","Handphone","Android OS","5","1316929331","Product Review","",,"Tokopedia","Oxwalker","Promo Samsung Galaxy A07 ( 4/64 4/128 6/128 8/256 ) Garansi Resmi Sein",,"2025-Q1"
"https://www.tokopedia.com/ini-toko-budi-shop/samsung-galaxy-a07-4-64-4-128-6-128-8-256-garansi-resmi-sein-1729815001835537895-1735330887460881895?extParam=ivf%3Dtrue%26keyword%3Dsamsung+a07%26search_id%3D2026051013261194F6D7E04A4D452A9TDF%26src%3Dsearch&t_id=1778419236765&t_st=7&t_pp=search_result&t_efo=search_pure_goods_card&t_ef=goods_search&t_sm=&t_spt=search_result","Terima kasih banyak..  Pengiriman Cepat dan amanah","Terima kasih banyak..  Pengiriman Cepat dan amanah","Oxwalker","Indonesia","05-10-2026","09-20-2025","Pants","Terima kasih banyak..  Pengiriman Cepat dan amanah","Terima kasih banyak..  Pengiriman Cepat dan amanah","Unisex",,,"103314079955","Promo Samsung Galaxy A07 ( 4/64 4/128 6/128 8/256 ) Garansi Resmi Sein","Promo Samsung Galaxy A07 ( 4/64 4/128 6/128 8/256 ) Garansi Resmi Sein - A07 4/64 Black, No Bonus Cicil 0% 3x -  - Ini Toko Budi Shop | Tokopedia","Handphone","Android OS","5","1686555880","Product Review","",,"Tokopedia","Oxwalker","Promo Samsung Galaxy A07 ( 4/64 4/128 6/128 8/256 ) Garansi Resmi Sein",,"2025-Q3"
"https://www.tokopedia.com/ini-toko-budi-shop/samsung-galaxy-a07-4-64-4-128-6-128-8-256-garansi-resmi-sein-1729815001835537895-1735330887460881895?extParam=ivf%3Dtrue%26keyword%3Dsamsung+a07%26search_id%3D2026051013261194F6D7E04A4D452A9TDF%26src%3Dsearch&t_id=1778419236765&t_st=7&t_pp=search_result&t_efo=search_pure_goods_card&t_ef=goods_search&t_sm=&t_spt=search_result","Manttaaaaaaaab","Manttaaaaaaaab","Oxwalker","Indonesia","05-10-2026","10-03-2025","Pants","Manttaaaaaaaab","Manttaaaaaaaab","Unisex",,,"103314079955","Promo Samsung Galaxy A07 ( 4/64 4/128 6/128 8/256 ) Garansi Resmi Sein","Promo Samsung Galaxy A07 ( 4/64 4/128 6/128 8/256 ) Garansi Resmi Sein - A07 4/64 Black, No Bonus Cicil 0% 3x -  - Ini Toko Budi Shop | Tokopedia","Handphone","Android OS","5","1704384518","Product Review","",,"Tokopedia","Oxwalker","Promo Samsung Galaxy A07 ( 4/64 4/128 6/128 8/256 ) Garansi Resmi Sein",,"2025-Q4"
"https://www.tokopedia.com/ini-toko-budi-shop/samsung-galaxy-a07-4-64-4-128-6-128-8-256-garansi-resmi-sein-1729815001835537895-1735330887460881895?extParam=ivf%3Dtrue%26keyword%3Dsamsung+a07%26search_id%3D2026051013261194F6D7E04A4D452A9TDF%26src%3Dsearch&t_id=1778419236765&t_st=7&t_pp=search_result&t_efo=search_pure_goods_card&t_ef=goods_search&t_sm=&t_spt=search_result","Seller rocemended, fast respon pas order lg butuh buru2 bgt buat kado dan beneran gercep langsung di kirim ❤️😭","Seller rocemended, fast respon pas order lg butuh buru2 bgt buat kado dan beneran gercep langsung di kirim ❤️😭","Oxwalker","Indonesia","05-10-2026","09-30-2024","Pants","Seller rocemended, fast respon pas order lg butuh buru2 bgt buat kado dan beneran gercep langsung di kirim ❤️😭","Seller rocemended, fast respon pas order lg butuh buru2 bgt buat kado dan beneran gercep langsung di kirim ❤️😭","Unisex",,,"103314079955","Promo Samsung Galaxy A07 ( 4/64 4/128 6/128 8/256 ) Garansi Resmi Sein","Promo Samsung Galaxy A07 ( 4/64 4/128 6/128 8/256 ) Garansi Resmi Sein - A07 4/64 Black, No Bonus Cicil 0% 3x -  - Ini Toko Budi Shop | Tokopedia","Handphone","Android OS","5","1099078915","Product Review","",,"Tokopedia","Oxwalker","Promo Samsung Galaxy A07 ( 4/64 4/128 6/128 8/256 ) Garansi Resmi Sein",,"2024-Q3"
"https://www.tokopedia.com/ini-toko-budi-shop/samsung-galaxy-a07-4-64-4-128-6-128-8-256-garansi-resmi-sein-1729815001835537895-1735330887460881895?extParam=ivf%3Dtrue%26keyword%3Dsamsung+a07%26search_id%3D2026051013261194F6D7E04A4D452A9TDF%26src%3Dsearch&t_id=1778419236765&t_st=7&t_pp=search_result&t_efo=search_pure_goods_card&t_ef=goods_search&t_sm=&t_spt=search_result","Quality of work: ligat cepat tanggap
System performance: warbiasa","Quality of work: ligat cepat tanggap
System performance: warbiasa","Oxwalker","Indonesia","05-10-2026","09-17-2025","Pants","Quality of work: ligat cepat tanggap
System performance: warbiasa","Quality of work: ligat cepat tanggap
System performance: warbiasa","Unisex",,,"103314079955","Promo Samsung Galaxy A07 ( 4/64 4/128 6/128 8/256 ) Garansi Resmi Sein","Promo Samsung Galaxy A07 ( 4/64 4/128 6/128 8/256 ) Garansi Resmi Sein - A07 4/64 Black, No Bonus Cicil 0% 3x -  - Ini Toko Budi Shop | Tokopedia","Handphone","Android OS","5","1681358319","Product Review","",,"Tokopedia","Oxwalker","Promo Samsung Galaxy A07 ( 4/64 4/128 6/128 8/256 ) Garansi Resmi Sein",,"2025-Q3"
"https://www.tokopedia.com/ini-toko-budi-shop/samsung-galaxy-a07-4-64-4-128-6-128-8-256-garansi-resmi-sein-1729815001835537895-1735330887460881895?extParam=ivf%3Dtrue%26keyword%3Dsamsung+a07%26search_id%3D2026051013261194F6D7E04A4D452A9TDF%26src%3Dsearch&t_id=1778419236765&t_st=7&t_pp=search_result&t_efo=search_pure_goods_card&t_ef=goods_search&t_sm=&t_spt=search_result","Beli minggu malam tapi baru dikirim selasa sore, kamis pagi sudah sampai Kebumen. Terima kasih","Beli minggu malam tapi baru dikirim selasa sore, kamis pagi sudah sampai Kebumen. Terima kasih","Oxwalker","Indonesia","05-10-2026","02-20-2025","Pants","Beli minggu malam tapi baru dikirim selasa sore, kamis pagi sudah sampai Kebumen. Terima kasih","Beli minggu malam tapi baru dikirim selasa sore, kamis pagi sudah sampai Kebumen. Terima kasih","Unisex",,,"103314079955","Promo Samsung Galaxy A07 ( 4/64 4/128 6/128 8/256 ) Garansi Resmi Sein","Promo Samsung Galaxy A07 ( 4/64 4/128 6/128 8/256 ) Garansi Resmi Sein - A07 4/64 Black, No Bonus Cicil 0% 3x -  - Ini Toko Budi Shop | Tokopedia","Handphone","Android OS","5","1207060862","Product Review","",,"Tokopedia","Oxwalker","Promo Samsung Galaxy A07 ( 4/64 4/128 6/128 8/256 ) Garansi Resmi Sein",,"2025-Q1"
"https://www.tokopedia.com/ini-toko-budi-shop/samsung-galaxy-a07-4-64-4-128-6-128-8-256-garansi-resmi-sein-1729815001835537895-1735330887460881895?extParam=ivf%3Dtrue%26keyword%3Dsamsung+a07%26search_id%3D2026051013261194F6D7E04A4D452A9TDF%26src%3Dsearch&t_id=1778419236765&t_st=7&t_pp=search_result&t_efo=search_pure_goods_card&t_ef=goods_search&t_sm=&t_spt=search_result","Awalnya ragu, tapi toko ini sangat terpercaya. Terima kasih seller","Awalnya ragu, tapi toko ini sangat terpercaya. Terima kasih seller","Oxwalker","Indonesia","05-10-2026","08-20-2025","Pants","Awalnya ragu, tapi toko ini sangat terpercaya. Terima kasih seller","Awalnya ragu, tapi toko ini sangat terpercaya. Terima kasih seller","Unisex",,,"103314079955","Promo Samsung Galaxy A07 ( 4/64 4/128 6/128 8/256 ) Garansi Resmi Sein","Promo Samsung Galaxy A07 ( 4/64 4/128 6/128 8/256 ) Garansi Resmi Sein - A07 4/64 Black, No Bonus Cicil 0% 3x -  - Ini Toko Budi Shop | Tokopedia","Handphone","Android OS","5","1637653122","Product Review","",,"Tokopedia","Oxwalker","Promo Samsung Galaxy A07 ( 4/64 4/128 6/128 8/256 ) Garansi Resmi Sein",,"2025-Q3"
"https://www.tokopedia.com/ini-toko-budi-shop/samsung-galaxy-a07-4-64-4-128-6-128-8-256-garansi-resmi-sein-1729815001835537895-1735330887460881895?extParam=ivf%3Dtrue%26keyword%3Dsamsung+a07%26search_id%3D2026051013261194F6D7E04A4D452A9TDF%26src%3Dsearch&t_id=1778419236765&t_st=7&t_pp=search_result&t_efo=search_pure_goods_card&t_ef=goods_search&t_sm=&t_spt=search_result","Sesuai pesanan,packing aman,cuman blm d cek krn buat d jual lagi","Sesuai pesanan,packing aman,cuman blm d cek krn buat d jual lagi","Oxwalker","Indonesia","05-10-2026","11-26-2025","Pants","Sesuai pesanan,packing aman,cuman blm d cek krn buat d jual lagi","Sesuai pesanan,packing aman,cuman blm d cek krn buat d jual lagi","Unisex",,,"103314079955","Promo Samsung Galaxy A07 ( 4/64 4/128 6/128 8/256 ) Garansi Resmi Sein","Promo Samsung Galaxy A07 ( 4/64 4/128 6/128 8/256 ) Garansi Resmi Sein - A07 4/64 Black, No Bonus Cicil 0% 3x -  - Ini Toko Budi Shop | Tokopedia","Handphone","Android OS","5","1783714365","Product Review","",,"Tokopedia","Oxwalker","Promo Samsung Galaxy A07 ( 4/64 4/128 6/128 8/256 ) Garansi Resmi Sein",,"2025-Q4"
"https://www.tokopedia.com/ini-toko-budi-shop/samsung-galaxy-a07-4-64-4-128-6-128-8-256-garansi-resmi-sein-1729815001835537895-1735330887460881895?extParam=ivf%3Dtrue%26keyword%3Dsamsung+a07%26search_id%3D2026051013261194F6D7E04A4D452A9TDF%26src%3Dsearch&t_id=1778419236765&t_st=7&t_pp=search_result&t_efo=search_pure_goods_card&t_ef=goods_search&t_sm=&t_spt=search_result","Terimakasih barang diterima dengan baik dan segel masih utuh.","Terimakasih barang diterima dengan baik dan segel masih utuh.","Oxwalker","Indonesia","05-10-2026","10-25-2025","Pants","Terimakasih barang diterima dengan baik dan segel masih utuh.","Terimakasih barang diterima dengan baik dan segel masih utuh.","Unisex",,,"103314079955","Promo Samsung Galaxy A07 ( 4/64 4/128 6/128 8/256 ) Garansi Resmi Sein","Promo Samsung Galaxy A07 ( 4/64 4/128 6/128 8/256 ) Garansi Resmi Sein - A07 4/64 Black, No Bonus Cicil 0% 3x -  - Ini Toko Budi Shop | Tokopedia","Handphone","Android OS","5","1735521327","Product Review","",,"Tokopedia","Oxwalker","Promo Samsung Galaxy A07 ( 4/64 4/128 6/128 8/256 ) Garansi Resmi Sein",,"2025-Q4"
"https://www.tokopedia.com/ini-toko-budi-shop/samsung-galaxy-a07-4-64-4-128-6-128-8-256-garansi-resmi-sein-1729815001835537895-1735330887460881895?extParam=ivf%3Dtrue%26keyword%3Dsamsung+a07%26search_id%3D2026051013261194F6D7E04A4D452A9TDF%26src%3Dsearch&t_id=1778419236765&t_st=7&t_pp=search_result&t_efo=search_pure_goods_card&t_ef=goods_search&t_sm=&t_spt=search_result","pengiriman nya cepat, kurirnya sopan, terimakasih Tokopedia dan seller","pengiriman nya cepat, kurirnya sopan, terimakasih Tokopedia dan seller","Oxwalker","Indonesia","05-10-2026","07-14-2025","Pants","pengiriman nya cepat, kurirnya sopan, terimakasih Tokopedia dan seller","pengiriman nya cepat, kurirnya sopan, terimakasih Tokopedia dan seller","Unisex",,,"103314079955","Promo Samsung Galaxy A07 ( 4/64 4/128 6/128 8/256 ) Garansi Resmi Sein","Promo Samsung Galaxy A07 ( 4/64 4/128 6/128 8/256 ) Garansi Resmi Sein - A07 4/64 Black, No Bonus Cicil 0% 3x -  - Ini Toko Budi Shop | Tokopedia","Handphone","Android OS","5","1572336568","Product Review","",,"Tokopedia","Oxwalker","Promo Samsung Galaxy A07 ( 4/64 4/128 6/128 8/256 ) Garansi Resmi Sein",,"2025-Q3"
"https://www.tokopedia.com/ini-toko-budi-shop/samsung-galaxy-a07-4-64-4-128-6-128-8-256-garansi-resmi-sein-1729815001835537895-1735330887460881895?extParam=ivf%3Dtrue%26keyword%3Dsamsung+a07%26search_id%3D2026051013261194F6D7E04A4D452A9TDF%26src%3Dsearch&t_id=1778419236765&t_st=7&t_pp=search_result&t_efo=search_pure_goods_card&t_ef=goods_search&t_sm=&t_spt=search_result","Packing aman...sedang di coba semoga dipakai lancar","Packing aman...sedang di coba semoga dipakai lancar","Oxwalker","Indonesia","05-10-2026","09-13-2025","Pants","Packing aman...sedang di coba semoga dipakai lancar","Packing aman...sedang di coba semoga dipakai lancar","Unisex",,,"103314079955","Promo Samsung Galaxy A07 ( 4/64 4/128 6/128 8/256 ) Garansi Resmi Sein","Promo Samsung Galaxy A07 ( 4/64 4/128 6/128 8/256 ) Garansi Resmi Sein - A07 4/64 Black, No Bonus Cicil 0% 3x -  - Ini Toko Budi Shop | Tokopedia","Handphone","Android OS","5","1674992450","Product Review","",,"Tokopedia","Oxwalker","Promo Samsung Galaxy A07 ( 4/64 4/128 6/128 8/256 ) Garansi Resmi Sein",,"2025-Q3"
"https://www.tokopedia.com/ini-toko-budi-shop/samsung-galaxy-a07-4-64-4-128-6-128-8-256-garansi-resmi-sein-1729815001835537895-1735330887460881895?extParam=ivf%3Dtrue%26keyword%3Dsamsung+a07%26search_id%3D2026051013261194F6D7E04A4D452A9TDF%26src%3Dsearch&t_id=1778419236765&t_st=7&t_pp=search_result&t_efo=search_pure_goods_card&t_ef=goods_search&t_sm=&t_spt=search_result","mantap arang sesuai...yg jual sabar banget ngadepin pembeli yg bawel kayak saya semoga sukses selalu aamìin","mantap arang sesuai...yg jual sabar banget ngadepin pembeli yg bawel kayak saya semoga sukses selalu aamìin","Oxwalker","Indonesia","05-10-2026","06-28-2025","Pants","mantap arang sesuai...yg jual sabar banget ngadepin pembeli yg bawel kayak saya semoga sukses selalu aamìin","mantap arang sesuai...yg jual sabar banget ngadepin pembeli yg bawel kayak saya semoga sukses selalu aamìin","Unisex",,,"103314079955","Promo Samsung Galaxy A07 ( 4/64 4/128 6/128 8/256 ) Garansi Resmi Sein","Promo Samsung Galaxy A07 ( 4/64 4/128 6/128 8/256 ) Garansi Resmi Sein - A07 4/64 Black, No Bonus Cicil 0% 3x -  - Ini Toko Budi Shop | Tokopedia","Handphone","Android OS","5","1545437509","Product Review","",,"Tokopedia","Oxwalker","Promo Samsung Galaxy A07 ( 4/64 4/128 6/128 8/256 ) Garansi Resmi Sein",,"2025-Q2"
"https://www.tokopedia.com/ini-toko-budi-shop/samsung-galaxy-a07-4-64-4-128-6-128-8-256-garansi-resmi-sein-1729815001835537895-1735330887460881895?extParam=ivf%3Dtrue%26keyword%3Dsamsung+a07%26search_id%3D2026051013261194F6D7E04A4D452A9TDF%26src%3Dsearch&t_id=1778419236765&t_st=7&t_pp=search_result&t_efo=search_pure_goods_card&t_ef=goods_search&t_sm=&t_spt=search_result","Penjual responsif. Pengiriman ga ada bermasalah. Terima kasih","Penjual responsif. Pengiriman ga ada bermasalah. Terima kasih","Oxwalker","Indonesia","05-10-2026","09-13-2025","Pants","Penjual responsif. Pengiriman ga ada bermasalah. Terima kasih","Penjual responsif. Pengiriman ga ada bermasalah. Terima kasih","Unisex",,,"103314079955","Promo Samsung Galaxy A07 ( 4/64 4/128 6/128 8/256 ) Garansi Resmi Sein","Promo Samsung Galaxy A07 ( 4/64 4/128 6/128 8/256 ) Garansi Resmi Sein - A07 4/64 Black, No Bonus Cicil 0% 3x -  - Ini Toko Budi Shop | Tokopedia","Handphone","Android OS","5","1676076641","Product Review","",,"Tokopedia","Oxwalker","Promo Samsung Galaxy A07 ( 4/64 4/128 6/128 8/256 ) Garansi Resmi Sein",,"2025-Q3"
"https://www.tokopedia.com/ini-toko-budi-shop/samsung-galaxy-a07-4-64-4-128-6-128-8-256-garansi-resmi-sein-1729815001835537895-1735330887460881895?extParam=ivf%3Dtrue%26keyword%3Dsamsung+a07%26search_id%3D2026051013261194F6D7E04A4D452A9TDF%26src%3Dsearch&t_id=1778419236765&t_st=7&t_pp=search_result&t_efo=search_pure_goods_card&t_ef=goods_search&t_sm=&t_spt=search_result","walaupun keterangan paket ditulis hp tapi pengiriman tetep aman, walaupun agak deg deg an","walaupun keterangan paket ditulis hp tapi pengiriman tetep aman, walaupun agak deg deg an","Oxwalker","Indonesia","05-10-2026","01-15-2026","Pants","walaupun keterangan paket ditulis hp tapi pengiriman tetep aman, walaupun agak deg deg an","walaupun keterangan paket ditulis hp tapi pengiriman tetep aman, walaupun agak deg deg an","Unisex",,,"103314079955","Promo Samsung Galaxy A07 ( 4/64 4/128 6/128 8/256 ) Garansi Resmi Sein","Promo Samsung Galaxy A07 ( 4/64 4/128 6/128 8/256 ) Garansi Resmi Sein - A07 4/64 Black, No Bonus Cicil 0% 3x -  - Ini Toko Budi Shop | Tokopedia","Handphone","Android OS","5","1869017323","Product Review","",,"Tokopedia","Oxwalker","Promo Samsung Galaxy A07 ( 4/64 4/128 6/128 8/256 ) Garansi Resmi Sein",,"2026-Q1"
"https://www.tokopedia.com/ini-toko-budi-shop/samsung-galaxy-a07-4-64-4-128-6-128-8-256-garansi-resmi-sein-1729815001835537895-1735330887460881895?extParam=ivf%3Dtrue%26keyword%3Dsamsung+a07%26search_id%3D2026051013261194F6D7E04A4D452A9TDF%26src%3Dsearch&t_id=1778419236765&t_st=7&t_pp=search_result&t_efo=search_pure_goods_card&t_ef=goods_search&t_sm=&t_spt=search_result","kemasan cuma plastik hitam terus kardus, agak ngeri2 sedap belum di coba hp nya karena pesanan org 😂😂","kemasan cuma plastik hitam terus kardus, agak ngeri2 sedap belum di coba hp nya karena pesanan org 😂😂","Oxwalker","Indonesia","05-10-2026","08-14-2025","Pants","kemasan cuma plastik hitam terus kardus, agak ngeri2 sedap belum di coba hp nya karena pesanan org 😂😂","kemasan cuma plastik hitam terus kardus, agak ngeri2 sedap belum di coba hp nya karena pesanan org 😂😂","Unisex",,,"103314079955","Promo Samsung Galaxy A07 ( 4/64 4/128 6/128 8/256 ) Garansi Resmi Sein","Promo Samsung Galaxy A07 ( 4/64 4/128 6/128 8/256 ) Garansi Resmi Sein - A07 4/64 Black, No Bonus Cicil 0% 3x -  - Ini Toko Budi Shop | Tokopedia","Handphone","Android OS","5","1628714359","Product Review","",,"Tokopedia","Oxwalker","Promo Samsung Galaxy A07 ( 4/64 4/128 6/128 8/256 ) Garansi Resmi Sein",,"2025-Q3"
"https://www.tokopedia.com/ini-toko-budi-shop/samsung-galaxy-a07-4-64-4-128-6-128-8-256-garansi-resmi-sein-1729815001835537895-1735330887460881895?extParam=ivf%3Dtrue%26keyword%3Dsamsung+a07%26search_id%3D2026051013261194F6D7E04A4D452A9TDF%26src%3Dsearch&t_id=1778419236765&t_st=7&t_pp=search_result&t_efo=search_pure_goods_card&t_ef=goods_search&t_sm=&t_spt=search_result","All good. Mungkin next seller bisa sedikit lebih responsif buat jawab pertanyaan pembeli. Thanku","All good. Mungkin next seller bisa sedikit lebih responsif buat jawab pertanyaan pembeli. Thanku","Oxwalker","Indonesia","05-10-2026","10-25-2025","Pants","All good. Mungkin next seller bisa sedikit lebih responsif buat jawab pertanyaan pembeli. Thanku","All good. Mungkin next seller bisa sedikit lebih responsif buat jawab pertanyaan pembeli. Thanku","Unisex",,,"103314079955","Promo Samsung Galaxy A07 ( 4/64 4/128 6/128 8/256 ) Garansi Resmi Sein","Promo Samsung Galaxy A07 ( 4/64 4/128 6/128 8/256 ) Garansi Resmi Sein - A07 4/64 Black, No Bonus Cicil 0% 3x -  - Ini Toko Budi Shop | Tokopedia","Handphone","Android OS","5","1735792054","Product Review","",,"Tokopedia","Oxwalker","Promo Samsung Galaxy A07 ( 4/64 4/128 6/128 8/256 ) Garansi Resmi Sein",,"2025-Q4"
"https://www.tokopedia.com/ini-toko-budi-shop/samsung-galaxy-a07-4-64-4-128-6-128-8-256-garansi-resmi-sein-1729815001835537895-1735330887460881895?extParam=ivf%3Dtrue%26keyword%3Dsamsung+a07%26search_id%3D2026051013261194F6D7E04A4D452A9TDF%26src%3Dsearch&t_id=1778419236765&t_st=7&t_pp=search_result&t_efo=search_pure_goods_card&t_ef=goods_search&t_sm=&t_spt=search_result","pengirimannya cepat, respon ok. top deh makasih sukses","pengirimannya cepat, respon ok. top deh makasih sukses","Oxwalker","Indonesia","05-10-2026","11-09-2025","Pants","pengirimannya cepat, respon ok. top deh makasih sukses","pengirimannya cepat, respon ok. top deh makasih sukses","Unisex",,,"103314079955","Promo Samsung Galaxy A07 ( 4/64 4/128 6/128 8/256 ) Garansi Resmi Sein","Promo Samsung Galaxy A07 ( 4/64 4/128 6/128 8/256 ) Garansi Resmi Sein - A07 4/64 Black, No Bonus Cicil 0% 3x -  - Ini Toko Budi Shop | Tokopedia","Handphone","Android OS","5","1758796848","Product Review","",,"Tokopedia","Oxwalker","Promo Samsung Galaxy A07 ( 4/64 4/128 6/128 8/256 ) Garansi Resmi Sein",,"2025-Q4"
"https://www.tokopedia.com/ini-toko-budi-shop/samsung-galaxy-a07-4-64-4-128-6-128-8-256-garansi-resmi-sein-1729815001835537895-1735330887460881895?extParam=ivf%3Dtrue%26keyword%3Dsamsung+a07%26search_id%3D2026051013261194F6D7E04A4D452A9TDF%26src%3Dsearch&t_id=1778419236765&t_st=7&t_pp=search_result&t_efo=search_pure_goods_card&t_ef=goods_search&t_sm=&t_spt=search_result","barang masih dalam kondisi packing yg rapih , cepat sampe dan pelayanannya mantap ,","barang masih dalam kondisi packing yg rapih , cepat sampe dan pelayanannya mantap ,","Oxwalker","Indonesia","05-10-2026","02-07-2026","Pants","barang masih dalam kondisi packing yg rapih , cepat sampe dan pelayanannya mantap ,","barang masih dalam kondisi packing yg rapih , cepat sampe dan pelayanannya mantap ,","Unisex",,,"103314079955","Promo Samsung Galaxy A07 ( 4/64 4/128 6/128 8/256 ) Garansi Resmi Sein","Promo Samsung Galaxy A07 ( 4/64 4/128 6/128 8/256 ) Garansi Resmi Sein - A07 4/64 Black, No Bonus Cicil 0% 3x -  - Ini Toko Budi Shop | Tokopedia","Handphone","Android OS","5","1910593010","Product Review","",,"Tokopedia","Oxwalker","Promo Samsung Galaxy A07 ( 4/64 4/128 6/128 8/256 ) Garansi Resmi Sein",,"2026-Q1"
"https://www.tokopedia.com/ini-toko-budi-shop/samsung-galaxy-a07-4-64-4-128-6-128-8-256-garansi-resmi-sein-1729815001835537895-1735330887460881895?extParam=ivf%3Dtrue%26keyword%3Dsamsung+a07%26search_id%3D2026051013261194F6D7E04A4D452A9TDF%26src%3Dsearch&t_id=1778419236765&t_st=7&t_pp=search_result&t_efo=search_pure_goods_card&t_ef=goods_search&t_sm=&t_spt=search_result","Kualitas pengerjaan: Sesuai pesanan
Kejernihan lensa: Sesuai pesanan","Kualitas pengerjaan: Sesuai pesanan
Kejernihan lensa: Sesuai pesanan","Oxwalker","Indonesia","05-10-2026","01-13-2026","Pants","Kualitas pengerjaan: Sesuai pesanan
Kejernihan lensa: Sesuai pesanan","Kualitas pengerjaan: Sesuai pesanan
Kejernihan lensa: Sesuai pesanan","Unisex",,,"103314079955","Promo Samsung Galaxy A07 ( 4/64 4/128 6/128 8/256 ) Garansi Resmi Sein","Promo Samsung Galaxy A07 ( 4/64 4/128 6/128 8/256 ) Garansi Resmi Sein - A07 4/64 Black, No Bonus Cicil 0% 3x -  - Ini Toko Budi Shop | Tokopedia","Handphone","Android OS","5","1866251511","Product Review","",,"Tokopedia","Oxwalker","Promo Samsung Galaxy A07 ( 4/64 4/128 6/128 8/256 ) Garansi Resmi Sein",,"2026-Q1"
"https://www.tokopedia.com/ini-toko-budi-shop/samsung-galaxy-a07-4-64-4-128-6-128-8-256-garansi-resmi-sein-1729815001835537895-1735330887460881895?extParam=ivf%3Dtrue%26keyword%3Dsamsung+a07%26search_id%3D2026051013261194F6D7E04A4D452A9TDF%26src%3Dsearch&t_id=1778419236765&t_st=7&t_pp=search_result&t_efo=search_pure_goods_card&t_ef=goods_search&t_sm=&t_spt=search_result","2 hari sampai,yg pasti ori berfungsi dgn baik terimakasih.","2 hari sampai,yg pasti ori berfungsi dgn baik terimakasih.","Oxwalker","Indonesia","05-10-2026","11-01-2025","Pants","2 hari sampai,yg pasti ori berfungsi dgn baik terimakasih.","2 hari sampai,yg pasti ori berfungsi dgn baik terimakasih.","Unisex",,,"103314079955","Promo Samsung Galaxy A07 ( 4/64 4/128 6/128 8/256 ) Garansi Resmi Sein","Promo Samsung Galaxy A07 ( 4/64 4/128 6/128 8/256 ) Garansi Resmi Sein - A07 4/64 Black, No Bonus Cicil 0% 3x -  - Ini Toko Budi Shop | Tokopedia","Handphone","Android OS","5","1746015477","Product Review","",,"Tokopedia","Oxwalker","Promo Samsung Galaxy A07 ( 4/64 4/128 6/128 8/256 ) Garansi Resmi Sein",,"2025-Q4"
"https://www.tokopedia.com/ini-toko-budi-shop/samsung-galaxy-a07-4-64-4-128-6-128-8-256-garansi-resmi-sein-1729815001835537895-1735330887460881895?extParam=ivf%3Dtrue%26keyword%3Dsamsung+a07%26search_id%3D2026051013261194F6D7E04A4D452A9TDF%26src%3Dsearch&t_id=1778419236765&t_st=7&t_pp=search_result&t_efo=search_pure_goods_card&t_ef=goods_search&t_sm=&t_spt=search_result","Top markotop,pengiriman cepat dan barang aman sampai tujuan","Top markotop,pengiriman cepat dan barang aman sampai tujuan","Oxwalker","Indonesia","05-10-2026","10-13-2025","Pants","Top markotop,pengiriman cepat dan barang aman sampai tujuan","Top markotop,pengiriman cepat dan barang aman sampai tujuan","Unisex",,,"103314079955","Promo Samsung Galaxy A07 ( 4/64 4/128 6/128 8/256 ) Garansi Resmi Sein","Promo Samsung Galaxy A07 ( 4/64 4/128 6/128 8/256 ) Garansi Resmi Sein - A07 4/64 Black, No Bonus Cicil 0% 3x -  - Ini Toko Budi Shop | Tokopedia","Handphone","Android OS","5","1719179868","Product Review","",,"Tokopedia","Oxwalker","Promo Samsung Galaxy A07 ( 4/64 4/128 6/128 8/256 ) Garansi Resmi Sein",,"2025-Q4"
"https://www.tokopedia.com/ini-toko-budi-shop/samsung-galaxy-a07-4-64-4-128-6-128-8-256-garansi-resmi-sein-1729815001835537895-1735330887460881895?extParam=ivf%3Dtrue%26keyword%3Dsamsung+a07%26search_id%3D2026051013261194F6D7E04A4D452A9TDF%26src%3Dsearch&t_id=1778419236765&t_st=7&t_pp=search_result&t_efo=search_pure_goods_card&t_ef=goods_search&t_sm=&t_spt=search_result","alhamdulillah ini pembelian yg kedua ,seller amanah, jangan ragu belanja di toko ini","alhamdulillah ini pembelian yg kedua ,seller amanah, jangan ragu belanja di toko ini","Oxwalker","Indonesia","05-10-2026","11-13-2025","Pants","alhamdulillah ini pembelian yg kedua ,seller amanah, jangan ragu belanja di toko ini","alhamdulillah ini pembelian yg kedua ,seller amanah, jangan ragu belanja di toko ini","Unisex",,,"103314079955","Promo Samsung Galaxy A07 ( 4/64 4/128 6/128 8/256 ) Garansi Resmi Sein","Promo Samsung Galaxy A07 ( 4/64 4/128 6/128 8/256 ) Garansi Resmi Sein - A07 4/64 Black, No Bonus Cicil 0% 3x -  - Ini Toko Budi Shop | Tokopedia","Handphone","Android OS","5","1765234257","Product Review","",,"Tokopedia","Oxwalker","Promo Samsung Galaxy A07 ( 4/64 4/128 6/128 8/256 ) Garansi Resmi Sein",,"2025-Q4"
"https://www.tokopedia.com/ini-toko-budi-shop/samsung-galaxy-a07-4-64-4-128-6-128-8-256-garansi-resmi-sein-1729815001835537895-1735330887460881895?extParam=ivf%3Dtrue%26keyword%3Dsamsung+a07%26search_id%3D2026051013261194F6D7E04A4D452A9TDF%26src%3Dsearch&t_id=1778419236765&t_st=7&t_pp=search_result&t_efo=search_pure_goods_card&t_ef=goods_search&t_sm=&t_spt=search_result","Mantap barangnya sesuai dengan apa yg dideskripsikan","Mantap barangnya sesuai dengan apa yg dideskripsikan","Oxwalker","Indonesia","05-10-2026","09-26-2025","Pants","Mantap barangnya sesuai dengan apa yg dideskripsikan","Mantap barangnya sesuai dengan apa yg dideskripsikan","Unisex",,,"103314079955","Promo Samsung Galaxy A07 ( 4/64 4/128 6/128 8/256 ) Garansi Resmi Sein","Promo Samsung Galaxy A07 ( 4/64 4/128 6/128 8/256 ) Garansi Resmi Sein - A07 4/64 Black, No Bonus Cicil 0% 3x -  - Ini Toko Budi Shop | Tokopedia","Handphone","Android OS","5","1693988386","Product Review","",,"Tokopedia","Oxwalker","Promo Samsung Galaxy A07 ( 4/64 4/128 6/128 8/256 ) Garansi Resmi Sein",,"2025-Q3"
"https://www.tokopedia.com/ini-toko-budi-shop/samsung-galaxy-a07-4-64-4-128-6-128-8-256-garansi-resmi-sein-1729815001835537895-1735330887460881895?extParam=ivf%3Dtrue%26keyword%3Dsamsung+a07%26search_id%3D2026051013261194F6D7E04A4D452A9TDF%26src%3Dsearch&t_id=1778419236765&t_st=7&t_pp=search_result&t_efo=search_pure_goods_card&t_ef=goods_search&t_sm=&t_spt=search_result","Barang sampai cepat, produk oke.
Bonus package oke","Barang sampai cepat, produk oke.
Bonus package oke","Oxwalker","Indonesia","05-10-2026","09-25-2025","Pants","Barang sampai cepat, produk oke.
Bonus package oke","Barang sampai cepat, produk oke.
Bonus package oke","Unisex",,,"103314079955","Promo Samsung Galaxy A07 ( 4/64 4/128 6/128 8/256 ) Garansi Resmi Sein","Promo Samsung Galaxy A07 ( 4/64 4/128 6/128 8/256 ) Garansi Resmi Sein - A07 4/64 Black, No Bonus Cicil 0% 3x -  - Ini Toko Budi Shop | Tokopedia","Handphone","Android OS","5","1693496438","Product Review","",,"Tokopedia","Oxwalker","Promo Samsung Galaxy A07 ( 4/64 4/128 6/128 8/256 ) Garansi Resmi Sein",,"2025-Q3"
"https://www.tokopedia.com/ini-toko-budi-shop/samsung-galaxy-a07-4-64-4-128-6-128-8-256-garansi-resmi-sein-1729815001835537895-1735330887460881895?extParam=ivf%3Dtrue%26keyword%3Dsamsung+a07%26search_id%3D2026051013261194F6D7E04A4D452A9TDF%26src%3Dsearch&t_id=1778419236765&t_st=7&t_pp=search_result&t_efo=search_pure_goods_card&t_ef=goods_search&t_sm=&t_spt=search_result","Barng mulus cumn cra faking nya yg tdk bagus atau tdk terlalu aman","Barng mulus cumn cra faking nya yg tdk bagus atau tdk terlalu aman","Oxwalker","Indonesia","05-10-2026","10-12-2025","Pants","Barng mulus cumn cra faking nya yg tdk bagus atau tdk terlalu aman","Barng mulus cumn cra faking nya yg tdk bagus atau tdk terlalu aman","Unisex",,,"103314079955","Promo Samsung Galaxy A07 ( 4/64 4/128 6/128 8/256 ) Garansi Resmi Sein","Promo Samsung Galaxy A07 ( 4/64 4/128 6/128 8/256 ) Garansi Resmi Sein - A07 4/64 Black, No Bonus Cicil 0% 3x -  - Ini Toko Budi Shop | Tokopedia","Handphone","Android OS","5","1717903607","Product Review","",,"Tokopedia","Oxwalker","Promo Samsung Galaxy A07 ( 4/64 4/128 6/128 8/256 ) Garansi Resmi Sein",,"2025-Q4"
"https://www.tokopedia.com/ini-toko-budi-shop/samsung-galaxy-a07-4-64-4-128-6-128-8-256-garansi-resmi-sein-1729815001835537895-1735330887460881895?extParam=ivf%3Dtrue%26keyword%3Dsamsung+a07%26search_id%3D2026051013261194F6D7E04A4D452A9TDF%26src%3Dsearch&t_id=1778419236765&t_st=7&t_pp=search_result&t_efo=search_pure_goods_card&t_ef=goods_search&t_sm=&t_spt=search_result","Kereeeeennn bangeeeeettttsss, makasih barang sampai dengan baik, hanya kurir ny kurang fokus saja naruh sembarangan...","Kereeeeennn bangeeeeettttsss, makasih barang sampai dengan baik, hanya kurir ny kurang fokus saja naruh sembarangan...","Oxwalker","Indonesia","05-10-2026","11-03-2025","Pants","Kereeeeennn bangeeeeettttsss, makasih barang sampai dengan baik, hanya kurir ny kurang fokus saja naruh sembarangan...","Kereeeeennn bangeeeeettttsss, makasih barang sampai dengan baik, hanya kurir ny kurang fokus saja naruh sembarangan...","Unisex",,,"103314079955","Promo Samsung Galaxy A07 ( 4/64 4/128 6/128 8/256 ) Garansi Resmi Sein","Promo Samsung Galaxy A07 ( 4/64 4/128 6/128 8/256 ) Garansi Resmi Sein - A07 4/64 Black, No Bonus Cicil 0% 3x -  - Ini Toko Budi Shop | Tokopedia","Handphone","Android OS","5","1748088233","Product Review","",,"Tokopedia","Oxwalker","Promo Samsung Galaxy A07 ( 4/64 4/128 6/128 8/256 ) Garansi Resmi Sein",,"2025-Q4"
"https://www.tokopedia.com/ini-toko-budi-shop/samsung-galaxy-a07-4-64-4-128-6-128-8-256-garansi-resmi-sein-1729815001835537895-1735330887460881895?extParam=ivf%3Dtrue%26keyword%3Dsamsung+a07%26search_id%3D2026051013261194F6D7E04A4D452A9TDF%26src%3Dsearch&t_id=1778419236765&t_st=7&t_pp=search_result&t_efo=search_pure_goods_card&t_ef=goods_search&t_sm=&t_spt=search_result","barang pesanan kami terima dengan baik, sesuai pesanan dan jadwal pengiriman.
terimakasih.","barang pesanan kami terima dengan baik, sesuai pesanan dan jadwal pengiriman.
terimakasih.","Oxwalker","Indonesia","05-10-2026","05-19-2025","Pants","barang pesanan kami terima dengan baik, sesuai pesanan dan jadwal pengiriman.
terimakasih.","barang pesanan kami terima dengan baik, sesuai pesanan dan jadwal pengiriman.
terimakasih.","Unisex",,,"103314079955","Promo Samsung Galaxy A07 ( 4/64 4/128 6/128 8/256 ) Garansi Resmi Sein","Promo Samsung Galaxy A07 ( 4/64 4/128 6/128 8/256 ) Garansi Resmi Sein - A07 4/64 Black, No Bonus Cicil 0% 3x -  - Ini Toko Budi Shop | Tokopedia","Handphone","Android OS","5","1467464142","Product Review","",,"Tokopedia","Oxwalker","Promo Samsung Galaxy A07 ( 4/64 4/128 6/128 8/256 ) Garansi Resmi Sein",,"2025-Q2"
"https://www.tokopedia.com/ini-toko-budi-shop/samsung-galaxy-a07-4-64-4-128-6-128-8-256-garansi-resmi-sein-1729815001835537895-1735330887460881895?extParam=ivf%3Dtrue%26keyword%3Dsamsung+a07%26search_id%3D2026051013261194F6D7E04A4D452A9TDF%26src%3Dsearch&t_id=1778419236765&t_st=7&t_pp=search_result&t_efo=search_pure_goods_card&t_ef=goods_search&t_sm=&t_spt=search_result","Barang ori masih disegel,,pengiriman cepat,,packing oke,,keren","Barang ori masih disegel,,pengiriman cepat,,packing oke,,keren","Oxwalker","Indonesia","05-10-2026","11-29-2025","Pants","Barang ori masih disegel,,pengiriman cepat,,packing oke,,keren","Barang ori masih disegel,,pengiriman cepat,,packing oke,,keren","Unisex",,,"103314079955","Promo Samsung Galaxy A07 ( 4/64 4/128 6/128 8/256 ) Garansi Resmi Sein","Promo Samsung Galaxy A07 ( 4/64 4/128 6/128 8/256 ) Garansi Resmi Sein - A07 4/64 Black, No Bonus Cicil 0% 3x -  - Ini Toko Budi Shop | Tokopedia","Handphone","Android OS","5","1788759968","Product Review","",,"Tokopedia","Oxwalker","Promo Samsung Galaxy A07 ( 4/64 4/128 6/128 8/256 ) Garansi Resmi Sein",,"2025-Q4"
"https://www.tokopedia.com/ini-toko-budi-shop/samsung-galaxy-a07-4-64-4-128-6-128-8-256-garansi-resmi-sein-1729815001835537895-1735330887460881895?extParam=ivf%3Dtrue%26keyword%3Dsamsung+a07%26search_id%3D2026051013261194F6D7E04A4D452A9TDF%26src%3Dsearch&t_id=1778419236765&t_st=7&t_pp=search_result&t_efo=search_pure_goods_card&t_ef=goods_search&t_sm=&t_spt=search_result","Barangnya uda smpai, bagus👍
Tapi sayang casangnya ujunnya sama&#34;, modelnya😅","Barangnya uda smpai, bagus👍
Tapi sayang casangnya ujunnya sama&#34;, modelnya😅","Oxwalker","Indonesia","05-10-2026","09-10-2025","Pants","Barangnya uda smpai, bagus👍
Tapi sayang casangnya ujunnya sama&#34;, modelnya😅","Barangnya uda smpai, bagus👍
Tapi sayang casangnya ujunnya sama&#34;, modelnya😅","Unisex",,,"103314079955","Promo Samsung Galaxy A07 ( 4/64 4/128 6/128 8/256 ) Garansi Resmi Sein","Promo Samsung Galaxy A07 ( 4/64 4/128 6/128 8/256 ) Garansi Resmi Sein - A07 4/64 Black, No Bonus Cicil 0% 3x -  - Ini Toko Budi Shop | Tokopedia","Handphone","Android OS","5","1670483864","Product Review","",,"Tokopedia","Oxwalker","Promo Samsung Galaxy A07 ( 4/64 4/128 6/128 8/256 ) Garansi Resmi Sein",,"2025-Q3"
"https://www.tokopedia.com/ini-toko-budi-shop/samsung-galaxy-a07-4-64-4-128-6-128-8-256-garansi-resmi-sein-1729815001835537895-1735330887460881895?extParam=ivf%3Dtrue%26keyword%3Dsamsung+a07%26search_id%3D2026051013261194F6D7E04A4D452A9TDF%26src%3Dsearch&t_id=1778419236765&t_st=7&t_pp=search_result&t_efo=search_pure_goods_card&t_ef=goods_search&t_sm=&t_spt=search_result","barang aman .. segel nya masih utuh .. pengiriman cepat .. semoga awet .. terima kasih","barang aman .. segel nya masih utuh .. pengiriman cepat .. semoga awet .. terima kasih","Oxwalker","Indonesia","05-10-2026","11-28-2025","Pants","barang aman .. segel nya masih utuh .. pengiriman cepat .. semoga awet .. terima kasih","barang aman .. segel nya masih utuh .. pengiriman cepat .. semoga awet .. terima kasih","Unisex",,,"103314079955","Promo Samsung Galaxy A07 ( 4/64 4/128 6/128 8/256 ) Garansi Resmi Sein","Promo Samsung Galaxy A07 ( 4/64 4/128 6/128 8/256 ) Garansi Resmi Sein - A07 4/64 Black, No Bonus Cicil 0% 3x -  - Ini Toko Budi Shop | Tokopedia","Handphone","Android OS","5","1787041567","Product Review","",,"Tokopedia","Oxwalker","Promo Samsung Galaxy A07 ( 4/64 4/128 6/128 8/256 ) Garansi Resmi Sein",,"2025-Q4"
"https://www.tokopedia.com/ini-toko-budi-shop/samsung-galaxy-a07-4-64-4-128-6-128-8-256-garansi-resmi-sein-1729815001835537895-1735330887460881895?extParam=ivf%3Dtrue%26keyword%3Dsamsung+a07%26search_id%3D2026051013261194F6D7E04A4D452A9TDF%26src%3Dsearch&t_id=1778419236765&t_st=7&t_pp=search_result&t_efo=search_pure_goods_card&t_ef=goods_search&t_sm=&t_spt=search_result","Barang masih segel, adminnya fast respon. Produk original","Barang masih segel, adminnya fast respon. Produk original","Oxwalker","Indonesia","05-10-2026","07-26-2025","Pants","Barang masih segel, adminnya fast respon. Produk original","Barang masih segel, adminnya fast respon. Produk original","Unisex",,,"103314079955","Promo Samsung Galaxy A07 ( 4/64 4/128 6/128 8/256 ) Garansi Resmi Sein","Promo Samsung Galaxy A07 ( 4/64 4/128 6/128 8/256 ) Garansi Resmi Sein - A07 4/64 Black, No Bonus Cicil 0% 3x -  - Ini Toko Budi Shop | Tokopedia","Handphone","Android OS","5","1593765194","Product Review","",,"Tokopedia","Oxwalker","Promo Samsung Galaxy A07 ( 4/64 4/128 6/128 8/256 ) Garansi Resmi Sein",,"2025-Q3"
"https://www.tokopedia.com/ini-toko-budi-shop/samsung-galaxy-a07-4-64-4-128-6-128-8-256-garansi-resmi-sein-1729815001835537895-1735330887460881895?extParam=ivf%3Dtrue%26keyword%3Dsamsung+a07%26search_id%3D2026051013261194F6D7E04A4D452A9TDF%26src%3Dsearch&t_id=1778419236765&t_st=7&t_pp=search_result&t_efo=search_pure_goods_card&t_ef=goods_search&t_sm=&t_spt=search_result","Kejernihan lensa: Mantap
Kualitas pengerjaan: Oke banget","Kejernihan lensa: Mantap
Kualitas pengerjaan: Oke banget","Oxwalker","Indonesia","05-10-2026","09-23-2025","Pants","Kejernihan lensa: Mantap
Kualitas pengerjaan: Oke banget","Kejernihan lensa: Mantap
Kualitas pengerjaan: Oke banget","Unisex",,,"103314079955","Promo Samsung Galaxy A07 ( 4/64 4/128 6/128 8/256 ) Garansi Resmi Sein","Promo Samsung Galaxy A07 ( 4/64 4/128 6/128 8/256 ) Garansi Resmi Sein - A07 4/64 Black, No Bonus Cicil 0% 3x -  - Ini Toko Budi Shop | Tokopedia","Handphone","Android OS","5","1690608898","Product Review","",,"Tokopedia","Oxwalker","Promo Samsung Galaxy A07 ( 4/64 4/128 6/128 8/256 ) Garansi Resmi Sein",,"2025-Q3"
"https://www.tokopedia.com/ini-toko-budi-shop/samsung-galaxy-a07-4-64-4-128-6-128-8-256-garansi-resmi-sein-1729815001835537895-1735330887460881895?extParam=ivf%3Dtrue%26keyword%3Dsamsung+a07%26search_id%3D2026051013261194F6D7E04A4D452A9TDF%26src%3Dsearch&t_id=1778419236765&t_st=7&t_pp=search_result&t_efo=search_pure_goods_card&t_ef=goods_search&t_sm=&t_spt=search_result","Aku pikir bhongan,pas paketx dtang ternyata benran,trima ksih kak krn ud kirim paketx smpai ke alamatku,100% real  lain kli aq order lagi di toko ini","Aku pikir bhongan,pas paketx dtang ternyata benran,trima ksih kak krn ud kirim paketx smpai ke alamatku,100% real  lain kli aq order lagi di toko ini","Oxwalker","Indonesia","05-10-2026","09-10-2025","Pants","Aku pikir bhongan,pas paketx dtang ternyata benran,trima ksih kak krn ud kirim paketx smpai ke alamatku,100% real  lain kli aq order lagi di toko ini","Aku pikir bhongan,pas paketx dtang ternyata benran,trima ksih kak krn ud kirim paketx smpai ke alamatku,100% real  lain kli aq order lagi di toko ini","Unisex",,,"103314079955","Promo Samsung Galaxy A07 ( 4/64 4/128 6/128 8/256 ) Garansi Resmi Sein","Promo Samsung Galaxy A07 ( 4/64 4/128 6/128 8/256 ) Garansi Resmi Sein - A07 4/64 Black, No Bonus Cicil 0% 3x -  - Ini Toko Budi Shop | Tokopedia","Handphone","Android OS","5","1671189213","Product Review","",,"Tokopedia","Oxwalker","Promo Samsung Galaxy A07 ( 4/64 4/128 6/128 8/256 ) Garansi Resmi Sein",,"2025-Q3"
"https://www.tokopedia.com/ini-toko-budi-shop/samsung-galaxy-a07-4-64-4-128-6-128-8-256-garansi-resmi-sein-1729815001835537895-1735330887460881895?extParam=ivf%3Dtrue%26keyword%3Dsamsung+a07%26search_id%3D2026051013261194F6D7E04A4D452A9TDF%26src%3Dsearch&t_id=1778419236765&t_st=7&t_pp=search_result&t_efo=search_pure_goods_card&t_ef=goods_search&t_sm=&t_spt=search_result","barang segel dan ber fungsi dengan baik
pengiriman cepat
Recommended seller!","barang segel dan ber fungsi dengan baik
pengiriman cepat
Recommended seller!","Oxwalker","Indonesia","05-10-2026","10-30-2025","Pants","barang segel dan ber fungsi dengan baik
pengiriman cepat
Recommended seller!","barang segel dan ber fungsi dengan baik
pengiriman cepat
Recommended seller!","Unisex",,,"103314079955","Promo Samsung Galaxy A07 ( 4/64 4/128 6/128 8/256 ) Garansi Resmi Sein","Promo Samsung Galaxy A07 ( 4/64 4/128 6/128 8/256 ) Garansi Resmi Sein - A07 4/64 Black, No Bonus Cicil 0% 3x -  - Ini Toko Budi Shop | Tokopedia","Handphone","Android OS","5","1742406589","Product Review","",,"Tokopedia","Oxwalker","Promo Samsung Galaxy A07 ( 4/64 4/128 6/128 8/256 ) Garansi Resmi Sein",,"2025-Q4"
"https://www.tokopedia.com/ini-toko-budi-shop/samsung-galaxy-a07-4-64-4-128-6-128-8-256-garansi-resmi-sein-1729815001835537895-1735330887460881895?extParam=ivf%3Dtrue%26keyword%3Dsamsung+a07%26search_id%3D2026051013261194F6D7E04A4D452A9TDF%26src%3Dsearch&t_id=1778419236765&t_st=7&t_pp=search_result&t_efo=search_pure_goods_card&t_ef=goods_search&t_sm=&t_spt=search_result","Hp original, segel. sesuai pesanan. berqualitas, top seller.","Hp original, segel. sesuai pesanan. berqualitas, top seller.","Oxwalker","Indonesia","05-10-2026","09-24-2025","Pants","Hp original, segel. sesuai pesanan. berqualitas, top seller.","Hp original, segel. sesuai pesanan. berqualitas, top seller.","Unisex",,,"103314079955","Promo Samsung Galaxy A07 ( 4/64 4/128 6/128 8/256 ) Garansi Resmi Sein","Promo Samsung Galaxy A07 ( 4/64 4/128 6/128 8/256 ) Garansi Resmi Sein - A07 4/64 Black, No Bonus Cicil 0% 3x -  - Ini Toko Budi Shop | Tokopedia","Handphone","Android OS","5","1692237893","Product Review","",,"Tokopedia","Oxwalker","Promo Samsung Galaxy A07 ( 4/64 4/128 6/128 8/256 ) Garansi Resmi Sein",,"2025-Q3"
"https://www.tokopedia.com/ini-toko-budi-shop/samsung-galaxy-a07-4-64-4-128-6-128-8-256-garansi-resmi-sein-1729815001835537895-1735330887460881895?extParam=ivf%3Dtrue%26keyword%3Dsamsung+a07%26search_id%3D2026051013261194F6D7E04A4D452A9TDF%26src%3Dsearch&t_id=1778419236765&t_st=7&t_pp=search_result&t_efo=search_pure_goods_card&t_ef=goods_search&t_sm=&t_spt=search_result","sesuai deskripsi, pengiriman cepat, barang bagus, respon seller oke.","sesuai deskripsi, pengiriman cepat, barang bagus, respon seller oke.","Oxwalker","Indonesia","05-10-2026","10-14-2025","Pants","sesuai deskripsi, pengiriman cepat, barang bagus, respon seller oke.","sesuai deskripsi, pengiriman cepat, barang bagus, respon seller oke.","Unisex",,,"103314079955","Promo Samsung Galaxy A07 ( 4/64 4/128 6/128 8/256 ) Garansi Resmi Sein","Promo Samsung Galaxy A07 ( 4/64 4/128 6/128 8/256 ) Garansi Resmi Sein - A07 4/64 Black, No Bonus Cicil 0% 3x -  - Ini Toko Budi Shop | Tokopedia","Handphone","Android OS","5","1721022432","Product Review","",,"Tokopedia","Oxwalker","Promo Samsung Galaxy A07 ( 4/64 4/128 6/128 8/256 ) Garansi Resmi Sein",,"2025-Q4"
"https://www.tokopedia.com/ini-toko-budi-shop/samsung-galaxy-a07-4-64-4-128-6-128-8-256-garansi-resmi-sein-1729815001835537895-1735330887460881895?extParam=ivf%3Dtrue%26keyword%3Dsamsung+a07%26search_id%3D2026051013261194F6D7E04A4D452A9TDF%26src%3Dsearch&t_id=1778419236765&t_st=7&t_pp=search_result&t_efo=search_pure_goods_card&t_ef=goods_search&t_sm=&t_spt=search_result","Barang aman, cuma packingnya sangat mengkhawatirkan. cumad balut 1kali sama bubble wrap lamgsung kardus","Barang aman, cuma packingnya sangat mengkhawatirkan. cumad balut 1kali sama bubble wrap lamgsung kardus","Oxwalker","Indonesia","05-10-2026","06-17-2025","Pants","Barang aman, cuma packingnya sangat mengkhawatirkan. cumad balut 1kali sama bubble wrap lamgsung kardus","Barang aman, cuma packingnya sangat mengkhawatirkan. cumad balut 1kali sama bubble wrap lamgsung kardus","Unisex",,,"103314079955","Promo Samsung Galaxy A07 ( 4/64 4/128 6/128 8/256 ) Garansi Resmi Sein","Promo Samsung Galaxy A07 ( 4/64 4/128 6/128 8/256 ) Garansi Resmi Sein - A07 4/64 Black, No Bonus Cicil 0% 3x -  - Ini Toko Budi Shop | Tokopedia","Handphone","Android OS","5","1527588125","Product Review","",,"Tokopedia","Oxwalker","Promo Samsung Galaxy A07 ( 4/64 4/128 6/128 8/256 ) Garansi Resmi Sein",,"2025-Q2"
"https://www.tokopedia.com/ini-toko-budi-shop/samsung-galaxy-a07-4-64-4-128-6-128-8-256-garansi-resmi-sein-1729815001835537895-1735330887460881895?extParam=ivf%3Dtrue%26keyword%3Dsamsung+a07%26search_id%3D2026051013261194F6D7E04A4D452A9TDF%26src%3Dsearch&t_id=1778419236765&t_st=7&t_pp=search_result&t_efo=search_pure_goods_card&t_ef=goods_search&t_sm=&t_spt=search_result","Baguus barangnya packaging nya rapih, dan pengiriman nya cepett😍","Baguus barangnya packaging nya rapih, dan pengiriman nya cepett😍","Oxwalker","Indonesia","05-10-2026","10-29-2025","Pants","Baguus barangnya packaging nya rapih, dan pengiriman nya cepett😍","Baguus barangnya packaging nya rapih, dan pengiriman nya cepett😍","Unisex",,,"103314079955","Promo Samsung Galaxy A07 ( 4/64 4/128 6/128 8/256 ) Garansi Resmi Sein","Promo Samsung Galaxy A07 ( 4/64 4/128 6/128 8/256 ) Garansi Resmi Sein - A07 4/64 Black, No Bonus Cicil 0% 3x -  - Ini Toko Budi Shop | Tokopedia","Handphone","Android OS","5","1740959049","Product Review","",,"Tokopedia","Oxwalker","Promo Samsung Galaxy A07 ( 4/64 4/128 6/128 8/256 ) Garansi Resmi Sein",,"2025-Q4"
"https://www.tokopedia.com/ini-toko-budi-shop/samsung-galaxy-a07-4-64-4-128-6-128-8-256-garansi-resmi-sein-1729815001835537895-1735330887460881895?extParam=ivf%3Dtrue%26keyword%3Dsamsung+a07%26search_id%3D2026051013261194F6D7E04A4D452A9TDF%26src%3Dsearch&t_id=1778419236765&t_st=7&t_pp=search_result&t_efo=search_pure_goods_card&t_ef=goods_search&t_sm=&t_spt=search_result","SANGAT SANGAT CEPET INSTANT PESEN SIANG SAMPE SORE, ADMIN FULL RAMAHBANGET","SANGAT SANGAT CEPET INSTANT PESEN SIANG SAMPE SORE, ADMIN FULL RAMAHBANGET","Oxwalker","Indonesia","05-10-2026","05-10-2025","Pants","SANGAT SANGAT CEPET INSTANT PESEN SIANG SAMPE SORE, ADMIN FULL RAMAHBANGET","SANGAT SANGAT CEPET INSTANT PESEN SIANG SAMPE SORE, ADMIN FULL RAMAHBANGET","Unisex",,,"103314079955","Promo Samsung Galaxy A07 ( 4/64 4/128 6/128 8/256 ) Garansi Resmi Sein","Promo Samsung Galaxy A07 ( 4/64 4/128 6/128 8/256 ) Garansi Resmi Sein - A07 4/64 Black, No Bonus Cicil 0% 3x -  - Ini Toko Budi Shop | Tokopedia","Handphone","Android OS","5","1450281830","Product Review","",,"Tokopedia","Oxwalker","Promo Samsung Galaxy A07 ( 4/64 4/128 6/128 8/256 ) Garansi Resmi Sein",,"2025-Q2"
"https://www.tokopedia.com/ini-toko-budi-shop/samsung-galaxy-a07-4-64-4-128-6-128-8-256-garansi-resmi-sein-1729815001835537895-1735330887460881895?extParam=ivf%3Dtrue%26keyword%3Dsamsung+a07%26search_id%3D2026051013261194F6D7E04A4D452A9TDF%26src%3Dsearch&t_id=1778419236765&t_st=7&t_pp=search_result&t_efo=search_pure_goods_card&t_ef=goods_search&t_sm=&t_spt=search_result","Barang sampai dengan baik, pengemasan aman, barang berfungsi dengan baik, seller amanah.","Barang sampai dengan baik, pengemasan aman, barang berfungsi dengan baik, seller amanah.","Oxwalker","Indonesia","05-10-2026","08-15-2025","Pants","Barang sampai dengan baik, pengemasan aman, barang berfungsi dengan baik, seller amanah.","Barang sampai dengan baik, pengemasan aman, barang berfungsi dengan baik, seller amanah.","Unisex",,,"103314079955","Promo Samsung Galaxy A07 ( 4/64 4/128 6/128 8/256 ) Garansi Resmi Sein","Promo Samsung Galaxy A07 ( 4/64 4/128 6/128 8/256 ) Garansi Resmi Sein - A07 4/64 Black, No Bonus Cicil 0% 3x -  - Ini Toko Budi Shop | Tokopedia","Handphone","Android OS","5","1631034749","Product Review","",,"Tokopedia","Oxwalker","Promo Samsung Galaxy A07 ( 4/64 4/128 6/128 8/256 ) Garansi Resmi Sein",,"2025-Q3"
"https://www.tokopedia.com/ini-toko-budi-shop/samsung-galaxy-a07-4-64-4-128-6-128-8-256-garansi-resmi-sein-1729815001835537895-1735330887460881895?extParam=ivf%3Dtrue%26keyword%3Dsamsung+a07%26search_id%3D2026051013261194F6D7E04A4D452A9TDF%26src%3Dsearch&t_id=1778419236765&t_st=7&t_pp=search_result&t_efo=search_pure_goods_card&t_ef=goods_search&t_sm=&t_spt=search_result","Barang sudah diterima dan sesuai pesanan. Packing rapi dan aman. Cepat sampai. Terimakasih","Barang sudah diterima dan sesuai pesanan. Packing rapi dan aman. Cepat sampai. Terimakasih","Oxwalker","Indonesia","05-10-2026","10-01-2025","Pants","Barang sudah diterima dan sesuai pesanan. Packing rapi dan aman. Cepat sampai. Terimakasih","Barang sudah diterima dan sesuai pesanan. Packing rapi dan aman. Cepat sampai. Terimakasih","Unisex",,,"103314079955","Promo Samsung Galaxy A07 ( 4/64 4/128 6/128 8/256 ) Garansi Resmi Sein","Promo Samsung Galaxy A07 ( 4/64 4/128 6/128 8/256 ) Garansi Resmi Sein - A07 4/64 Black, No Bonus Cicil 0% 3x -  - Ini Toko Budi Shop | Tokopedia","Handphone","Android OS","5","1701688433","Product Review","",,"Tokopedia","Oxwalker","Promo Samsung Galaxy A07 ( 4/64 4/128 6/128 8/256 ) Garansi Resmi Sein",,"2025-Q4"
"https://www.tokopedia.com/ini-toko-budi-shop/samsung-galaxy-a07-4-64-4-128-6-128-8-256-garansi-resmi-sein-1729815001835537895-1735330887460881895?extParam=ivf%3Dtrue%26keyword%3Dsamsung+a07%26search_id%3D2026051013261194F6D7E04A4D452A9TDF%26src%3Dsearch&t_id=1778419236765&t_st=7&t_pp=search_result&t_efo=search_pure_goods_card&t_ef=goods_search&t_sm=&t_spt=search_result","paket barang sdh diterima,hanya kulir go send nya bingung ikutin GPS arahnya bukan kealamat kami,untung sy ikutin terus GPS yg dipetakan ke alamat sy.ini utk pengalaman pembeli harus bantu pantau GPS yg yg salah,terima kasih.","paket barang sdh diterima,hanya kulir go send nya bingung ikutin GPS arahnya bukan kealamat kami,untung sy ikutin terus GPS yg dipetakan ke alamat sy.ini utk pengalaman pembeli harus bantu pantau GPS yg yg salah,terima kasih.","Oxwalker","Indonesia","05-10-2026","12-09-2025","Pants","paket barang sdh diterima,hanya kulir go send nya bingung ikutin GPS arahnya bukan kealamat kami,untung sy ikutin terus GPS yg dipetakan ke alamat sy.ini utk pengalaman pembeli harus bantu pantau GPS yg yg salah,terima kasih.","paket barang sdh diterima,hanya kulir go send nya bingung ikutin GPS arahnya bukan kealamat kami,untung sy ikutin terus GPS yg dipetakan ke alamat sy.ini utk pengalaman pembeli harus bantu pantau GPS yg yg salah,terima kasih.","Unisex",,,"103314079955","Promo Samsung Galaxy A07 ( 4/64 4/128 6/128 8/256 ) Garansi Resmi Sein","Promo Samsung Galaxy A07 ( 4/64 4/128 6/128 8/256 ) Garansi Resmi Sein - A07 4/64 Black, No Bonus Cicil 0% 3x -  - Ini Toko Budi Shop | Tokopedia","Handphone","Android OS","5","1805210590","Product Review","",,"Tokopedia","Oxwalker","Promo Samsung Galaxy A07 ( 4/64 4/128 6/128 8/256 ) Garansi Resmi Sein",,"2025-Q4"
"https://www.tokopedia.com/ini-toko-budi-shop/samsung-galaxy-a07-4-64-4-128-6-128-8-256-garansi-resmi-sein-1729815001835537895-1735330887460881895?extParam=ivf%3Dtrue%26keyword%3Dsamsung+a07%26search_id%3D2026051013261194F6D7E04A4D452A9TDF%26src%3Dsearch&t_id=1778419236765&t_st=7&t_pp=search_result&t_efo=search_pure_goods_card&t_ef=goods_search&t_sm=&t_spt=search_result","Alhamdulillah udah smapai dan packingnya amaaan..","Alhamdulillah udah smapai dan packingnya amaaan..","Oxwalker","Indonesia","05-10-2026","12-06-2021","Pants","Alhamdulillah udah smapai dan packingnya amaaan..","Alhamdulillah udah smapai dan packingnya amaaan..","Unisex",,,"103314079955","Promo Samsung Galaxy A07 ( 4/64 4/128 6/128 8/256 ) Garansi Resmi Sein","Promo Samsung Galaxy A07 ( 4/64 4/128 6/128 8/256 ) Garansi Resmi Sein - A07 4/64 Black, No Bonus Cicil 0% 3x -  - Ini Toko Budi Shop | Tokopedia","Handphone","Android OS","5","541103262","Product Review","",,"Tokopedia","Oxwalker","Promo Samsung Galaxy A07 ( 4/64 4/128 6/128 8/256 ) Garansi Resmi Sein",,"2021-Q4"
"https://www.tokopedia.com/ini-toko-budi-shop/samsung-galaxy-a07-4-64-4-128-6-128-8-256-garansi-resmi-sein-1729815001835537895-1735330887460881895?extParam=ivf%3Dtrue%26keyword%3Dsamsung+a07%26search_id%3D2026051013261194F6D7E04A4D452A9TDF%26src%3Dsearch&t_id=1778419236765&t_st=7&t_pp=search_result&t_efo=search_pure_goods_card&t_ef=goods_search&t_sm=&t_spt=search_result","Hp ori bagusss, cuma sayang pengiriman ke bogor agak lama 4 hari","Hp ori bagusss, cuma sayang pengiriman ke bogor agak lama 4 hari","Oxwalker","Indonesia","05-10-2026","11-09-2025","Pants","Hp ori bagusss, cuma sayang pengiriman ke bogor agak lama 4 hari","Hp ori bagusss, cuma sayang pengiriman ke bogor agak lama 4 hari","Unisex",,,"103314079955","Promo Samsung Galaxy A07 ( 4/64 4/128 6/128 8/256 ) Garansi Resmi Sein","Promo Samsung Galaxy A07 ( 4/64 4/128 6/128 8/256 ) Garansi Resmi Sein - A07 4/64 Black, No Bonus Cicil 0% 3x -  - Ini Toko Budi Shop | Tokopedia","Handphone","Android OS","5","1758551596","Product Review","",,"Tokopedia","Oxwalker","Promo Samsung Galaxy A07 ( 4/64 4/128 6/128 8/256 ) Garansi Resmi Sein",,"2025-Q4"
"https://www.tokopedia.com/ini-toko-budi-shop/samsung-galaxy-a07-4-64-4-128-6-128-8-256-garansi-resmi-sein-1729815001835537895-1735330887460881895?extParam=ivf%3Dtrue%26keyword%3Dsamsung+a07%26search_id%3D2026051013261194F6D7E04A4D452A9TDF%26src%3Dsearch&t_id=1778419236765&t_st=7&t_pp=search_result&t_efo=search_pure_goods_card&t_ef=goods_search&t_sm=&t_spt=search_result","Maaf telas review, tggu cust review jg. Terima kasih barangbagus. Mo upload video susah bgt","Maaf telas review, tggu cust review jg. Terima kasih barangbagus. Mo upload video susah bgt","Oxwalker","Indonesia","05-10-2026","01-27-2026","Pants","Maaf telas review, tggu cust review jg. Terima kasih barangbagus. Mo upload video susah bgt","Maaf telas review, tggu cust review jg. Terima kasih barangbagus. Mo upload video susah bgt","Unisex",,,"103314079955","Promo Samsung Galaxy A07 ( 4/64 4/128 6/128 8/256 ) Garansi Resmi Sein","Promo Samsung Galaxy A07 ( 4/64 4/128 6/128 8/256 ) Garansi Resmi Sein - A07 4/64 Black, No Bonus Cicil 0% 3x -  - Ini Toko Budi Shop | Tokopedia","Handphone","Android OS","5","1889474622","Product Review","",,"Tokopedia","Oxwalker","Promo Samsung Galaxy A07 ( 4/64 4/128 6/128 8/256 ) Garansi Resmi Sein",,"2026-Q1"
"https://www.tokopedia.com/ini-toko-budi-shop/samsung-galaxy-a07-4-64-4-128-6-128-8-256-garansi-resmi-sein-1729815001835537895-1735330887460881895?extParam=ivf%3Dtrue%26keyword%3Dsamsung+a07%26search_id%3D2026051013261194F6D7E04A4D452A9TDF%26src%3Dsearch&t_id=1778419236765&t_st=7&t_pp=search_result&t_efo=search_pure_goods_card&t_ef=goods_search&t_sm=&t_spt=search_result","Barang sampai dengan aman
Kualitas pengerjaan: Bagus
Kejernihan lensa: Bagus","Barang sampai dengan aman
Kualitas pengerjaan: Bagus
Kejernihan lensa: Bagus","Oxwalker","Indonesia","05-10-2026","11-04-2025","Pants","Barang sampai dengan aman
Kualitas pengerjaan: Bagus
Kejernihan lensa: Bagus","Barang sampai dengan aman
Kualitas pengerjaan: Bagus
Kejernihan lensa: Bagus","Unisex",,,"103314079955","Promo Samsung Galaxy A07 ( 4/64 4/128 6/128 8/256 ) Garansi Resmi Sein","Promo Samsung Galaxy A07 ( 4/64 4/128 6/128 8/256 ) Garansi Resmi Sein - A07 4/64 Black, No Bonus Cicil 0% 3x -  - Ini Toko Budi Shop | Tokopedia","Handphone","Android OS","5","1750394986","Product Review","",,"Tokopedia","Oxwalker","Promo Samsung Galaxy A07 ( 4/64 4/128 6/128 8/256 ) Garansi Resmi Sein",,"2025-Q4"
"https://www.tokopedia.com/ini-toko-budi-shop/samsung-galaxy-a07-4-64-4-128-6-128-8-256-garansi-resmi-sein-1729815001835537895-1735330887460881895?extParam=ivf%3Dtrue%26keyword%3Dsamsung+a07%26search_id%3D2026051013261194F6D7E04A4D452A9TDF%26src%3Dsearch&t_id=1778419236765&t_st=7&t_pp=search_result&t_efo=search_pure_goods_card&t_ef=goods_search&t_sm=&t_spt=search_result","Emng gak pernah mengecewakan sih udah 2x beli disini","Emng gak pernah mengecewakan sih udah 2x beli disini","Oxwalker","Indonesia","05-10-2026","11-26-2025","Pants","Emng gak pernah mengecewakan sih udah 2x beli disini","Emng gak pernah mengecewakan sih udah 2x beli disini","Unisex",,,"103314079955","Promo Samsung Galaxy A07 ( 4/64 4/128 6/128 8/256 ) Garansi Resmi Sein","Promo Samsung Galaxy A07 ( 4/64 4/128 6/128 8/256 ) Garansi Resmi Sein - A07 4/64 Black, No Bonus Cicil 0% 3x -  - Ini Toko Budi Shop | Tokopedia","Handphone","Android OS","5","1783627331","Product Review","",,"Tokopedia","Oxwalker","Promo Samsung Galaxy A07 ( 4/64 4/128 6/128 8/256 ) Garansi Resmi Sein",,"2025-Q4"
"https://www.tokopedia.com/ini-toko-budi-shop/samsung-galaxy-a07-4-64-4-128-6-128-8-256-garansi-resmi-sein-1729815001835537895-1735330887460881895?extParam=ivf%3Dtrue%26keyword%3Dsamsung+a07%26search_id%3D2026051013261194F6D7E04A4D452A9TDF%26src%3Dsearch&t_id=1778419236765&t_st=7&t_pp=search_result&t_efo=search_pure_goods_card&t_ef=goods_search&t_sm=&t_spt=search_result","Keren green lightnya,, sempet takut gak nyampe karna di hub SMA penipu salah ngirim barang,, tapi untungnya chat sama tokonya dlu,, Puji Tuhan paketnya smpe dengan selamat...
Terima kasih","Keren green lightnya,, sempet takut gak nyampe karna di hub SMA penipu salah ngirim barang,, tapi untungnya chat sama tokonya dlu,, Puji Tuhan paketnya smpe dengan selamat...
Terima kasih","Oxwalker","Indonesia","05-10-2026","08-03-2025","Pants","Keren green lightnya,, sempet takut gak nyampe karna di hub SMA penipu salah ngirim barang,, tapi untungnya chat sama tokonya dlu,, Puji Tuhan paketnya smpe dengan selamat...
Terima kasih","Keren green lightnya,, sempet takut gak nyampe karna di hub SMA penipu salah ngirim barang,, tapi untungnya chat sama tokonya dlu,, Puji Tuhan paketnya smpe dengan selamat...
Terima kasih","Unisex",,,"103314079955","Promo Samsung Galaxy A07 ( 4/64 4/128 6/128 8/256 ) Garansi Resmi Sein","Promo Samsung Galaxy A07 ( 4/64 4/128 6/128 8/256 ) Garansi Resmi Sein - A07 4/64 Black, No Bonus Cicil 0% 3x -  - Ini Toko Budi Shop | Tokopedia","Handphone","Android OS","5","1608531309","Product Review","",,"Tokopedia","Oxwalker","Promo Samsung Galaxy A07 ( 4/64 4/128 6/128 8/256 ) Garansi Resmi Sein",,"2025-Q3"
"https://www.tokopedia.com/ini-toko-budi-shop/samsung-galaxy-a07-4-64-4-128-6-128-8-256-garansi-resmi-sein-1729815001835537895-1735330887460881895?extParam=ivf%3Dtrue%26keyword%3Dsamsung+a07%26search_id%3D2026051013261194F6D7E04A4D452A9TDF%26src%3Dsearch&t_id=1778419236765&t_st=7&t_pp=search_result&t_efo=search_pure_goods_card&t_ef=goods_search&t_sm=&t_spt=search_result","Produknya sesuai ka.. selalu langganan di toko ini kalau beli hp.. terpercaya.. dan original...","Produknya sesuai ka.. selalu langganan di toko ini kalau beli hp.. terpercaya.. dan original...","Oxwalker","Indonesia","05-10-2026","09-16-2025","Pants","Produknya sesuai ka.. selalu langganan di toko ini kalau beli hp.. terpercaya.. dan original...","Produknya sesuai ka.. selalu langganan di toko ini kalau beli hp.. terpercaya.. dan original...","Unisex",,,"103314079955","Promo Samsung Galaxy A07 ( 4/64 4/128 6/128 8/256 ) Garansi Resmi Sein","Promo Samsung Galaxy A07 ( 4/64 4/128 6/128 8/256 ) Garansi Resmi Sein - A07 4/64 Black, No Bonus Cicil 0% 3x -  - Ini Toko Budi Shop | Tokopedia","Handphone","Android OS","5","1680274249","Product Review","",,"Tokopedia","Oxwalker","Promo Samsung Galaxy A07 ( 4/64 4/128 6/128 8/256 ) Garansi Resmi Sein",,"2025-Q3"
"https://www.tokopedia.com/ini-toko-budi-shop/samsung-galaxy-a07-4-64-4-128-6-128-8-256-garansi-resmi-sein-1729815001835537895-1735330887460881895?extParam=ivf%3Dtrue%26keyword%3Dsamsung+a07%26search_id%3D2026051013261194F6D7E04A4D452A9TDF%26src%3Dsearch&t_id=1778419236765&t_st=7&t_pp=search_result&t_efo=search_pure_goods_card&t_ef=goods_search&t_sm=&t_spt=search_result","Barang original dan masih di segel, pelayanan cepat mantab...penjual jg respon dengan baik","Barang original dan masih di segel, pelayanan cepat mantab...penjual jg respon dengan baik","Oxwalker","Indonesia","05-10-2026","09-27-2025","Pants","Barang original dan masih di segel, pelayanan cepat mantab...penjual jg respon dengan baik","Barang original dan masih di segel, pelayanan cepat mantab...penjual jg respon dengan baik","Unisex",,,"103314079955","Promo Samsung Galaxy A07 ( 4/64 4/128 6/128 8/256 ) Garansi Resmi Sein","Promo Samsung Galaxy A07 ( 4/64 4/128 6/128 8/256 ) Garansi Resmi Sein - A07 4/64 Black, No Bonus Cicil 0% 3x -  - Ini Toko Budi Shop | Tokopedia","Handphone","Android OS","5","1696449873","Product Review","",,"Tokopedia","Oxwalker","Promo Samsung Galaxy A07 ( 4/64 4/128 6/128 8/256 ) Garansi Resmi Sein",,"2025-Q3"
"https://www.tokopedia.com/ini-toko-budi-shop/samsung-galaxy-a07-4-64-4-128-6-128-8-256-garansi-resmi-sein-1729815001835537895-1735330887460881895?extParam=ivf%3Dtrue%26keyword%3Dsamsung+a07%26search_id%3D2026051013261194F6D7E04A4D452A9TDF%26src%3Dsearch&t_id=1778419236765&t_st=7&t_pp=search_result&t_efo=search_pure_goods_card&t_ef=goods_search&t_sm=&t_spt=search_result","Pengirimannya sangat cepat , resselernya amanah dan barang yg datang tidak ada minusnya sama sekali","Pengirimannya sangat cepat , resselernya amanah dan barang yg datang tidak ada minusnya sama sekali","Oxwalker","Indonesia","05-10-2026","04-03-2026","Pants","Pengirimannya sangat cepat , resselernya amanah dan barang yg datang tidak ada minusnya sama sekali","Pengirimannya sangat cepat , resselernya amanah dan barang yg datang tidak ada minusnya sama sekali","Unisex",,,"103314079955","Promo Samsung Galaxy A07 ( 4/64 4/128 6/128 8/256 ) Garansi Resmi Sein","Promo Samsung Galaxy A07 ( 4/64 4/128 6/128 8/256 ) Garansi Resmi Sein - A07 4/64 Black, No Bonus Cicil 0% 3x -  - Ini Toko Budi Shop | Tokopedia","Handphone","Android OS","5","2027278334","Product Review","",,"Tokopedia","Oxwalker","Promo Samsung Galaxy A07 ( 4/64 4/128 6/128 8/256 ) Garansi Resmi Sein",,"2026-Q2"
"https://www.tokopedia.com/ini-toko-budi-shop/samsung-galaxy-a07-4-64-4-128-6-128-8-256-garansi-resmi-sein-1729815001835537895-1735330887460881895?extParam=ivf%3Dtrue%26keyword%3Dsamsung+a07%26search_id%3D2026051013261194F6D7E04A4D452A9TDF%26src%3Dsearch&t_id=1778419236765&t_st=7&t_pp=search_result&t_efo=search_pure_goods_card&t_ef=goods_search&t_sm=&t_spt=search_result","Kejernihan lensa: Baik
Kualitas pengerjaan: Baik
Performa sistem: Baik","Kejernihan lensa: Baik
Kualitas pengerjaan: Baik
Performa sistem: Baik","Oxwalker","Indonesia","05-10-2026","11-03-2025","Pants","Kejernihan lensa: Baik
Kualitas pengerjaan: Baik
Performa sistem: Baik","Kejernihan lensa: Baik
Kualitas pengerjaan: Baik
Performa sistem: Baik","Unisex",,,"103314079955","Promo Samsung Galaxy A07 ( 4/64 4/128 6/128 8/256 ) Garansi Resmi Sein","Promo Samsung Galaxy A07 ( 4/64 4/128 6/128 8/256 ) Garansi Resmi Sein - A07 4/64 Black, No Bonus Cicil 0% 3x -  - Ini Toko Budi Shop | Tokopedia","Handphone","Android OS","5","1749099736","Product Review","",,"Tokopedia","Oxwalker","Promo Samsung Galaxy A07 ( 4/64 4/128 6/128 8/256 ) Garansi Resmi Sein",,"2025-Q4"
"https://www.tokopedia.com/ini-toko-budi-shop/samsung-galaxy-a07-4-64-4-128-6-128-8-256-garansi-resmi-sein-1729815001835537895-1735330887460881895?extParam=ivf%3Dtrue%26keyword%3Dsamsung+a07%26search_id%3D2026051013261194F6D7E04A4D452A9TDF%26src%3Dsearch&t_id=1778419236765&t_st=7&t_pp=search_result&t_efo=search_pure_goods_card&t_ef=goods_search&t_sm=&t_spt=search_result","Baru, asli, bersegel, bergaransi. berfungsi dan IMEI oke.","Baru, asli, bersegel, bergaransi. berfungsi dan IMEI oke.","Oxwalker","Indonesia","05-10-2026","06-17-2025","Pants","Baru, asli, bersegel, bergaransi. berfungsi dan IMEI oke.","Baru, asli, bersegel, bergaransi. berfungsi dan IMEI oke.","Unisex",,,"103314079955","Promo Samsung Galaxy A07 ( 4/64 4/128 6/128 8/256 ) Garansi Resmi Sein","Promo Samsung Galaxy A07 ( 4/64 4/128 6/128 8/256 ) Garansi Resmi Sein - A07 4/64 Black, No Bonus Cicil 0% 3x -  - Ini Toko Budi Shop | Tokopedia","Handphone","Android OS","5","1527103711","Product Review","",,"Tokopedia","Oxwalker","Promo Samsung Galaxy A07 ( 4/64 4/128 6/128 8/256 ) Garansi Resmi Sein",,"2025-Q2"
"https://www.tokopedia.com/ini-toko-budi-shop/samsung-galaxy-a07-4-64-4-128-6-128-8-256-garansi-resmi-sein-1729815001835537895-1735330887460881895?extParam=ivf%3Dtrue%26keyword%3Dsamsung+a07%26search_id%3D2026051013261194F6D7E04A4D452A9TDF%26src%3Dsearch&t_id=1778419236765&t_st=7&t_pp=search_result&t_efo=search_pure_goods_card&t_ef=goods_search&t_sm=&t_spt=search_result","penjual ramah &amp; responsif. Paket aman walau packing standar. hp belum di coba. semoga berfungsi normal &amp; awet","penjual ramah &amp; responsif. Paket aman walau packing standar. hp belum di coba. semoga berfungsi normal &amp; awet","Oxwalker","Indonesia","05-10-2026","07-10-2025","Pants","penjual ramah &amp; responsif. Paket aman walau packing standar. hp belum di coba. semoga berfungsi normal &amp; awet","penjual ramah &amp; responsif. Paket aman walau packing standar. hp belum di coba. semoga berfungsi normal &amp; awet","Unisex",,,"103314079955","Promo Samsung Galaxy A07 ( 4/64 4/128 6/128 8/256 ) Garansi Resmi Sein","Promo Samsung Galaxy A07 ( 4/64 4/128 6/128 8/256 ) Garansi Resmi Sein - A07 4/64 Black, No Bonus Cicil 0% 3x -  - Ini Toko Budi Shop | Tokopedia","Handphone","Android OS","5","1566610581","Product Review","",,"Tokopedia","Oxwalker","Promo Samsung Galaxy A07 ( 4/64 4/128 6/128 8/256 ) Garansi Resmi Sein",,"2025-Q3"
"https://www.tokopedia.com/ini-toko-budi-shop/samsung-galaxy-a07-4-64-4-128-6-128-8-256-garansi-resmi-sein-1729815001835537895-1735330887460881895?extParam=ivf%3Dtrue%26keyword%3Dsamsung+a07%26search_id%3D2026051013261194F6D7E04A4D452A9TDF%26src%3Dsearch&t_id=1778419236765&t_st=7&t_pp=search_result&t_efo=search_pure_goods_card&t_ef=goods_search&t_sm=&t_spt=search_result","Alhamdulillah paket sampai dengan aman. Barang masih baru,ori dan masih segel,no repack.
Terima kasih.","Alhamdulillah paket sampai dengan aman. Barang masih baru,ori dan masih segel,no repack.
Terima kasih.","Oxwalker","Indonesia","05-10-2026","04-11-2026","Pants","Alhamdulillah paket sampai dengan aman. Barang masih baru,ori dan masih segel,no repack.
Terima kasih.","Alhamdulillah paket sampai dengan aman. Barang masih baru,ori dan masih segel,no repack.
Terima kasih.","Unisex",,,"103314079955","Promo Samsung Galaxy A07 ( 4/64 4/128 6/128 8/256 ) Garansi Resmi Sein","Promo Samsung Galaxy A07 ( 4/64 4/128 6/128 8/256 ) Garansi Resmi Sein - A07 4/64 Black, No Bonus Cicil 0% 3x -  - Ini Toko Budi Shop | Tokopedia","Handphone","Android OS","5","2041183247","Product Review","",,"Tokopedia","Oxwalker","Promo Samsung Galaxy A07 ( 4/64 4/128 6/128 8/256 ) Garansi Resmi Sein",,"2026-Q2"
"https://www.tokopedia.com/ini-toko-budi-shop/samsung-galaxy-a07-4-64-4-128-6-128-8-256-garansi-resmi-sein-1729815001835537895-1735330887460881895?extParam=ivf%3Dtrue%26keyword%3Dsamsung+a07%26search_id%3D2026051013261194F6D7E04A4D452A9TDF%26src%3Dsearch&t_id=1778419236765&t_st=7&t_pp=search_result&t_efo=search_pure_goods_card&t_ef=goods_search&t_sm=&t_spt=search_result","Packaging aman, seller responsif, barang ori, harga oke","Packaging aman, seller responsif, barang ori, harga oke","Oxwalker","Indonesia","05-10-2026","09-13-2025","Pants","Packaging aman, seller responsif, barang ori, harga oke","Packaging aman, seller responsif, barang ori, harga oke","Unisex",,,"103314079955","Promo Samsung Galaxy A07 ( 4/64 4/128 6/128 8/256 ) Garansi Resmi Sein","Promo Samsung Galaxy A07 ( 4/64 4/128 6/128 8/256 ) Garansi Resmi Sein - A07 4/64 Black, No Bonus Cicil 0% 3x -  - Ini Toko Budi Shop | Tokopedia","Handphone","Android OS","5","1675947661","Product Review","",,"Tokopedia","Oxwalker","Promo Samsung Galaxy A07 ( 4/64 4/128 6/128 8/256 ) Garansi Resmi Sein",,"2025-Q3"
"https://www.tokopedia.com/ini-toko-budi-shop/samsung-galaxy-a07-4-64-4-128-6-128-8-256-garansi-resmi-sein-1729815001835537895-1735330887460881895?extParam=ivf%3Dtrue%26keyword%3Dsamsung+a07%26search_id%3D2026051013261194F6D7E04A4D452A9TDF%26src%3Dsearch&t_id=1778419236765&t_st=7&t_pp=search_result&t_efo=search_pure_goods_card&t_ef=goods_search&t_sm=&t_spt=search_result","paket datang cepat dan sudah tak cek barangnya bagus, sesuai spesifikasi.","paket datang cepat dan sudah tak cek barangnya bagus, sesuai spesifikasi.","Oxwalker","Indonesia","05-10-2026","10-15-2025","Pants","paket datang cepat dan sudah tak cek barangnya bagus, sesuai spesifikasi.","paket datang cepat dan sudah tak cek barangnya bagus, sesuai spesifikasi.","Unisex",,,"103314079955","Promo Samsung Galaxy A07 ( 4/64 4/128 6/128 8/256 ) Garansi Resmi Sein","Promo Samsung Galaxy A07 ( 4/64 4/128 6/128 8/256 ) Garansi Resmi Sein - A07 4/64 Black, No Bonus Cicil 0% 3x -  - Ini Toko Budi Shop | Tokopedia","Handphone","Android OS","5","1721549316","Product Review","",,"Tokopedia","Oxwalker","Promo Samsung Galaxy A07 ( 4/64 4/128 6/128 8/256 ) Garansi Resmi Sein",,"2025-Q4"
"https://www.tokopedia.com/ini-toko-budi-shop/samsung-galaxy-a07-4-64-4-128-6-128-8-256-garansi-resmi-sein-1729815001835537895-1735330887460881895?extParam=ivf%3Dtrue%26keyword%3Dsamsung+a07%26search_id%3D2026051013261194F6D7E04A4D452A9TDF%26src%3Dsearch&t_id=1778419236765&t_st=7&t_pp=search_result&t_efo=search_pure_goods_card&t_ef=goods_search&t_sm=&t_spt=search_result","Barang sampai less than 8 hours (5 hour only), sesuai ekspektasi. Seller dpt dipercaya","Barang sampai less than 8 hours (5 hour only), sesuai ekspektasi. Seller dpt dipercaya","Oxwalker","Indonesia","05-10-2026","10-06-2025","Pants","Barang sampai less than 8 hours (5 hour only), sesuai ekspektasi. Seller dpt dipercaya","Barang sampai less than 8 hours (5 hour only), sesuai ekspektasi. Seller dpt dipercaya","Unisex",,,"103314079955","Promo Samsung Galaxy A07 ( 4/64 4/128 6/128 8/256 ) Garansi Resmi Sein","Promo Samsung Galaxy A07 ( 4/64 4/128 6/128 8/256 ) Garansi Resmi Sein - A07 4/64 Black, No Bonus Cicil 0% 3x -  - Ini Toko Budi Shop | Tokopedia","Handphone","Android OS","5","1709200144","Product Review","",,"Tokopedia","Oxwalker","Promo Samsung Galaxy A07 ( 4/64 4/128 6/128 8/256 ) Garansi Resmi Sein",,"2025-Q4"
"https://www.tokopedia.com/ini-toko-budi-shop/samsung-galaxy-a07-4-64-4-128-6-128-8-256-garansi-resmi-sein-1729815001835537895-1735330887460881895?extParam=ivf%3Dtrue%26keyword%3Dsamsung+a07%26search_id%3D2026051013261194F6D7E04A4D452A9TDF%26src%3Dsearch&t_id=1778419236765&t_st=7&t_pp=search_result&t_efo=search_pure_goods_card&t_ef=goods_search&t_sm=&t_spt=search_result","mantaps, barang ori dan udah belanja beberapa kali disini dengan harga paling murah di banding yg lain","mantaps, barang ori dan udah belanja beberapa kali disini dengan harga paling murah di banding yg lain","Oxwalker","Indonesia","05-10-2026","10-08-2025","Pants","mantaps, barang ori dan udah belanja beberapa kali disini dengan harga paling murah di banding yg lain","mantaps, barang ori dan udah belanja beberapa kali disini dengan harga paling murah di banding yg lain","Unisex",,,"103314079955","Promo Samsung Galaxy A07 ( 4/64 4/128 6/128 8/256 ) Garansi Resmi Sein","Promo Samsung Galaxy A07 ( 4/64 4/128 6/128 8/256 ) Garansi Resmi Sein - A07 4/64 Black, No Bonus Cicil 0% 3x -  - Ini Toko Budi Shop | Tokopedia","Handphone","Android OS","5","1710873441","Product Review","",,"Tokopedia","Oxwalker","Promo Samsung Galaxy A07 ( 4/64 4/128 6/128 8/256 ) Garansi Resmi Sein",,"2025-Q4"
"https://www.tokopedia.com/ini-toko-budi-shop/samsung-galaxy-a07-4-64-4-128-6-128-8-256-garansi-resmi-sein-1729815001835537895-1735330887460881895?extParam=ivf%3Dtrue%26keyword%3Dsamsung+a07%26search_id%3D2026051013261194F6D7E04A4D452A9TDF%26src%3Dsearch&t_id=1778419236765&t_st=7&t_pp=search_result&t_efo=search_pure_goods_card&t_ef=goods_search&t_sm=&t_spt=search_result","Barang original, deskripsi sesuai dengan foto. Packing sangat rapi +bubble wrap. Sangat direkomendasi untuk belanja lagi..!","Barang original, deskripsi sesuai dengan foto. Packing sangat rapi +bubble wrap. Sangat direkomendasi untuk belanja lagi..!","Oxwalker","Indonesia","05-10-2026","09-18-2025","Pants","Barang original, deskripsi sesuai dengan foto. Packing sangat rapi +bubble wrap. Sangat direkomendasi untuk belanja lagi..!","Barang original, deskripsi sesuai dengan foto. Packing sangat rapi +bubble wrap. Sangat direkomendasi untuk belanja lagi..!","Unisex",,,"103314079955","Promo Samsung Galaxy A07 ( 4/64 4/128 6/128 8/256 ) Garansi Resmi Sein","Promo Samsung Galaxy A07 ( 4/64 4/128 6/128 8/256 ) Garansi Resmi Sein - A07 4/64 Black, No Bonus Cicil 0% 3x -  - Ini Toko Budi Shop | Tokopedia","Handphone","Android OS","5","1683635584","Product Review","",,"Tokopedia","Oxwalker","Promo Samsung Galaxy A07 ( 4/64 4/128 6/128 8/256 ) Garansi Resmi Sein",,"2025-Q3"
"https://www.tokopedia.com/ini-toko-budi-shop/samsung-galaxy-a07-4-64-4-128-6-128-8-256-garansi-resmi-sein-1729815001835537895-1735330887460881895?extParam=ivf%3Dtrue%26keyword%3Dsamsung+a07%26search_id%3D2026051013261194F6D7E04A4D452A9TDF%26src%3Dsearch&t_id=1778419236765&t_st=7&t_pp=search_result&t_efo=search_pure_goods_card&t_ef=goods_search&t_sm=&t_spt=search_result","Kejernihan lensa: Bagus
Kualitas pengerjaan: Cepat","Kejernihan lensa: Bagus
Kualitas pengerjaan: Cepat","Oxwalker","Indonesia","05-10-2026","11-28-2025","Pants","Kejernihan lensa: Bagus
Kualitas pengerjaan: Cepat","Kejernihan lensa: Bagus
Kualitas pengerjaan: Cepat","Unisex",,,"103314079955","Promo Samsung Galaxy A07 ( 4/64 4/128 6/128 8/256 ) Garansi Resmi Sein","Promo Samsung Galaxy A07 ( 4/64 4/128 6/128 8/256 ) Garansi Resmi Sein - A07 4/64 Black, No Bonus Cicil 0% 3x -  - Ini Toko Budi Shop | Tokopedia","Handphone","Android OS","5","1786928438","Product Review","",,"Tokopedia","Oxwalker","Promo Samsung Galaxy A07 ( 4/64 4/128 6/128 8/256 ) Garansi Resmi Sein",,"2025-Q4"
"https://www.tokopedia.com/ini-toko-budi-shop/samsung-galaxy-a07-4-64-4-128-6-128-8-256-garansi-resmi-sein-1729815001835537895-1735330887460881895?extParam=ivf%3Dtrue%26keyword%3Dsamsung+a07%26search_id%3D2026051013261194F6D7E04A4D452A9TDF%26src%3Dsearch&t_id=1778419236765&t_st=7&t_pp=search_result&t_efo=search_pure_goods_card&t_ef=goods_search&t_sm=&t_spt=search_result","Baik pengiriman cepat
Seler ramah sekali
Top baik
Kejernihan lensa: Jernih sekali
Kualitas pengerjaan: Baik","Baik pengiriman cepat
Seler ramah sekali
Top baik
Kejernihan lensa: Jernih sekali
Kualitas pengerjaan: Baik","Oxwalker","Indonesia","05-10-2026","09-24-2025","Pants","Baik pengiriman cepat
Seler ramah sekali
Top baik
Kejernihan lensa: Jernih sekali
Kualitas pengerjaan: Baik","Baik pengiriman cepat
Seler ramah sekali
Top baik
Kejernihan lensa: Jernih sekali
Kualitas pengerjaan: Baik","Unisex",,,"103314079955","Promo Samsung Galaxy A07 ( 4/64 4/128 6/128 8/256 ) Garansi Resmi Sein","Promo Samsung Galaxy A07 ( 4/64 4/128 6/128 8/256 ) Garansi Resmi Sein - A07 4/64 Black, No Bonus Cicil 0% 3x -  - Ini Toko Budi Shop | Tokopedia","Handphone","Android OS","5","1690975050","Product Review","",,"Tokopedia","Oxwalker","Promo Samsung Galaxy A07 ( 4/64 4/128 6/128 8/256 ) Garansi Resmi Sein",,"2025-Q3"
"https://www.tokopedia.com/ini-toko-budi-shop/samsung-galaxy-a07-4-64-4-128-6-128-8-256-garansi-resmi-sein-1729815001835537895-1735330887460881895?extParam=ivf%3Dtrue%26keyword%3Dsamsung+a07%26search_id%3D2026051013261194F6D7E04A4D452A9TDF%26src%3Dsearch&t_id=1778419236765&t_st=7&t_pp=search_result&t_efo=search_pure_goods_card&t_ef=goods_search&t_sm=&t_spt=search_result","Alhamdulillah datang dengn selamat. terima kasih sudah amanah semoga hp nya awet ya.","Alhamdulillah datang dengn selamat. terima kasih sudah amanah semoga hp nya awet ya.","Oxwalker","Indonesia","05-10-2026","12-06-2025","Pants","Alhamdulillah datang dengn selamat. terima kasih sudah amanah semoga hp nya awet ya.","Alhamdulillah datang dengn selamat. terima kasih sudah amanah semoga hp nya awet ya.","Unisex",,,"103314079955","Promo Samsung Galaxy A07 ( 4/64 4/128 6/128 8/256 ) Garansi Resmi Sein","Promo Samsung Galaxy A07 ( 4/64 4/128 6/128 8/256 ) Garansi Resmi Sein - A07 4/64 Black, No Bonus Cicil 0% 3x -  - Ini Toko Budi Shop | Tokopedia","Handphone","Android OS","5","1800316018","Product Review","",,"Tokopedia","Oxwalker","Promo Samsung Galaxy A07 ( 4/64 4/128 6/128 8/256 ) Garansi Resmi Sein",,"2025-Q4"
"https://www.tokopedia.com/ini-toko-budi-shop/samsung-galaxy-a07-4-64-4-128-6-128-8-256-garansi-resmi-sein-1729815001835537895-1735330887460881895?extParam=ivf%3Dtrue%26keyword%3Dsamsung+a07%26search_id%3D2026051013261194F6D7E04A4D452A9TDF%26src%3Dsearch&t_id=1778419236765&t_st=7&t_pp=search_result&t_efo=search_pure_goods_card&t_ef=goods_search&t_sm=&t_spt=search_result","Pesanan sudah di terima dengan selamat sentosa dan sejahtera berbahagia. Produk sesuai deskripsi dan sesuai dengan keinginan. Mudah mudahan produk cocok, awet dan tidak bisa rusak untuk selama lamanya","Pesanan sudah di terima dengan selamat sentosa dan sejahtera berbahagia. Produk sesuai deskripsi dan sesuai dengan keinginan. Mudah mudahan produk cocok, awet dan tidak bisa rusak untuk selama lamanya","Oxwalker","Indonesia","05-10-2026","03-03-2026","Pants","Pesanan sudah di terima dengan selamat sentosa dan sejahtera berbahagia. Produk sesuai deskripsi dan sesuai dengan keinginan. Mudah mudahan produk cocok, awet dan tidak bisa rusak untuk selama lamanya","Pesanan sudah di terima dengan selamat sentosa dan sejahtera berbahagia. Produk sesuai deskripsi dan sesuai dengan keinginan. Mudah mudahan produk cocok, awet dan tidak bisa rusak untuk selama lamanya","Unisex",,,"103314079955","Promo Samsung Galaxy A07 ( 4/64 4/128 6/128 8/256 ) Garansi Resmi Sein","Promo Samsung Galaxy A07 ( 4/64 4/128 6/128 8/256 ) Garansi Resmi Sein - A07 4/64 Black, No Bonus Cicil 0% 3x -  - Ini Toko Budi Shop | Tokopedia","Handphone","Android OS","5","1962521668","Product Review","",,"Tokopedia","Oxwalker","Promo Samsung Galaxy A07 ( 4/64 4/128 6/128 8/256 ) Garansi Resmi Sein",,"2026-Q1"
"https://www.tokopedia.com/ini-toko-budi-shop/samsung-galaxy-a07-4-64-4-128-6-128-8-256-garansi-resmi-sein-1729815001835537895-1735330887460881895?extParam=ivf%3Dtrue%26keyword%3Dsamsung+a07%26search_id%3D2026051013261194F6D7E04A4D452A9TDF%26src%3Dsearch&t_id=1778419236765&t_st=7&t_pp=search_result&t_efo=search_pure_goods_card&t_ef=goods_search&t_sm=&t_spt=search_result","Sudah diterima dengan baik, untuk kualitas bagus tidak ada kendala. Cuman tidak ada kartu garansinya","Sudah diterima dengan baik, untuk kualitas bagus tidak ada kendala. Cuman tidak ada kartu garansinya","Oxwalker","Indonesia","05-10-2026","03-02-2026","Pants","Sudah diterima dengan baik, untuk kualitas bagus tidak ada kendala. Cuman tidak ada kartu garansinya","Sudah diterima dengan baik, untuk kualitas bagus tidak ada kendala. Cuman tidak ada kartu garansinya","Unisex",,,"103314079955","Promo Samsung Galaxy A07 ( 4/64 4/128 6/128 8/256 ) Garansi Resmi Sein","Promo Samsung Galaxy A07 ( 4/64 4/128 6/128 8/256 ) Garansi Resmi Sein - A07 4/64 Black, No Bonus Cicil 0% 3x -  - Ini Toko Budi Shop | Tokopedia","Handphone","Android OS","5","1960658715","Product Review","",,"Tokopedia","Oxwalker","Promo Samsung Galaxy A07 ( 4/64 4/128 6/128 8/256 ) Garansi Resmi Sein",,"2026-Q1"
"https://www.tokopedia.com/ini-toko-budi-shop/samsung-galaxy-a07-4-64-4-128-6-128-8-256-garansi-resmi-sein-1729815001835537895-1735330887460881895?extParam=ivf%3Dtrue%26keyword%3Dsamsung+a07%26search_id%3D2026051013261194F6D7E04A4D452A9TDF%26src%3Dsearch&t_id=1778419236765&t_st=7&t_pp=search_result&t_efo=search_pure_goods_card&t_ef=goods_search&t_sm=&t_spt=search_result","sip pelayanan baik dan ramah, pengiriman sameday dikirim di hari yg sama, untuk barang masih dipacking sempurna, cuman entah sudah repack atau belum tapi masih segel, terimakasih.","sip pelayanan baik dan ramah, pengiriman sameday dikirim di hari yg sama, untuk barang masih dipacking sempurna, cuman entah sudah repack atau belum tapi masih segel, terimakasih.","Oxwalker","Indonesia","05-10-2026","11-14-2025","Pants","sip pelayanan baik dan ramah, pengiriman sameday dikirim di hari yg sama, untuk barang masih dipacking sempurna, cuman entah sudah repack atau belum tapi masih segel, terimakasih.","sip pelayanan baik dan ramah, pengiriman sameday dikirim di hari yg sama, untuk barang masih dipacking sempurna, cuman entah sudah repack atau belum tapi masih segel, terimakasih.","Unisex",,,"103314079955","Promo Samsung Galaxy A07 ( 4/64 4/128 6/128 8/256 ) Garansi Resmi Sein","Promo Samsung Galaxy A07 ( 4/64 4/128 6/128 8/256 ) Garansi Resmi Sein - A07 4/64 Black, No Bonus Cicil 0% 3x -  - Ini Toko Budi Shop | Tokopedia","Handphone","Android OS","5","1767004607","Product Review","",,"Tokopedia","Oxwalker","Promo Samsung Galaxy A07 ( 4/64 4/128 6/128 8/256 ) Garansi Resmi Sein",,"2025-Q4"
"https://www.tokopedia.com/ini-toko-budi-shop/samsung-galaxy-a07-4-64-4-128-6-128-8-256-garansi-resmi-sein-1729815001835537895-1735330887460881895?extParam=ivf%3Dtrue%26keyword%3Dsamsung+a07%26search_id%3D2026051013261194F6D7E04A4D452A9TDF%26src%3Dsearch&t_id=1778419236765&t_st=7&t_pp=search_result&t_efo=search_pure_goods_card&t_ef=goods_search&t_sm=&t_spt=search_result","Kejernihan lensa: Baik
Sudah sampe kak terimakasih 🙏🤗","Kejernihan lensa: Baik
Sudah sampe kak terimakasih 🙏🤗","Oxwalker","Indonesia","05-10-2026","02-22-2026","Pants","Kejernihan lensa: Baik
Sudah sampe kak terimakasih 🙏🤗","Kejernihan lensa: Baik
Sudah sampe kak terimakasih 🙏🤗","Unisex",,,"103314079955","Promo Samsung Galaxy A07 ( 4/64 4/128 6/128 8/256 ) Garansi Resmi Sein","Promo Samsung Galaxy A07 ( 4/64 4/128 6/128 8/256 ) Garansi Resmi Sein - A07 4/64 Black, No Bonus Cicil 0% 3x -  - Ini Toko Budi Shop | Tokopedia","Handphone","Android OS","5","1940230922","Product Review","",,"Tokopedia","Oxwalker","Promo Samsung Galaxy A07 ( 4/64 4/128 6/128 8/256 ) Garansi Resmi Sein",,"2026-Q1"
"https://www.tokopedia.com/ini-toko-budi-shop/samsung-galaxy-a07-4-64-4-128-6-128-8-256-garansi-resmi-sein-1729815001835537895-1735330887460881895?extParam=ivf%3Dtrue%26keyword%3Dsamsung+a07%26search_id%3D2026051013261194F6D7E04A4D452A9TDF%26src%3Dsearch&t_id=1778419236765&t_st=7&t_pp=search_result&t_efo=search_pure_goods_card&t_ef=goods_search&t_sm=&t_spt=search_result","Barang sudah sampai dengan selamat, bagus dan harga nya terjangkau
Kejernihan lensa: Jernih bangettt","Barang sudah sampai dengan selamat, bagus dan harga nya terjangkau
Kejernihan lensa: Jernih bangettt","Oxwalker","Indonesia","05-10-2026","10-07-2025","Pants","Barang sudah sampai dengan selamat, bagus dan harga nya terjangkau
Kejernihan lensa: Jernih bangettt","Barang sudah sampai dengan selamat, bagus dan harga nya terjangkau
Kejernihan lensa: Jernih bangettt","Unisex",,,"103314079955","Promo Samsung Galaxy A07 ( 4/64 4/128 6/128 8/256 ) Garansi Resmi Sein","Promo Samsung Galaxy A07 ( 4/64 4/128 6/128 8/256 ) Garansi Resmi Sein - A07 4/64 Black, No Bonus Cicil 0% 3x -  - Ini Toko Budi Shop | Tokopedia","Handphone","Android OS","5","1710178353","Product Review","",,"Tokopedia","Oxwalker","Promo Samsung Galaxy A07 ( 4/64 4/128 6/128 8/256 ) Garansi Resmi Sein",,"2025-Q4"
"https://www.tokopedia.com/ini-toko-budi-shop/samsung-galaxy-a07-4-64-4-128-6-128-8-256-garansi-resmi-sein-1729815001835537895-1735330887460881895?extParam=ivf%3Dtrue%26keyword%3Dsamsung+a07%26search_id%3D2026051013261194F6D7E04A4D452A9TDF%26src%3Dsearch&t_id=1778419236765&t_st=7&t_pp=search_result&t_efo=search_pure_goods_card&t_ef=goods_search&t_sm=&t_spt=search_result","Lens clarity: baik
Quality of work: baguss
System performance: berkualitas
pesanan sudah sampai, sesuai. terimakasih sellerr bestt","Lens clarity: baik
Quality of work: baguss
System performance: berkualitas
pesanan sudah sampai, sesuai. terimakasih sellerr bestt","Oxwalker","Indonesia","05-10-2026","11-03-2025","Pants","Lens clarity: baik
Quality of work: baguss
System performance: berkualitas
pesanan sudah sampai, sesuai. terimakasih sellerr bestt","Lens clarity: baik
Quality of work: baguss
System performance: berkualitas
pesanan sudah sampai, sesuai. terimakasih sellerr bestt","Unisex",,,"103314079955","Promo Samsung Galaxy A07 ( 4/64 4/128 6/128 8/256 ) Garansi Resmi Sein","Promo Samsung Galaxy A07 ( 4/64 4/128 6/128 8/256 ) Garansi Resmi Sein - A07 4/64 Black, No Bonus Cicil 0% 3x -  - Ini Toko Budi Shop | Tokopedia","Handphone","Android OS","5","1748700013","Product Review","",,"Tokopedia","Oxwalker","Promo Samsung Galaxy A07 ( 4/64 4/128 6/128 8/256 ) Garansi Resmi Sein",,"2025-Q4"
"https://www.tokopedia.com/ini-toko-budi-shop/samsung-galaxy-a07-4-64-4-128-6-128-8-256-garansi-resmi-sein-1729815001835537895-1735330887460881895?extParam=ivf%3Dtrue%26keyword%3Dsamsung+a07%26search_id%3D2026051013261194F6D7E04A4D452A9TDF%26src%3Dsearch&t_id=1778419236765&t_st=7&t_pp=search_result&t_efo=search_pure_goods_card&t_ef=goods_search&t_sm=&t_spt=search_result","mantapp barang sesuai dan pengirimannya pun cepat","mantapp barang sesuai dan pengirimannya pun cepat","Oxwalker","Indonesia","05-10-2026","09-27-2025","Pants","mantapp barang sesuai dan pengirimannya pun cepat","mantapp barang sesuai dan pengirimannya pun cepat","Unisex",,,"103314079955","Promo Samsung Galaxy A07 ( 4/64 4/128 6/128 8/256 ) Garansi Resmi Sein","Promo Samsung Galaxy A07 ( 4/64 4/128 6/128 8/256 ) Garansi Resmi Sein - A07 4/64 Black, No Bonus Cicil 0% 3x -  - Ini Toko Budi Shop | Tokopedia","Handphone","Android OS","5","1696214153","Product Review","",,"Tokopedia","Oxwalker","Promo Samsung Galaxy A07 ( 4/64 4/128 6/128 8/256 ) Garansi Resmi Sein",,"2025-Q3"
"https://www.tokopedia.com/ini-toko-budi-shop/samsung-galaxy-a07-4-64-4-128-6-128-8-256-garansi-resmi-sein-1729815001835537895-1735330887460881895?extParam=ivf%3Dtrue%26keyword%3Dsamsung+a07%26search_id%3D2026051013261194F6D7E04A4D452A9TDF%26src%3Dsearch&t_id=1778419236765&t_st=7&t_pp=search_result&t_efo=search_pure_goods_card&t_ef=goods_search&t_sm=&t_spt=search_result","Kejernihan lensa: Glow
Kualitas pengerjaan: Rain","Kejernihan lensa: Glow
Kualitas pengerjaan: Rain","Oxwalker","Indonesia","05-10-2026","09-11-2025","Pants","Kejernihan lensa: Glow
Kualitas pengerjaan: Rain","Kejernihan lensa: Glow
Kualitas pengerjaan: Rain","Unisex",,,"103314079955","Promo Samsung Galaxy A07 ( 4/64 4/128 6/128 8/256 ) Garansi Resmi Sein","Promo Samsung Galaxy A07 ( 4/64 4/128 6/128 8/256 ) Garansi Resmi Sein - A07 4/64 Black, No Bonus Cicil 0% 3x -  - Ini Toko Budi Shop | Tokopedia","Handphone","Android OS","5","1672893722","Product Review","",,"Tokopedia","Oxwalker","Promo Samsung Galaxy A07 ( 4/64 4/128 6/128 8/256 ) Garansi Resmi Sein",,"2025-Q3"
"https://www.tokopedia.com/ini-toko-budi-shop/samsung-galaxy-a07-4-64-4-128-6-128-8-256-garansi-resmi-sein-1729815001835537895-1735330887460881895?extParam=ivf%3Dtrue%26keyword%3Dsamsung+a07%26search_id%3D2026051013261194F6D7E04A4D452A9TDF%26src%3Dsearch&t_id=1778419236765&t_st=7&t_pp=search_result&t_efo=search_pure_goods_card&t_ef=goods_search&t_sm=&t_spt=search_result","barang sesuai pesanan,tapi MLS bgt sama kurir JNE pdhl suami ada di dalam TPI gatau Tbtb paket udah di geletakin aja di depan pintu , Alhamdulillah kalo toko nya amanah dan bgs terpercaya","barang sesuai pesanan,tapi MLS bgt sama kurir JNE pdhl suami ada di dalam TPI gatau Tbtb paket udah di geletakin aja di depan pintu , Alhamdulillah kalo toko nya amanah dan bgs terpercaya","Oxwalker","Indonesia","05-10-2026","01-04-2026","Pants","barang sesuai pesanan,tapi MLS bgt sama kurir JNE pdhl suami ada di dalam TPI gatau Tbtb paket udah di geletakin aja di depan pintu , Alhamdulillah kalo toko nya amanah dan bgs terpercaya","barang sesuai pesanan,tapi MLS bgt sama kurir JNE pdhl suami ada di dalam TPI gatau Tbtb paket udah di geletakin aja di depan pintu , Alhamdulillah kalo toko nya amanah dan bgs terpercaya","Unisex",,,"103314079955","Promo Samsung Galaxy A07 ( 4/64 4/128 6/128 8/256 ) Garansi Resmi Sein","Promo Samsung Galaxy A07 ( 4/64 4/128 6/128 8/256 ) Garansi Resmi Sein - A07 4/64 Black, No Bonus Cicil 0% 3x -  - Ini Toko Budi Shop | Tokopedia","Handphone","Android OS","5","1851137011","Product Review","",,"Tokopedia","Oxwalker","Promo Samsung Galaxy A07 ( 4/64 4/128 6/128 8/256 ) Garansi Resmi Sein",,"2026-Q1"
"https://www.tokopedia.com/ini-toko-budi-shop/samsung-galaxy-a07-4-64-4-128-6-128-8-256-garansi-resmi-sein-1729815001835537895-1735330887460881895?extParam=ivf%3Dtrue%26keyword%3Dsamsung+a07%26search_id%3D2026051013261194F6D7E04A4D452A9TDF%26src%3Dsearch&t_id=1778419236765&t_st=7&t_pp=search_result&t_efo=search_pure_goods_card&t_ef=goods_search&t_sm=&t_spt=search_result","kayaknya toko ini adalah salah satu yg jual HP harganya paling bersahabat. Packingnya jg ok banget pake dus n bubble wrappp. Topppp, makasii gannnn, A07 yg 4/64 kl cm buat WA, youtube, IG santai&#34; buat saya udah cukup bangetttt, apalagi setelah updateeeee, lancaaarrr josss (BUAT SAYA YA). wkwkwkwk makasii gann..","kayaknya toko ini adalah salah satu yg jual HP harganya paling bersahabat. Packingnya jg ok banget pake dus n bubble wrappp. Topppp, makasii gannnn, A07 yg 4/64 kl cm buat WA, youtube, IG santai&#34; buat saya udah cukup bangetttt, apalagi setelah updateeeee, lancaaarrr josss (BUAT SAYA YA). wkwkwkwk makasii gann..","Oxwalker","Indonesia","05-10-2026","11-20-2025","Pants","kayaknya toko ini adalah salah satu yg jual HP harganya paling bersahabat. Packingnya jg ok banget pake dus n bubble wrappp. Topppp, makasii gannnn, A07 yg 4/64 kl cm buat WA, youtube, IG santai&#34; buat saya udah cukup bangetttt, apalagi setelah updateeeee, lancaaarrr josss (BUAT SAYA YA). wkwkwkwk makasii gann..","kayaknya toko ini adalah salah satu yg jual HP harganya paling bersahabat. Packingnya jg ok banget pake dus n bubble wrappp. Topppp, makasii gannnn, A07 yg 4/64 kl cm buat WA, youtube, IG santai&#34; buat saya udah cukup bangetttt, apalagi setelah updateeeee, lancaaarrr josss (BUAT SAYA YA). wkwkwkwk makasii gann..","Unisex",,,"103314079955","Promo Samsung Galaxy A07 ( 4/64 4/128 6/128 8/256 ) Garansi Resmi Sein","Promo Samsung Galaxy A07 ( 4/64 4/128 6/128 8/256 ) Garansi Resmi Sein - A07 4/64 Black, No Bonus Cicil 0% 3x -  - Ini Toko Budi Shop | Tokopedia","Handphone","Android OS","5","1775001545","Product Review","",,"Tokopedia","Oxwalker","Promo Samsung Galaxy A07 ( 4/64 4/128 6/128 8/256 ) Garansi Resmi Sein",,"2025-Q4"
"https://www.tokopedia.com/ini-toko-budi-shop/samsung-galaxy-a07-4-64-4-128-6-128-8-256-garansi-resmi-sein-1729815001835537895-1735330887460881895?extParam=ivf%3Dtrue%26keyword%3Dsamsung+a07%26search_id%3D2026051013261194F6D7E04A4D452A9TDF%26src%3Dsearch&t_id=1778419236765&t_st=7&t_pp=search_result&t_efo=search_pure_goods_card&t_ef=goods_search&t_sm=&t_spt=search_result","Alhamdulillah udah datang barang nya sesuai dengan pesanan .
Kejernihan lensa: Bagus","Alhamdulillah udah datang barang nya sesuai dengan pesanan .
Kejernihan lensa: Bagus","Oxwalker","Indonesia","05-10-2026","12-10-2025","Pants","Alhamdulillah udah datang barang nya sesuai dengan pesanan .
Kejernihan lensa: Bagus","Alhamdulillah udah datang barang nya sesuai dengan pesanan .
Kejernihan lensa: Bagus","Unisex",,,"103314079955","Promo Samsung Galaxy A07 ( 4/64 4/128 6/128 8/256 ) Garansi Resmi Sein","Promo Samsung Galaxy A07 ( 4/64 4/128 6/128 8/256 ) Garansi Resmi Sein - A07 4/64 Black, No Bonus Cicil 0% 3x -  - Ini Toko Budi Shop | Tokopedia","Handphone","Android OS","5","1806548553","Product Review","",,"Tokopedia","Oxwalker","Promo Samsung Galaxy A07 ( 4/64 4/128 6/128 8/256 ) Garansi Resmi Sein",,"2025-Q4"
"https://www.tokopedia.com/ini-toko-budi-shop/samsung-galaxy-a07-4-64-4-128-6-128-8-256-garansi-resmi-sein-1729815001835537895-1735330887460881895?extParam=ivf%3Dtrue%26keyword%3Dsamsung+a07%26search_id%3D2026051013261194F6D7E04A4D452A9TDF%26src%3Dsearch&t_id=1778419236765&t_st=7&t_pp=search_result&t_efo=search_pure_goods_card&t_ef=goods_search&t_sm=&t_spt=search_result","Kejernihan lensa: Bagus
Kualitas pengerjaan: Baik
Performa sistem: Baik
Pembelian kedua kalinya, terimakasih","Kejernihan lensa: Bagus
Kualitas pengerjaan: Baik
Performa sistem: Baik
Pembelian kedua kalinya, terimakasih","Oxwalker","Indonesia","05-10-2026","10-29-2025","Pants","Kejernihan lensa: Bagus
Kualitas pengerjaan: Baik
Performa sistem: Baik
Pembelian kedua kalinya, terimakasih","Kejernihan lensa: Bagus
Kualitas pengerjaan: Baik
Performa sistem: Baik
Pembelian kedua kalinya, terimakasih","Unisex",,,"103314079955","Promo Samsung Galaxy A07 ( 4/64 4/128 6/128 8/256 ) Garansi Resmi Sein","Promo Samsung Galaxy A07 ( 4/64 4/128 6/128 8/256 ) Garansi Resmi Sein - A07 4/64 Black, No Bonus Cicil 0% 3x -  - Ini Toko Budi Shop | Tokopedia","Handphone","Android OS","5","1741745907","Product Review","",,"Tokopedia","Oxwalker","Promo Samsung Galaxy A07 ( 4/64 4/128 6/128 8/256 ) Garansi Resmi Sein",,"2025-Q4"
"https://www.tokopedia.com/ini-toko-budi-shop/samsung-galaxy-a07-4-64-4-128-6-128-8-256-garansi-resmi-sein-1729815001835537895-1735330887460881895?extParam=ivf%3Dtrue%26keyword%3Dsamsung+a07%26search_id%3D2026051013261194F6D7E04A4D452A9TDF%26src%3Dsearch&t_id=1778419236765&t_st=7&t_pp=search_result&t_efo=search_pure_goods_card&t_ef=goods_search&t_sm=&t_spt=search_result","barang nya bagus fitur bagus masih di segel penjual amanah respon baik cuman 1 jasa pengiriman nya aga lama biasa nya 1 atau 2 hari ini 4 hari ....
untuk toko nya tingkatkan performa nya dan selalu amanah","barang nya bagus fitur bagus masih di segel penjual amanah respon baik cuman 1 jasa pengiriman nya aga lama biasa nya 1 atau 2 hari ini 4 hari ....
untuk toko nya tingkatkan performa nya dan selalu amanah","Oxwalker","Indonesia","05-10-2026","10-31-2025","Pants","barang nya bagus fitur bagus masih di segel penjual amanah respon baik cuman 1 jasa pengiriman nya aga lama biasa nya 1 atau 2 hari ini 4 hari ....
untuk toko nya tingkatkan performa nya dan selalu amanah","barang nya bagus fitur bagus masih di segel penjual amanah respon baik cuman 1 jasa pengiriman nya aga lama biasa nya 1 atau 2 hari ini 4 hari ....
untuk toko nya tingkatkan performa nya dan selalu amanah","Unisex",,,"103314079955","Promo Samsung Galaxy A07 ( 4/64 4/128 6/128 8/256 ) Garansi Resmi Sein","Promo Samsung Galaxy A07 ( 4/64 4/128 6/128 8/256 ) Garansi Resmi Sein - A07 4/64 Black, No Bonus Cicil 0% 3x -  - Ini Toko Budi Shop | Tokopedia","Handphone","Android OS","5","1744411893","Product Review","",,"Tokopedia","Oxwalker","Promo Samsung Galaxy A07 ( 4/64 4/128 6/128 8/256 ) Garansi Resmi Sein",,"2025-Q4"
"https://www.tokopedia.com/ini-toko-budi-shop/samsung-galaxy-a07-4-64-4-128-6-128-8-256-garansi-resmi-sein-1729815001835537895-1735330887460881895?extParam=ivf%3Dtrue%26keyword%3Dsamsung+a07%26search_id%3D2026051013261194F6D7E04A4D452A9TDF%26src%3Dsearch&t_id=1778419236765&t_st=7&t_pp=search_result&t_efo=search_pure_goods_card&t_ef=goods_search&t_sm=&t_spt=search_result","barang sesuai","barang sesuai","Oxwalker","Indonesia","05-10-2026","06-18-2024","Pants","barang sesuai","barang sesuai","Unisex",,,"103314079955","Promo Samsung Galaxy A07 ( 4/64 4/128 6/128 8/256 ) Garansi Resmi Sein","Promo Samsung Galaxy A07 ( 4/64 4/128 6/128 8/256 ) Garansi Resmi Sein - A07 4/64 Black, No Bonus Cicil 0% 3x -  - Ini Toko Budi Shop | Tokopedia","Handphone","Android OS","5","1054288336","Product Review","",,"Tokopedia","Oxwalker","Promo Samsung Galaxy A07 ( 4/64 4/128 6/128 8/256 ) Garansi Resmi Sein",,"2024-Q2"
"https://www.tokopedia.com/ini-toko-budi-shop/samsung-galaxy-a07-4-64-4-128-6-128-8-256-garansi-resmi-sein-1729815001835537895-1735330887460881895?extParam=ivf%3Dtrue%26keyword%3Dsamsung+a07%26search_id%3D2026051013261194F6D7E04A4D452A9TDF%26src%3Dsearch&t_id=1778419236765&t_st=7&t_pp=search_result&t_efo=search_pure_goods_card&t_ef=goods_search&t_sm=&t_spt=search_result","mantap, barang jos segel dan aman, packing tebal","mantap, barang jos segel dan aman, packing tebal","Oxwalker","Indonesia","05-10-2026","07-01-2024","Pants","mantap, barang jos segel dan aman, packing tebal","mantap, barang jos segel dan aman, packing tebal","Unisex",,,"103314079955","Promo Samsung Galaxy A07 ( 4/64 4/128 6/128 8/256 ) Garansi Resmi Sein","Promo Samsung Galaxy A07 ( 4/64 4/128 6/128 8/256 ) Garansi Resmi Sein - A07 4/64 Black, No Bonus Cicil 0% 3x -  - Ini Toko Budi Shop | Tokopedia","Handphone","Android OS","5","1060023261","Product Review","",,"Tokopedia","Oxwalker","Promo Samsung Galaxy A07 ( 4/64 4/128 6/128 8/256 ) Garansi Resmi Sein",,"2024-Q3"
"https://www.tokopedia.com/ini-toko-budi-shop/samsung-galaxy-a07-4-64-4-128-6-128-8-256-garansi-resmi-sein-1729815001835537895-1735330887460881895?extParam=ivf%3Dtrue%26keyword%3Dsamsung+a07%26search_id%3D2026051013261194F6D7E04A4D452A9TDF%26src%3Dsearch&t_id=1778419236765&t_st=7&t_pp=search_result&t_efo=search_pure_goods_card&t_ef=goods_search&t_sm=&t_spt=search_result","Barang masih segel utuh. Di wrap dobel bagian dalam dan luar packing.
Fungsi normal semua Alhamdulillah","Barang masih segel utuh. Di wrap dobel bagian dalam dan luar packing.
Fungsi normal semua Alhamdulillah","Oxwalker","Indonesia","05-10-2026","05-06-2026","Pants","Barang masih segel utuh. Di wrap dobel bagian dalam dan luar packing.
Fungsi normal semua Alhamdulillah","Barang masih segel utuh. Di wrap dobel bagian dalam dan luar packing.
Fungsi normal semua Alhamdulillah","Unisex",,,"103314079955","Promo Samsung Galaxy A07 ( 4/64 4/128 6/128 8/256 ) Garansi Resmi Sein","Promo Samsung Galaxy A07 ( 4/64 4/128 6/128 8/256 ) Garansi Resmi Sein - A07 4/64 Black, No Bonus Cicil 0% 3x -  - Ini Toko Budi Shop | Tokopedia","Handphone","Android OS","5","2082684542","Product Review","",,"Tokopedia","Oxwalker","Promo Samsung Galaxy A07 ( 4/64 4/128 6/128 8/256 ) Garansi Resmi Sein",,"2026-Q2"
"https://www.tokopedia.com/ini-toko-budi-shop/samsung-galaxy-a07-4-64-4-128-6-128-8-256-garansi-resmi-sein-1729815001835537895-1735330887460881895?extParam=ivf%3Dtrue%26keyword%3Dsamsung+a07%26search_id%3D2026051013261194F6D7E04A4D452A9TDF%26src%3Dsearch&t_id=1778419236765&t_st=7&t_pp=search_result&t_efo=search_pure_goods_card&t_ef=goods_search&t_sm=&t_spt=search_result","Quality of work: Barang original, diterima dengan baik kondisinya, seller responsif dan informatif, cepat sampai dan sesuai dengan pesanan
Terimakasihhh","Quality of work: Barang original, diterima dengan baik kondisinya, seller responsif dan informatif, cepat sampai dan sesuai dengan pesanan
Terimakasihhh","Oxwalker","Indonesia","05-10-2026","10-02-2025","Pants","Quality of work: Barang original, diterima dengan baik kondisinya, seller responsif dan informatif, cepat sampai dan sesuai dengan pesanan
Terimakasihhh","Quality of work: Barang original, diterima dengan baik kondisinya, seller responsif dan informatif, cepat sampai dan sesuai dengan pesanan
Terimakasihhh","Unisex",,,"103314079955","Promo Samsung Galaxy A07 ( 4/64 4/128 6/128 8/256 ) Garansi Resmi Sein","Promo Samsung Galaxy A07 ( 4/64 4/128 6/128 8/256 ) Garansi Resmi Sein - A07 4/64 Black, No Bonus Cicil 0% 3x -  - Ini Toko Budi Shop | Tokopedia","Handphone","Android OS","5","1703004144","Product Review","",,"Tokopedia","Oxwalker","Promo Samsung Galaxy A07 ( 4/64 4/128 6/128 8/256 ) Garansi Resmi Sein",,"2025-Q4"
"https://www.tokopedia.com/ini-toko-budi-shop/samsung-galaxy-a07-4-64-4-128-6-128-8-256-garansi-resmi-sein-1729815001835537895-1735330887460881895?extParam=ivf%3Dtrue%26keyword%3Dsamsung+a07%26search_id%3D2026051013261194F6D7E04A4D452A9TDF%26src%3Dsearch&t_id=1778419236765&t_st=7&t_pp=search_result&t_efo=search_pure_goods_card&t_ef=goods_search&t_sm=&t_spt=search_result","Kejernihan lensa: Bagus
Kualitas pengerjaan: Bagus
Pengiriman cepat, kurir ramah, barang sesuai","Kejernihan lensa: Bagus
Kualitas pengerjaan: Bagus
Pengiriman cepat, kurir ramah, barang sesuai","Oxwalker","Indonesia","05-10-2026","03-07-2026","Pants","Kejernihan lensa: Bagus
Kualitas pengerjaan: Bagus
Pengiriman cepat, kurir ramah, barang sesuai","Kejernihan lensa: Bagus
Kualitas pengerjaan: Bagus
Pengiriman cepat, kurir ramah, barang sesuai","Unisex",,,"103314079955","Promo Samsung Galaxy A07 ( 4/64 4/128 6/128 8/256 ) Garansi Resmi Sein","Promo Samsung Galaxy A07 ( 4/64 4/128 6/128 8/256 ) Garansi Resmi Sein - A07 4/64 Black, No Bonus Cicil 0% 3x -  - Ini Toko Budi Shop | Tokopedia","Handphone","Android OS","5","1974749534","Product Review","",,"Tokopedia","Oxwalker","Promo Samsung Galaxy A07 ( 4/64 4/128 6/128 8/256 ) Garansi Resmi Sein",,"2026-Q1"
"https://www.tokopedia.com/ini-toko-budi-shop/samsung-galaxy-a07-4-64-4-128-6-128-8-256-garansi-resmi-sein-1729815001835537895-1735330887460881895?extParam=ivf%3Dtrue%26keyword%3Dsamsung+a07%26search_id%3D2026051013261194F6D7E04A4D452A9TDF%26src%3Dsearch&t_id=1778419236765&t_st=7&t_pp=search_result&t_efo=search_pure_goods_card&t_ef=goods_search&t_sm=&t_spt=search_result","Kejernihan lensa: Bagus
Kualitas pengerjaan: Bagus dan semoga awet serta snagat rekomended buat jangka panjang","Kejernihan lensa: Bagus
Kualitas pengerjaan: Bagus dan semoga awet serta snagat rekomended buat jangka panjang","Oxwalker","Indonesia","05-10-2026","12-28-2025","Pants","Kejernihan lensa: Bagus
Kualitas pengerjaan: Bagus dan semoga awet serta snagat rekomended buat jangka panjang","Kejernihan lensa: Bagus
Kualitas pengerjaan: Bagus dan semoga awet serta snagat rekomended buat jangka panjang","Unisex",,,"103314079955","Promo Samsung Galaxy A07 ( 4/64 4/128 6/128 8/256 ) Garansi Resmi Sein","Promo Samsung Galaxy A07 ( 4/64 4/128 6/128 8/256 ) Garansi Resmi Sein - A07 4/64 Black, No Bonus Cicil 0% 3x -  - Ini Toko Budi Shop | Tokopedia","Handphone","Android OS","5","1839400141","Product Review","",,"Tokopedia","Oxwalker","Promo Samsung Galaxy A07 ( 4/64 4/128 6/128 8/256 ) Garansi Resmi Sein",,"2025-Q4"
"https://www.tokopedia.com/ini-toko-budi-shop/samsung-galaxy-a07-4-64-4-128-6-128-8-256-garansi-resmi-sein-1729815001835537895-1735330887460881895?extParam=ivf%3Dtrue%26keyword%3Dsamsung+a07%26search_id%3D2026051013261194F6D7E04A4D452A9TDF%26src%3Dsearch&t_id=1778419236765&t_st=7&t_pp=search_result&t_efo=search_pure_goods_card&t_ef=goods_search&t_sm=&t_spt=search_result","fastrespon ramah barang sesuai...pokoknya josss","fastrespon ramah barang sesuai...pokoknya josss","Oxwalker","Indonesia","05-10-2026","05-03-2025","Pants","fastrespon ramah barang sesuai...pokoknya josss","fastrespon ramah barang sesuai...pokoknya josss","Unisex",,,"103314079955","Promo Samsung Galaxy A07 ( 4/64 4/128 6/128 8/256 ) Garansi Resmi Sein","Promo Samsung Galaxy A07 ( 4/64 4/128 6/128 8/256 ) Garansi Resmi Sein - A07 4/64 Black, No Bonus Cicil 0% 3x -  - Ini Toko Budi Shop | Tokopedia","Handphone","Android OS","5","1430175630","Product Review","",,"Tokopedia","Oxwalker","Promo Samsung Galaxy A07 ( 4/64 4/128 6/128 8/256 ) Garansi Resmi Sein",,"2025-Q2"
"https://www.tokopedia.com/ini-toko-budi-shop/samsung-galaxy-a07-4-64-4-128-6-128-8-256-garansi-resmi-sein-1729815001835537895-1735330887460881895?extParam=ivf%3Dtrue%26keyword%3Dsamsung+a07%26search_id%3D2026051013261194F6D7E04A4D452A9TDF%26src%3Dsearch&t_id=1778419236765&t_st=7&t_pp=search_result&t_efo=search_pure_goods_card&t_ef=goods_search&t_sm=&t_spt=search_result","produk selamat sampai tujuan, barang masih segel","produk selamat sampai tujuan, barang masih segel","Oxwalker","Indonesia","05-10-2026","03-17-2026","Pants","produk selamat sampai tujuan, barang masih segel","produk selamat sampai tujuan, barang masih segel","Unisex",,,"103314079955","Promo Samsung Galaxy A07 ( 4/64 4/128 6/128 8/256 ) Garansi Resmi Sein","Promo Samsung Galaxy A07 ( 4/64 4/128 6/128 8/256 ) Garansi Resmi Sein - A07 4/64 Black, No Bonus Cicil 0% 3x -  - Ini Toko Budi Shop | Tokopedia","Handphone","Android OS","5","2003614381","Product Review","",,"Tokopedia","Oxwalker","Promo Samsung Galaxy A07 ( 4/64 4/128 6/128 8/256 ) Garansi Resmi Sein",,"2026-Q1"
"https://www.tokopedia.com/ini-toko-budi-shop/samsung-galaxy-a07-4-64-4-128-6-128-8-256-garansi-resmi-sein-1729815001835537895-1735330887460881895?extParam=ivf%3Dtrue%26keyword%3Dsamsung+a07%26search_id%3D2026051013261194F6D7E04A4D452A9TDF%26src%3Dsearch&t_id=1778419236765&t_st=7&t_pp=search_result&t_efo=search_pure_goods_card&t_ef=goods_search&t_sm=&t_spt=search_result","hp nya mantap, istri trcinta bahagia bngt dpt hadiah hp ini, berfungsi semua dg baik, hp nya baru, seller respek dan komunikatif, trima kasih seller smoga smakin sukses , aamiin","hp nya mantap, istri trcinta bahagia bngt dpt hadiah hp ini, berfungsi semua dg baik, hp nya baru, seller respek dan komunikatif, trima kasih seller smoga smakin sukses , aamiin","Oxwalker","Indonesia","05-10-2026","03-19-2026","Pants","hp nya mantap, istri trcinta bahagia bngt dpt hadiah hp ini, berfungsi semua dg baik, hp nya baru, seller respek dan komunikatif, trima kasih seller smoga smakin sukses , aamiin","hp nya mantap, istri trcinta bahagia bngt dpt hadiah hp ini, berfungsi semua dg baik, hp nya baru, seller respek dan komunikatif, trima kasih seller smoga smakin sukses , aamiin","Unisex",,,"103314079955","Promo Samsung Galaxy A07 ( 4/64 4/128 6/128 8/256 ) Garansi Resmi Sein","Promo Samsung Galaxy A07 ( 4/64 4/128 6/128 8/256 ) Garansi Resmi Sein - A07 4/64 Black, No Bonus Cicil 0% 3x -  - Ini Toko Budi Shop | Tokopedia","Handphone","Android OS","5","2007072584","Product Review","",,"Tokopedia","Oxwalker","Promo Samsung Galaxy A07 ( 4/64 4/128 6/128 8/256 ) Garansi Resmi Sein",,"2026-Q1"
"https://www.tokopedia.com/ini-toko-budi-shop/samsung-galaxy-a07-4-64-4-128-6-128-8-256-garansi-resmi-sein-1729815001835537895-1735330887460881895?extParam=ivf%3Dtrue%26keyword%3Dsamsung+a07%26search_id%3D2026051013261194F6D7E04A4D452A9TDF%26src%3Dsearch&t_id=1778419236765&t_st=7&t_pp=search_result&t_efo=search_pure_goods_card&t_ef=goods_search&t_sm=&t_spt=search_result","Kejernihan lensa: Bagus
Kualitas pengerjaan: Oke","Kejernihan lensa: Bagus
Kualitas pengerjaan: Oke","Oxwalker","Indonesia","05-10-2026","09-17-2025","Pants","Kejernihan lensa: Bagus
Kualitas pengerjaan: Oke","Kejernihan lensa: Bagus
Kualitas pengerjaan: Oke","Unisex",,,"103314079955","Promo Samsung Galaxy A07 ( 4/64 4/128 6/128 8/256 ) Garansi Resmi Sein","Promo Samsung Galaxy A07 ( 4/64 4/128 6/128 8/256 ) Garansi Resmi Sein - A07 4/64 Black, No Bonus Cicil 0% 3x -  - Ini Toko Budi Shop | Tokopedia","Handphone","Android OS","5","1681648004","Product Review","",,"Tokopedia","Oxwalker","Promo Samsung Galaxy A07 ( 4/64 4/128 6/128 8/256 ) Garansi Resmi Sein",,"2025-Q3"
"https://www.tokopedia.com/ini-toko-budi-shop/samsung-galaxy-a07-4-64-4-128-6-128-8-256-garansi-resmi-sein-1729815001835537895-1735330887460881895?extParam=ivf%3Dtrue%26keyword%3Dsamsung+a07%26search_id%3D2026051013261194F6D7E04A4D452A9TDF%26src%3Dsearch&t_id=1778419236765&t_st=7&t_pp=search_result&t_efo=search_pure_goods_card&t_ef=goods_search&t_sm=&t_spt=search_result","Superb! Pengiriman cepat, packing baik dan produk sesuai deskripsi. Seller ramah, fast response, trusted and recommended. 

Terima kasih dan sehat selalu!","Superb! Pengiriman cepat, packing baik dan produk sesuai deskripsi. Seller ramah, fast response, trusted and recommended. 

Terima kasih dan sehat selalu!","Oxwalker","Indonesia","05-10-2026","01-27-2026","Pants","Superb! Pengiriman cepat, packing baik dan produk sesuai deskripsi. Seller ramah, fast response, trusted and recommended. 

Terima kasih dan sehat selalu!","Superb! Pengiriman cepat, packing baik dan produk sesuai deskripsi. Seller ramah, fast response, trusted and recommended. 

Terima kasih dan sehat selalu!","Unisex",,,"103314079955","Promo Samsung Galaxy A07 ( 4/64 4/128 6/128 8/256 ) Garansi Resmi Sein","Promo Samsung Galaxy A07 ( 4/64 4/128 6/128 8/256 ) Garansi Resmi Sein - A07 4/64 Black, No Bonus Cicil 0% 3x -  - Ini Toko Budi Shop | Tokopedia","Handphone","Android OS","5","1889248136","Product Review","",,"Tokopedia","Oxwalker","Promo Samsung Galaxy A07 ( 4/64 4/128 6/128 8/256 ) Garansi Resmi Sein",,"2026-Q1"
"https://www.tokopedia.com/ini-toko-budi-shop/samsung-galaxy-a07-4-64-4-128-6-128-8-256-garansi-resmi-sein-1729815001835537895-1735330887460881895?extParam=ivf%3Dtrue%26keyword%3Dsamsung+a07%26search_id%3D2026051013261194F6D7E04A4D452A9TDF%26src%3Dsearch&t_id=1778419236765&t_st=7&t_pp=search_result&t_efo=search_pure_goods_card&t_ef=goods_search&t_sm=&t_spt=search_result","beli A07 udah bonus adapter sama softcase cuma di harga 2.1 juta murah bgttt! barangnya original 100%, masih baru dan segel, dan ada garansi. packing lumayan aman. pengiriman juga gak ada masalah. thanks seller semoga sukses selalu.","beli A07 udah bonus adapter sama softcase cuma di harga 2.1 juta murah bgttt! barangnya original 100%, masih baru dan segel, dan ada garansi. packing lumayan aman. pengiriman juga gak ada masalah. thanks seller semoga sukses selalu.","Oxwalker","Indonesia","05-10-2026","03-14-2026","Pants","beli A07 udah bonus adapter sama softcase cuma di harga 2.1 juta murah bgttt! barangnya original 100%, masih baru dan segel, dan ada garansi. packing lumayan aman. pengiriman juga gak ada masalah. thanks seller semoga sukses selalu.","beli A07 udah bonus adapter sama softcase cuma di harga 2.1 juta murah bgttt! barangnya original 100%, masih baru dan segel, dan ada garansi. packing lumayan aman. pengiriman juga gak ada masalah. thanks seller semoga sukses selalu.","Unisex",,,"103314079955","Promo Samsung Galaxy A07 ( 4/64 4/128 6/128 8/256 ) Garansi Resmi Sein","Promo Samsung Galaxy A07 ( 4/64 4/128 6/128 8/256 ) Garansi Resmi Sein - A07 4/64 Black, No Bonus Cicil 0% 3x -  - Ini Toko Budi Shop | Tokopedia","Handphone","Android OS","5","1994405680","Product Review","",,"Tokopedia","Oxwalker","Promo Samsung Galaxy A07 ( 4/64 4/128 6/128 8/256 ) Garansi Resmi Sein",,"2026-Q1"
"https://www.tokopedia.com/ini-toko-budi-shop/samsung-galaxy-a07-4-64-4-128-6-128-8-256-garansi-resmi-sein-1729815001835537895-1735330887460881895?extParam=ivf%3Dtrue%26keyword%3Dsamsung+a07%26search_id%3D2026051013261194F6D7E04A4D452A9TDF%26src%3Dsearch&t_id=1778419236765&t_st=7&t_pp=search_result&t_efo=search_pure_goods_card&t_ef=goods_search&t_sm=&t_spt=search_result","Mantapp👍","Mantapp👍","Oxwalker","Indonesia","05-10-2026","11-27-2025","Pants","Mantapp👍","Mantapp👍","Unisex",,,"103314079955","Promo Samsung Galaxy A07 ( 4/64 4/128 6/128 8/256 ) Garansi Resmi Sein","Promo Samsung Galaxy A07 ( 4/64 4/128 6/128 8/256 ) Garansi Resmi Sein - A07 4/64 Black, No Bonus Cicil 0% 3x -  - Ini Toko Budi Shop | Tokopedia","Handphone","Android OS","5","1786208312","Product Review","",,"Tokopedia","Oxwalker","Promo Samsung Galaxy A07 ( 4/64 4/128 6/128 8/256 ) Garansi Resmi Sein",,"2025-Q4"
"https://www.tokopedia.com/ini-toko-budi-shop/samsung-galaxy-a07-4-64-4-128-6-128-8-256-garansi-resmi-sein-1729815001835537895-1735330887460881895?extParam=ivf%3Dtrue%26keyword%3Dsamsung+a07%26search_id%3D2026051013261194F6D7E04A4D452A9TDF%26src%3Dsearch&t_id=1778419236765&t_st=7&t_pp=search_result&t_efo=search_pure_goods_card&t_ef=goods_search&t_sm=&t_spt=search_result","nice makasih","nice makasih","Oxwalker","Indonesia","05-10-2026","04-12-2024","Pants","nice makasih","nice makasih","Unisex",,,"103314079955","Promo Samsung Galaxy A07 ( 4/64 4/128 6/128 8/256 ) Garansi Resmi Sein","Promo Samsung Galaxy A07 ( 4/64 4/128 6/128 8/256 ) Garansi Resmi Sein - A07 4/64 Black, No Bonus Cicil 0% 3x -  - Ini Toko Budi Shop | Tokopedia","Handphone","Android OS","5","1027416752","Product Review","",,"Tokopedia","Oxwalker","Promo Samsung Galaxy A07 ( 4/64 4/128 6/128 8/256 ) Garansi Resmi Sein",,"2024-Q2"
"https://www.tokopedia.com/ini-toko-budi-shop/samsung-galaxy-a07-4-64-4-128-6-128-8-256-garansi-resmi-sein-1729815001835537895-1735330887460881895?extParam=ivf%3Dtrue%26keyword%3Dsamsung+a07%26search_id%3D2026051013261194F6D7E04A4D452A9TDF%26src%3Dsearch&t_id=1778419236765&t_st=7&t_pp=search_result&t_efo=search_pure_goods_card&t_ef=goods_search&t_sm=&t_spt=search_result","oky original","oky original","Oxwalker","Indonesia","05-10-2026","11-18-2025","Pants","oky original","oky original","Unisex",,,"103314079955","Promo Samsung Galaxy A07 ( 4/64 4/128 6/128 8/256 ) Garansi Resmi Sein","Promo Samsung Galaxy A07 ( 4/64 4/128 6/128 8/256 ) Garansi Resmi Sein - A07 4/64 Black, No Bonus Cicil 0% 3x -  - Ini Toko Budi Shop | Tokopedia","Handphone","Android OS","5","1773011772","Product Review","",,"Tokopedia","Oxwalker","Promo Samsung Galaxy A07 ( 4/64 4/128 6/128 8/256 ) Garansi Resmi Sein",,"2025-Q4"
"https://www.tokopedia.com/ini-toko-budi-shop/samsung-galaxy-a07-4-64-4-128-6-128-8-256-garansi-resmi-sein-1729815001835537895-1735330887460881895?extParam=ivf%3Dtrue%26keyword%3Dsamsung+a07%26search_id%3D2026051013261194F6D7E04A4D452A9TDF%26src%3Dsearch&t_id=1778419236765&t_st=7&t_pp=search_result&t_efo=search_pure_goods_card&t_ef=goods_search&t_sm=&t_spt=search_result","Kejernihan lensa: baik
Kualitas pengerjaan: baik","Kejernihan lensa: baik
Kualitas pengerjaan: baik","Oxwalker","Indonesia","05-10-2026","03-18-2026","Pants","Kejernihan lensa: baik
Kualitas pengerjaan: baik","Kejernihan lensa: baik
Kualitas pengerjaan: baik","Unisex",,,"103314079955","Promo Samsung Galaxy A07 ( 4/64 4/128 6/128 8/256 ) Garansi Resmi Sein","Promo Samsung Galaxy A07 ( 4/64 4/128 6/128 8/256 ) Garansi Resmi Sein - A07 4/64 Black, No Bonus Cicil 0% 3x -  - Ini Toko Budi Shop | Tokopedia","Handphone","Android OS","5","2005640911","Product Review","",,"Tokopedia","Oxwalker","Promo Samsung Galaxy A07 ( 4/64 4/128 6/128 8/256 ) Garansi Resmi Sein",,"2026-Q1"
"https://www.tokopedia.com/ini-toko-budi-shop/samsung-galaxy-a07-4-64-4-128-6-128-8-256-garansi-resmi-sein-1729815001835537895-1735330887460881895?extParam=ivf%3Dtrue%26keyword%3Dsamsung+a07%26search_id%3D2026051013261194F6D7E04A4D452A9TDF%26src%3Dsearch&t_id=1778419236765&t_st=7&t_pp=search_result&t_efo=search_pure_goods_card&t_ef=goods_search&t_sm=&t_spt=search_result","sat set, paket sampai sebelum tanggal estimasi.","sat set, paket sampai sebelum tanggal estimasi.","Oxwalker","Indonesia","05-10-2026","06-14-2025","Pants","sat set, paket sampai sebelum tanggal estimasi.","sat set, paket sampai sebelum tanggal estimasi.","Unisex",,,"103314079955","Promo Samsung Galaxy A07 ( 4/64 4/128 6/128 8/256 ) Garansi Resmi Sein","Promo Samsung Galaxy A07 ( 4/64 4/128 6/128 8/256 ) Garansi Resmi Sein - A07 4/64 Black, No Bonus Cicil 0% 3x -  - Ini Toko Budi Shop | Tokopedia","Handphone","Android OS","5","1523513875","Product Review","",,"Tokopedia","Oxwalker","Promo Samsung Galaxy A07 ( 4/64 4/128 6/128 8/256 ) Garansi Resmi Sein",,"2025-Q2"
"https://www.tokopedia.com/ini-toko-budi-shop/samsung-galaxy-a07-4-64-4-128-6-128-8-256-garansi-resmi-sein-1729815001835537895-1735330887460881895?extParam=ivf%3Dtrue%26keyword%3Dsamsung+a07%26search_id%3D2026051013261194F6D7E04A4D452A9TDF%26src%3Dsearch&t_id=1778419236765&t_st=7&t_pp=search_result&t_efo=search_pure_goods_card&t_ef=goods_search&t_sm=&t_spt=search_result","Jujur Kondisi sesuai, bagus, dan kemasan nya rapih.
soal garansi aman, garansi aktif 3 maret sesuai dengan pembelian &amp; sampe barang tanggal 5. Dibilang ini fresh bukan repack. Aman","Jujur Kondisi sesuai, bagus, dan kemasan nya rapih.
soal garansi aman, garansi aktif 3 maret sesuai dengan pembelian &amp; sampe barang tanggal 5. Dibilang ini fresh bukan repack. Aman","Oxwalker","Indonesia","05-10-2026","03-06-2026","Pants","Jujur Kondisi sesuai, bagus, dan kemasan nya rapih.
soal garansi aman, garansi aktif 3 maret sesuai dengan pembelian &amp; sampe barang tanggal 5. Dibilang ini fresh bukan repack. Aman","Jujur Kondisi sesuai, bagus, dan kemasan nya rapih.
soal garansi aman, garansi aktif 3 maret sesuai dengan pembelian &amp; sampe barang tanggal 5. Dibilang ini fresh bukan repack. Aman","Unisex",,,"103314079955","Promo Samsung Galaxy A07 ( 4/64 4/128 6/128 8/256 ) Garansi Resmi Sein","Promo Samsung Galaxy A07 ( 4/64 4/128 6/128 8/256 ) Garansi Resmi Sein - A07 4/64 Black, No Bonus Cicil 0% 3x -  - Ini Toko Budi Shop | Tokopedia","Handphone","Android OS","5","1972782813","Product Review","",,"Tokopedia","Oxwalker","Promo Samsung Galaxy A07 ( 4/64 4/128 6/128 8/256 ) Garansi Resmi Sein",,"2026-Q1"
"https://www.tokopedia.com/ini-toko-budi-shop/samsung-galaxy-a07-4-64-4-128-6-128-8-256-garansi-resmi-sein-1729815001835537895-1735330887460881895?extParam=ivf%3Dtrue%26keyword%3Dsamsung+a07%26search_id%3D2026051013261194F6D7E04A4D452A9TDF%26src%3Dsearch&t_id=1778419236765&t_st=7&t_pp=search_result&t_efo=search_pure_goods_card&t_ef=goods_search&t_sm=&t_spt=search_result","Mantab, sesuai pesanan dan pengirimannya cepat","Mantab, sesuai pesanan dan pengirimannya cepat","Oxwalker","Indonesia","05-10-2026","05-03-2025","Pants","Mantab, sesuai pesanan dan pengirimannya cepat","Mantab, sesuai pesanan dan pengirimannya cepat","Unisex",,,"103314079955","Promo Samsung Galaxy A07 ( 4/64 4/128 6/128 8/256 ) Garansi Resmi Sein","Promo Samsung Galaxy A07 ( 4/64 4/128 6/128 8/256 ) Garansi Resmi Sein - A07 4/64 Black, No Bonus Cicil 0% 3x -  - Ini Toko Budi Shop | Tokopedia","Handphone","Android OS","5","1431037862","Product Review","",,"Tokopedia","Oxwalker","Promo Samsung Galaxy A07 ( 4/64 4/128 6/128 8/256 ) Garansi Resmi Sein",,"2025-Q2"
"https://www.tokopedia.com/ini-toko-budi-shop/samsung-galaxy-a07-4-64-4-128-6-128-8-256-garansi-resmi-sein-1729815001835537895-1735330887460881895?extParam=ivf%3Dtrue%26keyword%3Dsamsung+a07%26search_id%3D2026051013261194F6D7E04A4D452A9TDF%26src%3Dsearch&t_id=1778419236765&t_st=7&t_pp=search_result&t_efo=search_pure_goods_card&t_ef=goods_search&t_sm=&t_spt=search_result","sesuai spek dan kualitas sesuai, keren kak 🙏","sesuai spek dan kualitas sesuai, keren kak 🙏","Oxwalker","Indonesia","05-10-2026","02-22-2025","Pants","sesuai spek dan kualitas sesuai, keren kak 🙏","sesuai spek dan kualitas sesuai, keren kak 🙏","Unisex",,,"103314079955","Promo Samsung Galaxy A07 ( 4/64 4/128 6/128 8/256 ) Garansi Resmi Sein","Promo Samsung Galaxy A07 ( 4/64 4/128 6/128 8/256 ) Garansi Resmi Sein - A07 4/64 Black, No Bonus Cicil 0% 3x -  - Ini Toko Budi Shop | Tokopedia","Handphone","Android OS","5","1215151225","Product Review","",,"Tokopedia","Oxwalker","Promo Samsung Galaxy A07 ( 4/64 4/128 6/128 8/256 ) Garansi Resmi Sein",,"2025-Q1"
"https://www.tokopedia.com/ini-toko-budi-shop/samsung-galaxy-a07-4-64-4-128-6-128-8-256-garansi-resmi-sein-1729815001835537895-1735330887460881895?extParam=ivf%3Dtrue%26keyword%3Dsamsung+a07%26search_id%3D2026051013261194F6D7E04A4D452A9TDF%26src%3Dsearch&t_id=1778419236765&t_st=7&t_pp=search_result&t_efo=search_pure_goods_card&t_ef=goods_search&t_sm=&t_spt=search_result","Ternyata blm ada nfc nya, saya kurang teliti...","Ternyata blm ada nfc nya, saya kurang teliti...","Oxwalker","Indonesia","05-10-2026","03-30-2026","Pants","Ternyata blm ada nfc nya, saya kurang teliti...","Ternyata blm ada nfc nya, saya kurang teliti...","Unisex",,,"103314079955","Promo Samsung Galaxy A07 ( 4/64 4/128 6/128 8/256 ) Garansi Resmi Sein","Promo Samsung Galaxy A07 ( 4/64 4/128 6/128 8/256 ) Garansi Resmi Sein - A07 4/64 Black, No Bonus Cicil 0% 3x -  - Ini Toko Budi Shop | Tokopedia","Handphone","Android OS","5","2020932799","Product Review","",,"Tokopedia","Oxwalker","Promo Samsung Galaxy A07 ( 4/64 4/128 6/128 8/256 ) Garansi Resmi Sein",,"2026-Q1"
"https://www.tokopedia.com/ini-toko-budi-shop/samsung-galaxy-a07-4-64-4-128-6-128-8-256-garansi-resmi-sein-1729815001835537895-1735330887460881895?extParam=ivf%3Dtrue%26keyword%3Dsamsung+a07%26search_id%3D2026051013261194F6D7E04A4D452A9TDF%26src%3Dsearch&t_id=1778419236765&t_st=7&t_pp=search_result&t_efo=search_pure_goods_card&t_ef=goods_search&t_sm=&t_spt=search_result","Barang sesuai , pengiriman cepat , terimakasih","Barang sesuai , pengiriman cepat , terimakasih","Oxwalker","Indonesia","05-10-2026","10-31-2025","Pants","Barang sesuai , pengiriman cepat , terimakasih","Barang sesuai , pengiriman cepat , terimakasih","Unisex",,,"103314079955","Promo Samsung Galaxy A07 ( 4/64 4/128 6/128 8/256 ) Garansi Resmi Sein","Promo Samsung Galaxy A07 ( 4/64 4/128 6/128 8/256 ) Garansi Resmi Sein - A07 4/64 Black, No Bonus Cicil 0% 3x -  - Ini Toko Budi Shop | Tokopedia","Handphone","Android OS","5","1744609388","Product Review","",,"Tokopedia","Oxwalker","Promo Samsung Galaxy A07 ( 4/64 4/128 6/128 8/256 ) Garansi Resmi Sein",,"2025-Q4"
"https://www.tokopedia.com/ini-toko-budi-shop/samsung-galaxy-a07-4-64-4-128-6-128-8-256-garansi-resmi-sein-1729815001835537895-1735330887460881895?extParam=ivf%3Dtrue%26keyword%3Dsamsung+a07%26search_id%3D2026051013261194F6D7E04A4D452A9TDF%26src%3Dsearch&t_id=1778419236765&t_st=7&t_pp=search_result&t_efo=search_pure_goods_card&t_ef=goods_search&t_sm=&t_spt=search_result","manthab...","manthab...","Oxwalker","Indonesia","05-10-2026","03-26-2024","Pants","manthab...","manthab...","Unisex",,,"103314079955","Promo Samsung Galaxy A07 ( 4/64 4/128 6/128 8/256 ) Garansi Resmi Sein","Promo Samsung Galaxy A07 ( 4/64 4/128 6/128 8/256 ) Garansi Resmi Sein - A07 4/64 Black, No Bonus Cicil 0% 3x -  - Ini Toko Budi Shop | Tokopedia","Handphone","Android OS","5","1019573085","Product Review","",,"Tokopedia","Oxwalker","Promo Samsung Galaxy A07 ( 4/64 4/128 6/128 8/256 ) Garansi Resmi Sein",,"2024-Q1"
"https://www.tokopedia.com/ini-toko-budi-shop/samsung-galaxy-a07-4-64-4-128-6-128-8-256-garansi-resmi-sein-1729815001835537895-1735330887460881895?extParam=ivf%3Dtrue%26keyword%3Dsamsung+a07%26search_id%3D2026051013261194F6D7E04A4D452A9TDF%26src%3Dsearch&t_id=1778419236765&t_st=7&t_pp=search_result&t_efo=search_pure_goods_card&t_ef=goods_search&t_sm=&t_spt=search_result","barang segel... belum dicoba mudah2an awet...","barang segel... belum dicoba mudah2an awet...","Oxwalker","Indonesia","05-10-2026","03-23-2024","Pants","barang segel... belum dicoba mudah2an awet...","barang segel... belum dicoba mudah2an awet...","Unisex",,,"103314079955","Promo Samsung Galaxy A07 ( 4/64 4/128 6/128 8/256 ) Garansi Resmi Sein","Promo Samsung Galaxy A07 ( 4/64 4/128 6/128 8/256 ) Garansi Resmi Sein - A07 4/64 Black, No Bonus Cicil 0% 3x -  - Ini Toko Budi Shop | Tokopedia","Handphone","Android OS","5","1018102675","Product Review","",,"Tokopedia","Oxwalker","Promo Samsung Galaxy A07 ( 4/64 4/128 6/128 8/256 ) Garansi Resmi Sein",,"2024-Q1"
"https://www.tokopedia.com/ini-toko-budi-shop/samsung-galaxy-a07-4-64-4-128-6-128-8-256-garansi-resmi-sein-1729815001835537895-1735330887460881895?extParam=ivf%3Dtrue%26keyword%3Dsamsung+a07%26search_id%3D2026051013261194F6D7E04A4D452A9TDF%26src%3Dsearch&t_id=1778419236765&t_st=7&t_pp=search_result&t_efo=search_pure_goods_card&t_ef=goods_search&t_sm=&t_spt=search_result","Pengiriman cepat, barang bergaransi dan segel","Pengiriman cepat, barang bergaransi dan segel","Oxwalker","Indonesia","05-10-2026","02-03-2024","Pants","Pengiriman cepat, barang bergaransi dan segel","Pengiriman cepat, barang bergaransi dan segel","Unisex",,,"103314079955","Promo Samsung Galaxy A07 ( 4/64 4/128 6/128 8/256 ) Garansi Resmi Sein","Promo Samsung Galaxy A07 ( 4/64 4/128 6/128 8/256 ) Garansi Resmi Sein - A07 4/64 Black, No Bonus Cicil 0% 3x -  - Ini Toko Budi Shop | Tokopedia","Handphone","Android OS","5","997830074","Product Review","",,"Tokopedia","Oxwalker","Promo Samsung Galaxy A07 ( 4/64 4/128 6/128 8/256 ) Garansi Resmi Sein",,"2024-Q1"
"https://www.tokopedia.com/ini-toko-budi-shop/samsung-galaxy-a07-4-64-4-128-6-128-8-256-garansi-resmi-sein-1729815001835537895-1735330887460881895?extParam=ivf%3Dtrue%26keyword%3Dsamsung+a07%26search_id%3D2026051013261194F6D7E04A4D452A9TDF%26src%3Dsearch&t_id=1778419236765&t_st=7&t_pp=search_result&t_efo=search_pure_goods_card&t_ef=goods_search&t_sm=&t_spt=search_result","barang ori, pengiriman cepat, pengemasan aman","barang ori, pengiriman cepat, pengemasan aman","Oxwalker","Indonesia","05-10-2026","07-19-2024","Pants","barang ori, pengiriman cepat, pengemasan aman","barang ori, pengiriman cepat, pengemasan aman","Unisex",,,"103314079955","Promo Samsung Galaxy A07 ( 4/64 4/128 6/128 8/256 ) Garansi Resmi Sein","Promo Samsung Galaxy A07 ( 4/64 4/128 6/128 8/256 ) Garansi Resmi Sein - A07 4/64 Black, No Bonus Cicil 0% 3x -  - Ini Toko Budi Shop | Tokopedia","Handphone","Android OS","5","1067910018","Product Review","",,"Tokopedia","Oxwalker","Promo Samsung Galaxy A07 ( 4/64 4/128 6/128 8/256 ) Garansi Resmi Sein",,"2024-Q3"
"https://www.tokopedia.com/ini-toko-budi-shop/samsung-galaxy-a07-4-64-4-128-6-128-8-256-garansi-resmi-sein-1729815001835537895-1735330887460881895?extParam=ivf%3Dtrue%26keyword%3Dsamsung+a07%26search_id%3D2026051013261194F6D7E04A4D452A9TDF%26src%3Dsearch&t_id=1778419236765&t_st=7&t_pp=search_result&t_efo=search_pure_goods_card&t_ef=goods_search&t_sm=&t_spt=search_result","bagus amanah fast respon . terimakasih seller","bagus amanah fast respon . terimakasih seller","Oxwalker","Indonesia","05-10-2026","10-23-2025","Pants","bagus amanah fast respon . terimakasih seller","bagus amanah fast respon . terimakasih seller","Unisex",,,"103314079955","Promo Samsung Galaxy A07 ( 4/64 4/128 6/128 8/256 ) Garansi Resmi Sein","Promo Samsung Galaxy A07 ( 4/64 4/128 6/128 8/256 ) Garansi Resmi Sein - A07 4/64 Black, No Bonus Cicil 0% 3x -  - Ini Toko Budi Shop | Tokopedia","Handphone","Android OS","5","1732293702","Product Review","",,"Tokopedia","Oxwalker","Promo Samsung Galaxy A07 ( 4/64 4/128 6/128 8/256 ) Garansi Resmi Sein",,"2025-Q4"
"https://www.tokopedia.com/ini-toko-budi-shop/samsung-galaxy-a07-4-64-4-128-6-128-8-256-garansi-resmi-sein-1729815001835537895-1735330887460881895?extParam=ivf%3Dtrue%26keyword%3Dsamsung+a07%26search_id%3D2026051013261194F6D7E04A4D452A9TDF%26src%3Dsearch&t_id=1778419236765&t_st=7&t_pp=search_result&t_efo=search_pure_goods_card&t_ef=goods_search&t_sm=&t_spt=search_result","segel ori","segel ori","Oxwalker","Indonesia","05-10-2026","09-13-2025","Pants","segel ori","segel ori","Unisex",,,"103314079955","Promo Samsung Galaxy A07 ( 4/64 4/128 6/128 8/256 ) Garansi Resmi Sein","Promo Samsung Galaxy A07 ( 4/64 4/128 6/128 8/256 ) Garansi Resmi Sein - A07 4/64 Black, No Bonus Cicil 0% 3x -  - Ini Toko Budi Shop | Tokopedia","Handphone","Android OS","5","1675667382","Product Review","",,"Tokopedia","Oxwalker","Promo Samsung Galaxy A07 ( 4/64 4/128 6/128 8/256 ) Garansi Resmi Sein",,"2025-Q3"
"https://www.tokopedia.com/ini-toko-budi-shop/samsung-galaxy-a07-4-64-4-128-6-128-8-256-garansi-resmi-sein-1729815001835537895-1735330887460881895?extParam=ivf%3Dtrue%26keyword%3Dsamsung+a07%26search_id%3D2026051013261194F6D7E04A4D452A9TDF%26src%3Dsearch&t_id=1778419236765&t_st=7&t_pp=search_result&t_efo=search_pure_goods_card&t_ef=goods_search&t_sm=&t_spt=search_result","Barangnya bagus, packing aman dan seller ramah","Barangnya bagus, packing aman dan seller ramah","Oxwalker","Indonesia","05-10-2026","03-06-2026","Pants","Barangnya bagus, packing aman dan seller ramah","Barangnya bagus, packing aman dan seller ramah","Unisex",,,"103314079955","Promo Samsung Galaxy A07 ( 4/64 4/128 6/128 8/256 ) Garansi Resmi Sein","Promo Samsung Galaxy A07 ( 4/64 4/128 6/128 8/256 ) Garansi Resmi Sein - A07 4/64 Black, No Bonus Cicil 0% 3x -  - Ini Toko Budi Shop | Tokopedia","Handphone","Android OS","5","1972081496","Product Review","",,"Tokopedia","Oxwalker","Promo Samsung Galaxy A07 ( 4/64 4/128 6/128 8/256 ) Garansi Resmi Sein",,"2026-Q1"
"https://www.tokopedia.com/ini-toko-budi-shop/samsung-galaxy-a07-4-64-4-128-6-128-8-256-garansi-resmi-sein-1729815001835537895-1735330887460881895?extParam=ivf%3Dtrue%26keyword%3Dsamsung+a07%26search_id%3D2026051013261194F6D7E04A4D452A9TDF%26src%3Dsearch&t_id=1778419236765&t_st=7&t_pp=search_result&t_efo=search_pure_goods_card&t_ef=goods_search&t_sm=&t_spt=search_result","original","original","Oxwalker","Indonesia","05-10-2026","09-13-2025","Pants","original","original","Unisex",,,"103314079955","Promo Samsung Galaxy A07 ( 4/64 4/128 6/128 8/256 ) Garansi Resmi Sein","Promo Samsung Galaxy A07 ( 4/64 4/128 6/128 8/256 ) Garansi Resmi Sein - A07 4/64 Black, No Bonus Cicil 0% 3x -  - Ini Toko Budi Shop | Tokopedia","Handphone","Android OS","5","1675829485","Product Review","",,"Tokopedia","Oxwalker","Promo Samsung Galaxy A07 ( 4/64 4/128 6/128 8/256 ) Garansi Resmi Sein",,"2025-Q3"
"https://www.tokopedia.com/ini-toko-budi-shop/samsung-galaxy-a07-4-64-4-128-6-128-8-256-garansi-resmi-sein-1729815001835537895-1735330887460881895?extParam=ivf%3Dtrue%26keyword%3Dsamsung+a07%26search_id%3D2026051013261194F6D7E04A4D452A9TDF%26src%3Dsearch&t_id=1778419236765&t_st=7&t_pp=search_result&t_efo=search_pure_goods_card&t_ef=goods_search&t_sm=&t_spt=search_result","barang sudah sampai dan sesuai dengan pesanan","barang sudah sampai dan sesuai dengan pesanan","Oxwalker","Indonesia","05-10-2026","11-01-2023","Pants","barang sudah sampai dan sesuai dengan pesanan","barang sudah sampai dan sesuai dengan pesanan","Unisex",,,"103314079955","Promo Samsung Galaxy A07 ( 4/64 4/128 6/128 8/256 ) Garansi Resmi Sein","Promo Samsung Galaxy A07 ( 4/64 4/128 6/128 8/256 ) Garansi Resmi Sein - A07 4/64 Black, No Bonus Cicil 0% 3x -  - Ini Toko Budi Shop | Tokopedia","Handphone","Android OS","5","957772114","Product Review","",,"Tokopedia","Oxwalker","Promo Samsung Galaxy A07 ( 4/64 4/128 6/128 8/256 ) Garansi Resmi Sein",,"2023-Q4"
"https://www.tokopedia.com/ini-toko-budi-shop/samsung-galaxy-a07-4-64-4-128-6-128-8-256-garansi-resmi-sein-1729815001835537895-1735330887460881895?extParam=ivf%3Dtrue%26keyword%3Dsamsung+a07%26search_id%3D2026051013261194F6D7E04A4D452A9TDF%26src%3Dsearch&t_id=1778419236765&t_st=7&t_pp=search_result&t_efo=search_pure_goods_card&t_ef=goods_search&t_sm=&t_spt=search_result","Ok mantab","Ok mantab","Oxwalker","Indonesia","05-10-2026","03-16-2025","Pants","Ok mantab","Ok mantab","Unisex",,,"103314079955","Promo Samsung Galaxy A07 ( 4/64 4/128 6/128 8/256 ) Garansi Resmi Sein","Promo Samsung Galaxy A07 ( 4/64 4/128 6/128 8/256 ) Garansi Resmi Sein - A07 4/64 Black, No Bonus Cicil 0% 3x -  - Ini Toko Budi Shop | Tokopedia","Handphone","Android OS","5","1319637440","Product Review","",,"Tokopedia","Oxwalker","Promo Samsung Galaxy A07 ( 4/64 4/128 6/128 8/256 ) Garansi Resmi Sein",,"2025-Q1"
"https://www.tokopedia.com/ini-toko-budi-shop/samsung-galaxy-a07-4-64-4-128-6-128-8-256-garansi-resmi-sein-1729815001835537895-1735330887460881895?extParam=ivf%3Dtrue%26keyword%3Dsamsung+a07%26search_id%3D2026051013261194F6D7E04A4D452A9TDF%26src%3Dsearch&t_id=1778419236765&t_st=7&t_pp=search_result&t_efo=search_pure_goods_card&t_ef=goods_search&t_sm=&t_spt=search_result","Barangnya original 👍. Ada garansi resmi.","Barangnya original 👍. Ada garansi resmi.","Oxwalker","Indonesia","05-10-2026","01-20-2022","Pants","Barangnya original 👍. Ada garansi resmi.","Barangnya original 👍. Ada garansi resmi.","Unisex",,,"103314079955","Promo Samsung Galaxy A07 ( 4/64 4/128 6/128 8/256 ) Garansi Resmi Sein","Promo Samsung Galaxy A07 ( 4/64 4/128 6/128 8/256 ) Garansi Resmi Sein - A07 4/64 Black, No Bonus Cicil 0% 3x -  - Ini Toko Budi Shop | Tokopedia","Handphone","Android OS","5","578960838","Product Review","",,"Tokopedia","Oxwalker","Promo Samsung Galaxy A07 ( 4/64 4/128 6/128 8/256 ) Garansi Resmi Sein",,"2022-Q1"
"https://www.tokopedia.com/ini-toko-budi-shop/samsung-galaxy-a07-4-64-4-128-6-128-8-256-garansi-resmi-sein-1729815001835537895-1735330887460881895?extParam=ivf%3Dtrue%26keyword%3Dsamsung+a07%26search_id%3D2026051013261194F6D7E04A4D452A9TDF%26src%3Dsearch&t_id=1778419236765&t_st=7&t_pp=search_result&t_efo=search_pure_goods_card&t_ef=goods_search&t_sm=&t_spt=search_result","Oke baik","Oke baik","Oxwalker","Indonesia","05-10-2026","02-24-2026","Pants","Oke baik","Oke baik","Unisex",,,"103314079955","Promo Samsung Galaxy A07 ( 4/64 4/128 6/128 8/256 ) Garansi Resmi Sein","Promo Samsung Galaxy A07 ( 4/64 4/128 6/128 8/256 ) Garansi Resmi Sein - A07 4/64 Black, No Bonus Cicil 0% 3x -  - Ini Toko Budi Shop | Tokopedia","Handphone","Android OS","5","1944993325","Product Review","",,"Tokopedia","Oxwalker","Promo Samsung Galaxy A07 ( 4/64 4/128 6/128 8/256 ) Garansi Resmi Sein",,"2026-Q1"
"https://www.tokopedia.com/ini-toko-budi-shop/samsung-galaxy-a07-4-64-4-128-6-128-8-256-garansi-resmi-sein-1729815001835537895-1735330887460881895?extParam=ivf%3Dtrue%26keyword%3Dsamsung+a07%26search_id%3D2026051013261194F6D7E04A4D452A9TDF%26src%3Dsearch&t_id=1778419236765&t_st=7&t_pp=search_result&t_efo=search_pure_goods_card&t_ef=goods_search&t_sm=&t_spt=search_result","packing aman. produk sesuai. berfungsi baik","packing aman. produk sesuai. berfungsi baik","Oxwalker","Indonesia","05-10-2026","05-02-2025","Pants","packing aman. produk sesuai. berfungsi baik","packing aman. produk sesuai. berfungsi baik","Unisex",,,"103314079955","Promo Samsung Galaxy A07 ( 4/64 4/128 6/128 8/256 ) Garansi Resmi Sein","Promo Samsung Galaxy A07 ( 4/64 4/128 6/128 8/256 ) Garansi Resmi Sein - A07 4/64 Black, No Bonus Cicil 0% 3x -  - Ini Toko Budi Shop | Tokopedia","Handphone","Android OS","5","1428110291","Product Review","",,"Tokopedia","Oxwalker","Promo Samsung Galaxy A07 ( 4/64 4/128 6/128 8/256 ) Garansi Resmi Sein",,"2025-Q2"
"https://www.tokopedia.com/ini-toko-budi-shop/samsung-galaxy-a07-4-64-4-128-6-128-8-256-garansi-resmi-sein-1729815001835537895-1735330887460881895?extParam=ivf%3Dtrue%26keyword%3Dsamsung+a07%26search_id%3D2026051013261194F6D7E04A4D452A9TDF%26src%3Dsearch&t_id=1778419236765&t_st=7&t_pp=search_result&t_efo=search_pure_goods_card&t_ef=goods_search&t_sm=&t_spt=search_result","rekomendasi tokonya, brg ori pengiriman cpat","rekomendasi tokonya, brg ori pengiriman cpat","Oxwalker","Indonesia","05-10-2026","12-20-2023","Pants","rekomendasi tokonya, brg ori pengiriman cpat","rekomendasi tokonya, brg ori pengiriman cpat","Unisex",,,"103314079955","Promo Samsung Galaxy A07 ( 4/64 4/128 6/128 8/256 ) Garansi Resmi Sein","Promo Samsung Galaxy A07 ( 4/64 4/128 6/128 8/256 ) Garansi Resmi Sein - A07 4/64 Black, No Bonus Cicil 0% 3x -  - Ini Toko Budi Shop | Tokopedia","Handphone","Android OS","5","978838688","Product Review","",,"Tokopedia","Oxwalker","Promo Samsung Galaxy A07 ( 4/64 4/128 6/128 8/256 ) Garansi Resmi Sein",,"2023-Q4"
"https://www.tokopedia.com/ini-toko-budi-shop/samsung-galaxy-a07-4-64-4-128-6-128-8-256-garansi-resmi-sein-1729815001835537895-1735330887460881895?extParam=ivf%3Dtrue%26keyword%3Dsamsung+a07%26search_id%3D2026051013261194F6D7E04A4D452A9TDF%26src%3Dsearch&t_id=1778419236765&t_st=7&t_pp=search_result&t_efo=search_pure_goods_card&t_ef=goods_search&t_sm=&t_spt=search_result","barang original, lengkap masih tersegel rapi","barang original, lengkap masih tersegel rapi","Oxwalker","Indonesia","05-10-2026","11-09-2025","Pants","barang original, lengkap masih tersegel rapi","barang original, lengkap masih tersegel rapi","Unisex",,,"103314079955","Promo Samsung Galaxy A07 ( 4/64 4/128 6/128 8/256 ) Garansi Resmi Sein","Promo Samsung Galaxy A07 ( 4/64 4/128 6/128 8/256 ) Garansi Resmi Sein - A07 4/64 Black, No Bonus Cicil 0% 3x -  - Ini Toko Budi Shop | Tokopedia","Handphone","Android OS","5","1757392660","Product Review","",,"Tokopedia","Oxwalker","Promo Samsung Galaxy A07 ( 4/64 4/128 6/128 8/256 ) Garansi Resmi Sein",,"2025-Q4"
"https://www.tokopedia.com/ini-toko-budi-shop/samsung-galaxy-a07-4-64-4-128-6-128-8-256-garansi-resmi-sein-1729815001835537895-1735330887460881895?extParam=ivf%3Dtrue%26keyword%3Dsamsung+a07%26search_id%3D2026051013261194F6D7E04A4D452A9TDF%26src%3Dsearch&t_id=1778419236765&t_st=7&t_pp=search_result&t_efo=search_pure_goods_card&t_ef=goods_search&t_sm=&t_spt=search_result","Pesanan sudah diterina,berdungsi dengan baik","Pesanan sudah diterina,berdungsi dengan baik","Oxwalker","Indonesia","05-10-2026","06-15-2025","Pants","Pesanan sudah diterina,berdungsi dengan baik","Pesanan sudah diterina,berdungsi dengan baik","Unisex",,,"103314079955","Promo Samsung Galaxy A07 ( 4/64 4/128 6/128 8/256 ) Garansi Resmi Sein","Promo Samsung Galaxy A07 ( 4/64 4/128 6/128 8/256 ) Garansi Resmi Sein - A07 4/64 Black, No Bonus Cicil 0% 3x -  - Ini Toko Budi Shop | Tokopedia","Handphone","Android OS","5","1524518941","Product Review","",,"Tokopedia","Oxwalker","Promo Samsung Galaxy A07 ( 4/64 4/128 6/128 8/256 ) Garansi Resmi Sein",,"2025-Q2"
"https://www.tokopedia.com/ini-toko-budi-shop/samsung-galaxy-a07-4-64-4-128-6-128-8-256-garansi-resmi-sein-1729815001835537895-1735330887460881895?extParam=ivf%3Dtrue%26keyword%3Dsamsung+a07%26search_id%3D2026051013261194F6D7E04A4D452A9TDF%26src%3Dsearch&t_id=1778419236765&t_st=7&t_pp=search_result&t_efo=search_pure_goods_card&t_ef=goods_search&t_sm=&t_spt=search_result","Barang ori.
Tapi sayang,pengiriman nya lambat","Barang ori.
Tapi sayang,pengiriman nya lambat","Oxwalker","Indonesia","05-10-2026","03-09-2026","Pants","Barang ori.
Tapi sayang,pengiriman nya lambat","Barang ori.
Tapi sayang,pengiriman nya lambat","Unisex",,,"103314079955","Promo Samsung Galaxy A07 ( 4/64 4/128 6/128 8/256 ) Garansi Resmi Sein","Promo Samsung Galaxy A07 ( 4/64 4/128 6/128 8/256 ) Garansi Resmi Sein - A07 4/64 Black, No Bonus Cicil 0% 3x -  - Ini Toko Budi Shop | Tokopedia","Handphone","Android OS","5","1982051094","Product Review","",,"Tokopedia","Oxwalker","Promo Samsung Galaxy A07 ( 4/64 4/128 6/128 8/256 ) Garansi Resmi Sein",,"2026-Q1"
"https://www.tokopedia.com/ini-toko-budi-shop/samsung-galaxy-a07-4-64-4-128-6-128-8-256-garansi-resmi-sein-1729815001835537895-1735330887460881895?extParam=ivf%3Dtrue%26keyword%3Dsamsung+a07%26search_id%3D2026051013261194F6D7E04A4D452A9TDF%26src%3Dsearch&t_id=1778419236765&t_st=7&t_pp=search_result&t_efo=search_pure_goods_card&t_ef=goods_search&t_sm=&t_spt=search_result","Pengiriman cepat,batang ori sesuai deskripsi","Pengiriman cepat,batang ori sesuai deskripsi","Oxwalker","Indonesia","05-10-2026","11-09-2025","Pants","Pengiriman cepat,batang ori sesuai deskripsi","Pengiriman cepat,batang ori sesuai deskripsi","Unisex",,,"103314079955","Promo Samsung Galaxy A07 ( 4/64 4/128 6/128 8/256 ) Garansi Resmi Sein","Promo Samsung Galaxy A07 ( 4/64 4/128 6/128 8/256 ) Garansi Resmi Sein - A07 4/64 Black, No Bonus Cicil 0% 3x -  - Ini Toko Budi Shop | Tokopedia","Handphone","Android OS","5","1757488176","Product Review","",,"Tokopedia","Oxwalker","Promo Samsung Galaxy A07 ( 4/64 4/128 6/128 8/256 ) Garansi Resmi Sein",,"2025-Q4"
"https://www.tokopedia.com/ini-toko-budi-shop/samsung-galaxy-a07-4-64-4-128-6-128-8-256-garansi-resmi-sein-1729815001835537895-1735330887460881895?extParam=ivf%3Dtrue%26keyword%3Dsamsung+a07%26search_id%3D2026051013261194F6D7E04A4D452A9TDF%26src%3Dsearch&t_id=1778419236765&t_st=7&t_pp=search_result&t_efo=search_pure_goods_card&t_ef=goods_search&t_sm=&t_spt=search_result","segel uey","segel uey","Oxwalker","Indonesia","05-10-2026","12-31-2025","Pants","segel uey","segel uey","Unisex",,,"103314079955","Promo Samsung Galaxy A07 ( 4/64 4/128 6/128 8/256 ) Garansi Resmi Sein","Promo Samsung Galaxy A07 ( 4/64 4/128 6/128 8/256 ) Garansi Resmi Sein - A07 4/64 Black, No Bonus Cicil 0% 3x -  - Ini Toko Budi Shop | Tokopedia","Handphone","Android OS","5","1844377125","Product Review","",,"Tokopedia","Oxwalker","Promo Samsung Galaxy A07 ( 4/64 4/128 6/128 8/256 ) Garansi Resmi Sein",,"2025-Q4"
"https://www.tokopedia.com/ini-toko-budi-shop/samsung-galaxy-a07-4-64-4-128-6-128-8-256-garansi-resmi-sein-1729815001835537895-1735330887460881895?extParam=ivf%3Dtrue%26keyword%3Dsamsung+a07%26search_id%3D2026051013261194F6D7E04A4D452A9TDF%26src%3Dsearch&t_id=1778419236765&t_st=7&t_pp=search_result&t_efo=search_pure_goods_card&t_ef=goods_search&t_sm=&t_spt=search_result","Packaging aman 🙏. Proses pesanan cepat.","Packaging aman 🙏. Proses pesanan cepat.","Oxwalker","Indonesia","05-10-2026","03-23-2022","Pants","Packaging aman 🙏. Proses pesanan cepat.","Packaging aman 🙏. Proses pesanan cepat.","Unisex",,,"103314079955","Promo Samsung Galaxy A07 ( 4/64 4/128 6/128 8/256 ) Garansi Resmi Sein","Promo Samsung Galaxy A07 ( 4/64 4/128 6/128 8/256 ) Garansi Resmi Sein - A07 4/64 Black, No Bonus Cicil 0% 3x -  - Ini Toko Budi Shop | Tokopedia","Handphone","Android OS","5","630329791","Product Review","",,"Tokopedia","Oxwalker","Promo Samsung Galaxy A07 ( 4/64 4/128 6/128 8/256 ) Garansi Resmi Sein",,"2022-Q1"
"https://www.tokopedia.com/ini-toko-budi-shop/samsung-galaxy-a07-4-64-4-128-6-128-8-256-garansi-resmi-sein-1729815001835537895-1735330887460881895?extParam=ivf%3Dtrue%26keyword%3Dsamsung+a07%26search_id%3D2026051013261194F6D7E04A4D452A9TDF%26src%3Dsearch&t_id=1778419236765&t_st=7&t_pp=search_result&t_efo=search_pure_goods_card&t_ef=goods_search&t_sm=&t_spt=search_result","barang ori, masih disegel, aman sampai rumah","barang ori, masih disegel, aman sampai rumah","Oxwalker","Indonesia","05-10-2026","11-01-2025","Pants","barang ori, masih disegel, aman sampai rumah","barang ori, masih disegel, aman sampai rumah","Unisex",,,"103314079955","Promo Samsung Galaxy A07 ( 4/64 4/128 6/128 8/256 ) Garansi Resmi Sein","Promo Samsung Galaxy A07 ( 4/64 4/128 6/128 8/256 ) Garansi Resmi Sein - A07 4/64 Black, No Bonus Cicil 0% 3x -  - Ini Toko Budi Shop | Tokopedia","Handphone","Android OS","5","1745024227","Product Review","",,"Tokopedia","Oxwalker","Promo Samsung Galaxy A07 ( 4/64 4/128 6/128 8/256 ) Garansi Resmi Sein",,"2025-Q4"
"https://www.tokopedia.com/ini-toko-budi-shop/samsung-galaxy-a07-4-64-4-128-6-128-8-256-garansi-resmi-sein-1729815001835537895-1735330887460881895?extParam=ivf%3Dtrue%26keyword%3Dsamsung+a07%26search_id%3D2026051013261194F6D7E04A4D452A9TDF%26src%3Dsearch&t_id=1778419236765&t_st=7&t_pp=search_result&t_efo=search_pure_goods_card&t_ef=goods_search&t_sm=&t_spt=search_result","Mantap","Mantap","Oxwalker","Indonesia","05-10-2026","05-05-2025","Pants","Mantap","Mantap","Unisex",,,"103314079955","Promo Samsung Galaxy A07 ( 4/64 4/128 6/128 8/256 ) Garansi Resmi Sein","Promo Samsung Galaxy A07 ( 4/64 4/128 6/128 8/256 ) Garansi Resmi Sein - A07 4/64 Black, No Bonus Cicil 0% 3x -  - Ini Toko Budi Shop | Tokopedia","Handphone","Android OS","5","1434444689","Product Review","",,"Tokopedia","Oxwalker","Promo Samsung Galaxy A07 ( 4/64 4/128 6/128 8/256 ) Garansi Resmi Sein",,"2025-Q2"
"https://www.tokopedia.com/ini-toko-budi-shop/samsung-galaxy-a07-4-64-4-128-6-128-8-256-garansi-resmi-sein-1729815001835537895-1735330887460881895?extParam=ivf%3Dtrue%26keyword%3Dsamsung+a07%26search_id%3D2026051013261194F6D7E04A4D452A9TDF%26src%3Dsearch&t_id=1778419236765&t_st=7&t_pp=search_result&t_efo=search_pure_goods_card&t_ef=goods_search&t_sm=&t_spt=search_result","sudah diterima dengan baik, mantap surantap","sudah diterima dengan baik, mantap surantap","Oxwalker","Indonesia","05-10-2026","05-28-2024","Pants","sudah diterima dengan baik, mantap surantap","sudah diterima dengan baik, mantap surantap","Unisex",,,"103314079955","Promo Samsung Galaxy A07 ( 4/64 4/128 6/128 8/256 ) Garansi Resmi Sein","Promo Samsung Galaxy A07 ( 4/64 4/128 6/128 8/256 ) Garansi Resmi Sein - A07 4/64 Black, No Bonus Cicil 0% 3x -  - Ini Toko Budi Shop | Tokopedia","Handphone","Android OS","5","1045741361","Product Review","",,"Tokopedia","Oxwalker","Promo Samsung Galaxy A07 ( 4/64 4/128 6/128 8/256 ) Garansi Resmi Sein",,"2024-Q2"
"https://www.tokopedia.com/ini-toko-budi-shop/samsung-galaxy-a07-4-64-4-128-6-128-8-256-garansi-resmi-sein-1729815001835537895-1735330887460881895?extParam=ivf%3Dtrue%26keyword%3Dsamsung+a07%26search_id%3D2026051013261194F6D7E04A4D452A9TDF%26src%3Dsearch&t_id=1778419236765&t_st=7&t_pp=search_result&t_efo=search_pure_goods_card&t_ef=goods_search&t_sm=&t_spt=search_result","mantab","mantab","Oxwalker","Indonesia","05-10-2026","03-30-2026","Pants","mantab","mantab","Unisex",,,"103314079955","Promo Samsung Galaxy A07 ( 4/64 4/128 6/128 8/256 ) Garansi Resmi Sein","Promo Samsung Galaxy A07 ( 4/64 4/128 6/128 8/256 ) Garansi Resmi Sein - A07 4/64 Black, No Bonus Cicil 0% 3x -  - Ini Toko Budi Shop | Tokopedia","Handphone","Android OS","5","2021818018","Product Review","",,"Tokopedia","Oxwalker","Promo Samsung Galaxy A07 ( 4/64 4/128 6/128 8/256 ) Garansi Resmi Sein",,"2026-Q1"
"https://www.tokopedia.com/ini-toko-budi-shop/samsung-galaxy-a07-4-64-4-128-6-128-8-256-garansi-resmi-sein-1729815001835537895-1735330887460881895?extParam=ivf%3Dtrue%26keyword%3Dsamsung+a07%26search_id%3D2026051013261194F6D7E04A4D452A9TDF%26src%3Dsearch&t_id=1778419236765&t_st=7&t_pp=search_result&t_efo=search_pure_goods_card&t_ef=goods_search&t_sm=&t_spt=search_result","Mantap","Mantap","Oxwalker","Indonesia","05-10-2026","11-24-2025","Pants","Mantap","Mantap","Unisex",,,"103314079955","Promo Samsung Galaxy A07 ( 4/64 4/128 6/128 8/256 ) Garansi Resmi Sein","Promo Samsung Galaxy A07 ( 4/64 4/128 6/128 8/256 ) Garansi Resmi Sein - A07 4/64 Black, No Bonus Cicil 0% 3x -  - Ini Toko Budi Shop | Tokopedia","Handphone","Android OS","5","1781893209","Product Review","",,"Tokopedia","Oxwalker","Promo Samsung Galaxy A07 ( 4/64 4/128 6/128 8/256 ) Garansi Resmi Sein",,"2025-Q4"
"https://www.tokopedia.com/ini-toko-budi-shop/samsung-galaxy-a07-4-64-4-128-6-128-8-256-garansi-resmi-sein-1729815001835537895-1735330887460881895?extParam=ivf%3Dtrue%26keyword%3Dsamsung+a07%26search_id%3D2026051013261194F6D7E04A4D452A9TDF%26src%3Dsearch&t_id=1778419236765&t_st=7&t_pp=search_result&t_efo=search_pure_goods_card&t_ef=goods_search&t_sm=&t_spt=search_result","Alhmdulillah barang mendarat dengan selamat","Alhmdulillah barang mendarat dengan selamat","Oxwalker","Indonesia","05-10-2026","10-31-2025","Pants","Alhmdulillah barang mendarat dengan selamat","Alhmdulillah barang mendarat dengan selamat","Unisex",,,"103314079955","Promo Samsung Galaxy A07 ( 4/64 4/128 6/128 8/256 ) Garansi Resmi Sein","Promo Samsung Galaxy A07 ( 4/64 4/128 6/128 8/256 ) Garansi Resmi Sein - A07 4/64 Black, No Bonus Cicil 0% 3x -  - Ini Toko Budi Shop | Tokopedia","Handphone","Android OS","5","1744272364","Product Review","",,"Tokopedia","Oxwalker","Promo Samsung Galaxy A07 ( 4/64 4/128 6/128 8/256 ) Garansi Resmi Sein",,"2025-Q4"
"https://www.tokopedia.com/ini-toko-budi-shop/samsung-galaxy-a07-4-64-4-128-6-128-8-256-garansi-resmi-sein-1729815001835537895-1735330887460881895?extParam=ivf%3Dtrue%26keyword%3Dsamsung+a07%26search_id%3D2026051013261194F6D7E04A4D452A9TDF%26src%3Dsearch&t_id=1778419236765&t_st=7&t_pp=search_result&t_efo=search_pure_goods_card&t_ef=goods_search&t_sm=&t_spt=search_result","Barangnya original 👍. Kemasan disegel.","Barangnya original 👍. Kemasan disegel.","Oxwalker","Indonesia","05-10-2026","02-07-2022","Pants","Barangnya original 👍. Kemasan disegel.","Barangnya original 👍. Kemasan disegel.","Unisex",,,"103314079955","Promo Samsung Galaxy A07 ( 4/64 4/128 6/128 8/256 ) Garansi Resmi Sein","Promo Samsung Galaxy A07 ( 4/64 4/128 6/128 8/256 ) Garansi Resmi Sein - A07 4/64 Black, No Bonus Cicil 0% 3x -  - Ini Toko Budi Shop | Tokopedia","Handphone","Android OS","5","594192856","Product Review","",,"Tokopedia","Oxwalker","Promo Samsung Galaxy A07 ( 4/64 4/128 6/128 8/256 ) Garansi Resmi Sein",,"2022-Q1"
"https://www.tokopedia.com/ini-toko-budi-shop/samsung-galaxy-a07-4-64-4-128-6-128-8-256-garansi-resmi-sein-1729815001835537895-1735330887460881895?extParam=ivf%3Dtrue%26keyword%3Dsamsung+a07%26search_id%3D2026051013261194F6D7E04A4D452A9TDF%26src%3Dsearch&t_id=1778419236765&t_st=7&t_pp=search_result&t_efo=search_pure_goods_card&t_ef=goods_search&t_sm=&t_spt=search_result","Harga bagus, pengiriman ke luar kota cepat","Harga bagus, pengiriman ke luar kota cepat","Oxwalker","Indonesia","05-10-2026","12-14-2021","Pants","Harga bagus, pengiriman ke luar kota cepat","Harga bagus, pengiriman ke luar kota cepat","Unisex",,,"103314079955","Promo Samsung Galaxy A07 ( 4/64 4/128 6/128 8/256 ) Garansi Resmi Sein","Promo Samsung Galaxy A07 ( 4/64 4/128 6/128 8/256 ) Garansi Resmi Sein - A07 4/64 Black, No Bonus Cicil 0% 3x -  - Ini Toko Budi Shop | Tokopedia","Handphone","Android OS","5","548664304","Product Review","",,"Tokopedia","Oxwalker","Promo Samsung Galaxy A07 ( 4/64 4/128 6/128 8/256 ) Garansi Resmi Sein",,"2021-Q4"
"https://www.tokopedia.com/ini-toko-budi-shop/samsung-galaxy-a07-4-64-4-128-6-128-8-256-garansi-resmi-sein-1729815001835537895-1735330887460881895?extParam=ivf%3Dtrue%26keyword%3Dsamsung+a07%26search_id%3D2026051013261194F6D7E04A4D452A9TDF%26src%3Dsearch&t_id=1778419236765&t_st=7&t_pp=search_result&t_efo=search_pure_goods_card&t_ef=goods_search&t_sm=&t_spt=search_result","mantap","mantap","Oxwalker","Indonesia","05-10-2026","10-19-2025","Pants","mantap","mantap","Unisex",,,"103314079955","Promo Samsung Galaxy A07 ( 4/64 4/128 6/128 8/256 ) Garansi Resmi Sein","Promo Samsung Galaxy A07 ( 4/64 4/128 6/128 8/256 ) Garansi Resmi Sein - A07 4/64 Black, No Bonus Cicil 0% 3x -  - Ini Toko Budi Shop | Tokopedia","Handphone","Android OS","5","1727012248","Product Review","",,"Tokopedia","Oxwalker","Promo Samsung Galaxy A07 ( 4/64 4/128 6/128 8/256 ) Garansi Resmi Sein",,"2025-Q4"
"https://www.tokopedia.com/ini-toko-budi-shop/samsung-galaxy-a07-4-64-4-128-6-128-8-256-garansi-resmi-sein-1729815001835537895-1735330887460881895?extParam=ivf%3Dtrue%26keyword%3Dsamsung+a07%26search_id%3D2026051013261194F6D7E04A4D452A9TDF%26src%3Dsearch&t_id=1778419236765&t_st=7&t_pp=search_result&t_efo=search_pure_goods_card&t_ef=goods_search&t_sm=&t_spt=search_result","Ok ori","Ok ori","Oxwalker","Indonesia","05-10-2026","07-30-2025","Pants","Ok ori","Ok ori","Unisex",,,"103314079955","Promo Samsung Galaxy A07 ( 4/64 4/128 6/128 8/256 ) Garansi Resmi Sein","Promo Samsung Galaxy A07 ( 4/64 4/128 6/128 8/256 ) Garansi Resmi Sein - A07 4/64 Black, No Bonus Cicil 0% 3x -  - Ini Toko Budi Shop | Tokopedia","Handphone","Android OS","5","1600608786","Product Review","",,"Tokopedia","Oxwalker","Promo Samsung Galaxy A07 ( 4/64 4/128 6/128 8/256 ) Garansi Resmi Sein",,"2025-Q3"
"https://www.tokopedia.com/ini-toko-budi-shop/samsung-galaxy-a07-4-64-4-128-6-128-8-256-garansi-resmi-sein-1729815001835537895-1735330887460881895?extParam=ivf%3Dtrue%26keyword%3Dsamsung+a07%26search_id%3D2026051013261194F6D7E04A4D452A9TDF%26src%3Dsearch&t_id=1778419236765&t_st=7&t_pp=search_result&t_efo=search_pure_goods_card&t_ef=goods_search&t_sm=&t_spt=search_result","Samsung Galaxynya sdh datang. Terima kasih","Samsung Galaxynya sdh datang. Terima kasih","Oxwalker","Indonesia","05-10-2026","06-29-2025","Pants","Samsung Galaxynya sdh datang. Terima kasih","Samsung Galaxynya sdh datang. Terima kasih","Unisex",,,"103314079955","Promo Samsung Galaxy A07 ( 4/64 4/128 6/128 8/256 ) Garansi Resmi Sein","Promo Samsung Galaxy A07 ( 4/64 4/128 6/128 8/256 ) Garansi Resmi Sein - A07 4/64 Black, No Bonus Cicil 0% 3x -  - Ini Toko Budi Shop | Tokopedia","Handphone","Android OS","5","1547067500","Product Review","",,"Tokopedia","Oxwalker","Promo Samsung Galaxy A07 ( 4/64 4/128 6/128 8/256 ) Garansi Resmi Sein",,"2025-Q2"
"https://www.tokopedia.com/ini-toko-budi-shop/samsung-galaxy-a07-4-64-4-128-6-128-8-256-garansi-resmi-sein-1729815001835537895-1735330887460881895?extParam=ivf%3Dtrue%26keyword%3Dsamsung+a07%26search_id%3D2026051013261194F6D7E04A4D452A9TDF%26src%3Dsearch&t_id=1778419236765&t_st=7&t_pp=search_result&t_efo=search_pure_goods_card&t_ef=goods_search&t_sm=&t_spt=search_result","Hpnya bagussss ORI ,pengemasan bagusssssss","Hpnya bagussss ORI ,pengemasan bagusssssss","Oxwalker","Indonesia","05-10-2026","06-16-2025","Pants","Hpnya bagussss ORI ,pengemasan bagusssssss","Hpnya bagussss ORI ,pengemasan bagusssssss","Unisex",,,"103314079955","Promo Samsung Galaxy A07 ( 4/64 4/128 6/128 8/256 ) Garansi Resmi Sein","Promo Samsung Galaxy A07 ( 4/64 4/128 6/128 8/256 ) Garansi Resmi Sein - A07 4/64 Black, No Bonus Cicil 0% 3x -  - Ini Toko Budi Shop | Tokopedia","Handphone","Android OS","5","1525540417","Product Review","",,"Tokopedia","Oxwalker","Promo Samsung Galaxy A07 ( 4/64 4/128 6/128 8/256 ) Garansi Resmi Sein",,"2025-Q2"
"https://www.tokopedia.com/ini-toko-budi-shop/samsung-galaxy-a07-4-64-4-128-6-128-8-256-garansi-resmi-sein-1729815001835537895-1735330887460881895?extParam=ivf%3Dtrue%26keyword%3Dsamsung+a07%26search_id%3D2026051013261194F6D7E04A4D452A9TDF%26src%3Dsearch&t_id=1778419236765&t_st=7&t_pp=search_result&t_efo=search_pure_goods_card&t_ef=goods_search&t_sm=&t_spt=search_result","sudah sampai dan bagus, terima kasih 😊","sudah sampai dan bagus, terima kasih 😊","Oxwalker","Indonesia","05-10-2026","01-03-2022","Pants","sudah sampai dan bagus, terima kasih 😊","sudah sampai dan bagus, terima kasih 😊","Unisex",,,"103314079955","Promo Samsung Galaxy A07 ( 4/64 4/128 6/128 8/256 ) Garansi Resmi Sein","Promo Samsung Galaxy A07 ( 4/64 4/128 6/128 8/256 ) Garansi Resmi Sein - A07 4/64 Black, No Bonus Cicil 0% 3x -  - Ini Toko Budi Shop | Tokopedia","Handphone","Android OS","5","565262877","Product Review","",,"Tokopedia","Oxwalker","Promo Samsung Galaxy A07 ( 4/64 4/128 6/128 8/256 ) Garansi Resmi Sein",,"2022-Q1"
"https://www.tokopedia.com/ini-toko-budi-shop/samsung-galaxy-a07-4-64-4-128-6-128-8-256-garansi-resmi-sein-1729815001835537895-1735330887460881895?extParam=ivf%3Dtrue%26keyword%3Dsamsung+a07%26search_id%3D2026051013261194F6D7E04A4D452A9TDF%26src%3Dsearch&t_id=1778419236765&t_st=7&t_pp=search_result&t_efo=search_pure_goods_card&t_ef=goods_search&t_sm=&t_spt=search_result","Pengiriman cepat tapi mohon packing diperbaiki, packing hancur dan tipis","Pengiriman cepat tapi mohon packing diperbaiki, packing hancur dan tipis","Oxwalker","Indonesia","05-10-2026","11-06-2025","Pants","Pengiriman cepat tapi mohon packing diperbaiki, packing hancur dan tipis","Pengiriman cepat tapi mohon packing diperbaiki, packing hancur dan tipis","Unisex",,,"103314079955","Promo Samsung Galaxy A07 ( 4/64 4/128 6/128 8/256 ) Garansi Resmi Sein","Promo Samsung Galaxy A07 ( 4/64 4/128 6/128 8/256 ) Garansi Resmi Sein - A07 4/64 Black, No Bonus Cicil 0% 3x -  - Ini Toko Budi Shop | Tokopedia","Handphone","Android OS","2","1753163846","Product Review","",,"Tokopedia","Oxwalker","Promo Samsung Galaxy A07 ( 4/64 4/128 6/128 8/256 ) Garansi Resmi Sein",,"2025-Q4"
"https://www.tokopedia.com/ini-toko-budi-shop/samsung-galaxy-a07-4-64-4-128-6-128-8-256-garansi-resmi-sein-1729815001835537895-1735330887460881895?extParam=ivf%3Dtrue%26keyword%3Dsamsung+a07%26search_id%3D2026051013261194F6D7E04A4D452A9TDF%26src%3Dsearch&t_id=1778419236765&t_st=7&t_pp=search_result&t_efo=search_pure_goods_card&t_ef=goods_search&t_sm=&t_spt=search_result","sesuai pesanan. mantap, semoga Ibu senang.","sesuai pesanan. mantap, semoga Ibu senang.","Oxwalker","Indonesia","05-10-2026","09-22-2025","Pants","sesuai pesanan. mantap, semoga Ibu senang.","sesuai pesanan. mantap, semoga Ibu senang.","Unisex",,,"103314079955","Promo Samsung Galaxy A07 ( 4/64 4/128 6/128 8/256 ) Garansi Resmi Sein","Promo Samsung Galaxy A07 ( 4/64 4/128 6/128 8/256 ) Garansi Resmi Sein - A07 4/64 Black, No Bonus Cicil 0% 3x -  - Ini Toko Budi Shop | Tokopedia","Handphone","Android OS","5","1689234991","Product Review","",,"Tokopedia","Oxwalker","Promo Samsung Galaxy A07 ( 4/64 4/128 6/128 8/256 ) Garansi Resmi Sein",,"2025-Q3"
"https://www.tokopedia.com/ini-toko-budi-shop/samsung-galaxy-a07-4-64-4-128-6-128-8-256-garansi-resmi-sein-1729815001835537895-1735330887460881895?extParam=ivf%3Dtrue%26keyword%3Dsamsung+a07%26search_id%3D2026051013261194F6D7E04A4D452A9TDF%26src%3Dsearch&t_id=1778419236765&t_st=7&t_pp=search_result&t_efo=search_pure_goods_card&t_ef=goods_search&t_sm=&t_spt=search_result","packing bagus barang sesuai harga bersaing","packing bagus barang sesuai harga bersaing","Oxwalker","Indonesia","05-10-2026","07-03-2024","Pants","packing bagus barang sesuai harga bersaing","packing bagus barang sesuai harga bersaing","Unisex",,,"103314079955","Promo Samsung Galaxy A07 ( 4/64 4/128 6/128 8/256 ) Garansi Resmi Sein","Promo Samsung Galaxy A07 ( 4/64 4/128 6/128 8/256 ) Garansi Resmi Sein - A07 4/64 Black, No Bonus Cicil 0% 3x -  - Ini Toko Budi Shop | Tokopedia","Handphone","Android OS","5","1060830328","Product Review","",,"Tokopedia","Oxwalker","Promo Samsung Galaxy A07 ( 4/64 4/128 6/128 8/256 ) Garansi Resmi Sein",,"2024-Q3"
"https://www.tokopedia.com/ini-toko-budi-shop/samsung-galaxy-a07-4-64-4-128-6-128-8-256-garansi-resmi-sein-1729815001835537895-1735330887460881895?extParam=ivf%3Dtrue%26keyword%3Dsamsung+a07%26search_id%3D2026051013261194F6D7E04A4D452A9TDF%26src%3Dsearch&t_id=1778419236765&t_st=7&t_pp=search_result&t_efo=search_pure_goods_card&t_ef=goods_search&t_sm=&t_spt=search_result","mantap","mantap","Oxwalker","Indonesia","05-10-2026","07-04-2024","Pants","mantap","mantap","Unisex",,,"103314079955","Promo Samsung Galaxy A07 ( 4/64 4/128 6/128 8/256 ) Garansi Resmi Sein","Promo Samsung Galaxy A07 ( 4/64 4/128 6/128 8/256 ) Garansi Resmi Sein - A07 4/64 Black, No Bonus Cicil 0% 3x -  - Ini Toko Budi Shop | Tokopedia","Handphone","Android OS","5","1061483066","Product Review","",,"Tokopedia","Oxwalker","Promo Samsung Galaxy A07 ( 4/64 4/128 6/128 8/256 ) Garansi Resmi Sein",,"2024-Q3"
"https://www.tokopedia.com/ini-toko-budi-shop/samsung-galaxy-a07-4-64-4-128-6-128-8-256-garansi-resmi-sein-1729815001835537895-1735330887460881895?extParam=ivf%3Dtrue%26keyword%3Dsamsung+a07%26search_id%3D2026051013261194F6D7E04A4D452A9TDF%26src%3Dsearch&t_id=1778419236765&t_st=7&t_pp=search_result&t_efo=search_pure_goods_card&t_ef=goods_search&t_sm=&t_spt=search_result","mantab","mantab","Oxwalker","Indonesia","05-10-2026","07-25-2024","Pants","mantab","mantab","Unisex",,,"103314079955","Promo Samsung Galaxy A07 ( 4/64 4/128 6/128 8/256 ) Garansi Resmi Sein","Promo Samsung Galaxy A07 ( 4/64 4/128 6/128 8/256 ) Garansi Resmi Sein - A07 4/64 Black, No Bonus Cicil 0% 3x -  - Ini Toko Budi Shop | Tokopedia","Handphone","Android OS","5","1070365853","Product Review","",,"Tokopedia","Oxwalker","Promo Samsung Galaxy A07 ( 4/64 4/128 6/128 8/256 ) Garansi Resmi Sein",,"2024-Q3"
"https://www.tokopedia.com/ini-toko-budi-shop/samsung-galaxy-a07-4-64-4-128-6-128-8-256-garansi-resmi-sein-1729815001835537895-1735330887460881895?extParam=ivf%3Dtrue%26keyword%3Dsamsung+a07%26search_id%3D2026051013261194F6D7E04A4D452A9TDF%26src%3Dsearch&t_id=1778419236765&t_st=7&t_pp=search_result&t_efo=search_pure_goods_card&t_ef=goods_search&t_sm=&t_spt=search_result","Mantap","Mantap","Oxwalker","Indonesia","05-10-2026","07-06-2024","Pants","Mantap","Mantap","Unisex",,,"103314079955","Promo Samsung Galaxy A07 ( 4/64 4/128 6/128 8/256 ) Garansi Resmi Sein","Promo Samsung Galaxy A07 ( 4/64 4/128 6/128 8/256 ) Garansi Resmi Sein - A07 4/64 Black, No Bonus Cicil 0% 3x -  - Ini Toko Budi Shop | Tokopedia","Handphone","Android OS","5","1062210858","Product Review","",,"Tokopedia","Oxwalker","Promo Samsung Galaxy A07 ( 4/64 4/128 6/128 8/256 ) Garansi Resmi Sein",,"2024-Q3"
"https://www.tokopedia.com/ini-toko-budi-shop/samsung-galaxy-a07-4-64-4-128-6-128-8-256-garansi-resmi-sein-1729815001835537895-1735330887460881895?extParam=ivf%3Dtrue%26keyword%3Dsamsung+a07%26search_id%3D2026051013261194F6D7E04A4D452A9TDF%26src%3Dsearch&t_id=1778419236765&t_st=7&t_pp=search_result&t_efo=search_pure_goods_card&t_ef=goods_search&t_sm=&t_spt=search_result","Bagus","Bagus","Oxwalker","Indonesia","05-10-2026","11-25-2025","Pants","Bagus","Bagus","Unisex",,,"103314079955","Promo Samsung Galaxy A07 ( 4/64 4/128 6/128 8/256 ) Garansi Resmi Sein","Promo Samsung Galaxy A07 ( 4/64 4/128 6/128 8/256 ) Garansi Resmi Sein - A07 4/64 Black, No Bonus Cicil 0% 3x -  - Ini Toko Budi Shop | Tokopedia","Handphone","Android OS","5","1783137886","Product Review","",,"Tokopedia","Oxwalker","Promo Samsung Galaxy A07 ( 4/64 4/128 6/128 8/256 ) Garansi Resmi Sein",,"2025-Q4"
"https://www.tokopedia.com/ini-toko-budi-shop/samsung-galaxy-a07-4-64-4-128-6-128-8-256-garansi-resmi-sein-1729815001835537895-1735330887460881895?extParam=ivf%3Dtrue%26keyword%3Dsamsung+a07%26search_id%3D2026051013261194F6D7E04A4D452A9TDF%26src%3Dsearch&t_id=1778419236765&t_st=7&t_pp=search_result&t_efo=search_pure_goods_card&t_ef=goods_search&t_sm=&t_spt=search_result","Bagus","Bagus","Oxwalker","Indonesia","05-10-2026","09-01-2025","Pants","Bagus","Bagus","Unisex",,,"103314079955","Promo Samsung Galaxy A07 ( 4/64 4/128 6/128 8/256 ) Garansi Resmi Sein","Promo Samsung Galaxy A07 ( 4/64 4/128 6/128 8/256 ) Garansi Resmi Sein - A07 4/64 Black, No Bonus Cicil 0% 3x -  - Ini Toko Budi Shop | Tokopedia","Handphone","Android OS","5","1657042535","Product Review","",,"Tokopedia","Oxwalker","Promo Samsung Galaxy A07 ( 4/64 4/128 6/128 8/256 ) Garansi Resmi Sein",,"2025-Q3"
"https://www.tokopedia.com/ini-toko-budi-shop/samsung-galaxy-a07-4-64-4-128-6-128-8-256-garansi-resmi-sein-1729815001835537895-1735330887460881895?extParam=ivf%3Dtrue%26keyword%3Dsamsung+a07%26search_id%3D2026051013261194F6D7E04A4D452A9TDF%26src%3Dsearch&t_id=1778419236765&t_st=7&t_pp=search_result&t_efo=search_pure_goods_card&t_ef=goods_search&t_sm=&t_spt=search_result","produk berfungsi dengan baik
makasih yaa","produk berfungsi dengan baik
makasih yaa","Oxwalker","Indonesia","05-10-2026","12-06-2025","Pants","produk berfungsi dengan baik
makasih yaa","produk berfungsi dengan baik
makasih yaa","Unisex",,,"103314079955","Promo Samsung Galaxy A07 ( 4/64 4/128 6/128 8/256 ) Garansi Resmi Sein","Promo Samsung Galaxy A07 ( 4/64 4/128 6/128 8/256 ) Garansi Resmi Sein - A07 4/64 Black, No Bonus Cicil 0% 3x -  - Ini Toko Budi Shop | Tokopedia","Handphone","Android OS","5","1800353033","Product Review","",,"Tokopedia","Oxwalker","Promo Samsung Galaxy A07 ( 4/64 4/128 6/128 8/256 ) Garansi Resmi Sein",,"2025-Q4"
"https://www.tokopedia.com/ini-toko-budi-shop/samsung-galaxy-a07-4-64-4-128-6-128-8-256-garansi-resmi-sein-1729815001835537895-1735330887460881895?extParam=ivf%3Dtrue%26keyword%3Dsamsung+a07%26search_id%3D2026051013261194F6D7E04A4D452A9TDF%26src%3Dsearch&t_id=1778419236765&t_st=7&t_pp=search_result&t_efo=search_pure_goods_card&t_ef=goods_search&t_sm=&t_spt=search_result","sudah diterima dengan baik, top markotop","sudah diterima dengan baik, top markotop","Oxwalker","Indonesia","05-10-2026","11-03-2023","Pants","sudah diterima dengan baik, top markotop","sudah diterima dengan baik, top markotop","Unisex",,,"103314079955","Promo Samsung Galaxy A07 ( 4/64 4/128 6/128 8/256 ) Garansi Resmi Sein","Promo Samsung Galaxy A07 ( 4/64 4/128 6/128 8/256 ) Garansi Resmi Sein - A07 4/64 Black, No Bonus Cicil 0% 3x -  - Ini Toko Budi Shop | Tokopedia","Handphone","Android OS","5","958732365","Product Review","",,"Tokopedia","Oxwalker","Promo Samsung Galaxy A07 ( 4/64 4/128 6/128 8/256 ) Garansi Resmi Sein",,"2023-Q4"
"https://www.tokopedia.com/ini-toko-budi-shop/samsung-galaxy-a07-4-64-4-128-6-128-8-256-garansi-resmi-sein-1729815001835537895-1735330887460881895?extParam=ivf%3Dtrue%26keyword%3Dsamsung+a07%26search_id%3D2026051013261194F6D7E04A4D452A9TDF%26src%3Dsearch&t_id=1778419236765&t_st=7&t_pp=search_result&t_efo=search_pure_goods_card&t_ef=goods_search&t_sm=&t_spt=search_result","Barang sesuai spesifikasi. Tanpa charger.","Barang sesuai spesifikasi. Tanpa charger.","Oxwalker","Indonesia","05-10-2026","07-28-2024","Pants","Barang sesuai spesifikasi. Tanpa charger.","Barang sesuai spesifikasi. Tanpa charger.","Unisex",,,"103314079955","Promo Samsung Galaxy A07 ( 4/64 4/128 6/128 8/256 ) Garansi Resmi Sein","Promo Samsung Galaxy A07 ( 4/64 4/128 6/128 8/256 ) Garansi Resmi Sein - A07 4/64 Black, No Bonus Cicil 0% 3x -  - Ini Toko Budi Shop | Tokopedia","Handphone","Android OS","5","1071499452","Product Review","",,"Tokopedia","Oxwalker","Promo Samsung Galaxy A07 ( 4/64 4/128 6/128 8/256 ) Garansi Resmi Sein",,"2024-Q3"
"https://www.tokopedia.com/ini-toko-budi-shop/samsung-galaxy-a07-4-64-4-128-6-128-8-256-garansi-resmi-sein-1729815001835537895-1735330887460881895?extParam=ivf%3Dtrue%26keyword%3Dsamsung+a07%26search_id%3D2026051013261194F6D7E04A4D452A9TDF%26src%3Dsearch&t_id=1778419236765&t_st=7&t_pp=search_result&t_efo=search_pure_goods_card&t_ef=goods_search&t_sm=&t_spt=search_result","best","best","Oxwalker","Indonesia","05-10-2026","07-06-2024","Pants","best","best","Unisex",,,"103314079955","Promo Samsung Galaxy A07 ( 4/64 4/128 6/128 8/256 ) Garansi Resmi Sein","Promo Samsung Galaxy A07 ( 4/64 4/128 6/128 8/256 ) Garansi Resmi Sein - A07 4/64 Black, No Bonus Cicil 0% 3x -  - Ini Toko Budi Shop | Tokopedia","Handphone","Android OS","5","1062319471","Product Review","",,"Tokopedia","Oxwalker","Promo Samsung Galaxy A07 ( 4/64 4/128 6/128 8/256 ) Garansi Resmi Sein",,"2024-Q3"
"https://www.tokopedia.com/ini-toko-budi-shop/samsung-galaxy-a07-4-64-4-128-6-128-8-256-garansi-resmi-sein-1729815001835537895-1735330887460881895?extParam=ivf%3Dtrue%26keyword%3Dsamsung+a07%26search_id%3D2026051013261194F6D7E04A4D452A9TDF%26src%3Dsearch&t_id=1778419236765&t_st=7&t_pp=search_result&t_efo=search_pure_goods_card&t_ef=goods_search&t_sm=&t_spt=search_result","👌","👌","Oxwalker","Indonesia","05-10-2026","05-01-2026","Pants","👌","👌","Unisex",,,"103314079955","Promo Samsung Galaxy A07 ( 4/64 4/128 6/128 8/256 ) Garansi Resmi Sein","Promo Samsung Galaxy A07 ( 4/64 4/128 6/128 8/256 ) Garansi Resmi Sein - A07 4/64 Black, No Bonus Cicil 0% 3x -  - Ini Toko Budi Shop | Tokopedia","Handphone","Android OS","5","2074533644","Product Review","",,"Tokopedia","Oxwalker","Promo Samsung Galaxy A07 ( 4/64 4/128 6/128 8/256 ) Garansi Resmi Sein",,"2026-Q2"
"https://www.tokopedia.com/ini-toko-budi-shop/samsung-galaxy-a07-4-64-4-128-6-128-8-256-garansi-resmi-sein-1729815001835537895-1735330887460881895?extParam=ivf%3Dtrue%26keyword%3Dsamsung+a07%26search_id%3D2026051013261194F6D7E04A4D452A9TDF%26src%3Dsearch&t_id=1778419236765&t_st=7&t_pp=search_result&t_efo=search_pure_goods_card&t_ef=goods_search&t_sm=&t_spt=search_result","Barang masih tersegel pada saat diterima","Barang masih tersegel pada saat diterima","Oxwalker","Indonesia","05-10-2026","07-23-2024","Pants","Barang masih tersegel pada saat diterima","Barang masih tersegel pada saat diterima","Unisex",,,"103314079955","Promo Samsung Galaxy A07 ( 4/64 4/128 6/128 8/256 ) Garansi Resmi Sein","Promo Samsung Galaxy A07 ( 4/64 4/128 6/128 8/256 ) Garansi Resmi Sein - A07 4/64 Black, No Bonus Cicil 0% 3x -  - Ini Toko Budi Shop | Tokopedia","Handphone","Android OS","5","1069571251","Product Review","",,"Tokopedia","Oxwalker","Promo Samsung Galaxy A07 ( 4/64 4/128 6/128 8/256 ) Garansi Resmi Sein",,"2024-Q3"
"https://www.tokopedia.com/ini-toko-budi-shop/samsung-galaxy-a07-4-64-4-128-6-128-8-256-garansi-resmi-sein-1729815001835537895-1735330887460881895?extParam=ivf%3Dtrue%26keyword%3Dsamsung+a07%26search_id%3D2026051013261194F6D7E04A4D452A9TDF%26src%3Dsearch&t_id=1778419236765&t_st=7&t_pp=search_result&t_efo=search_pure_goods_card&t_ef=goods_search&t_sm=&t_spt=search_result","Kejernihan lensa: ok
Performa sistem: ok","Kejernihan lensa: ok
Performa sistem: ok","Oxwalker","Indonesia","05-10-2026","11-10-2024","Pants","Kejernihan lensa: ok
Performa sistem: ok","Kejernihan lensa: ok
Performa sistem: ok","Unisex",,,"103314079955","Promo Samsung Galaxy A07 ( 4/64 4/128 6/128 8/256 ) Garansi Resmi Sein","Promo Samsung Galaxy A07 ( 4/64 4/128 6/128 8/256 ) Garansi Resmi Sein - A07 4/64 Black, No Bonus Cicil 0% 3x -  - Ini Toko Budi Shop | Tokopedia","Handphone","Android OS","5","1146451310","Product Review","",,"Tokopedia","Oxwalker","Promo Samsung Galaxy A07 ( 4/64 4/128 6/128 8/256 ) Garansi Resmi Sein",,"2024-Q4"
"https://www.tokopedia.com/ini-toko-budi-shop/samsung-galaxy-a07-4-64-4-128-6-128-8-256-garansi-resmi-sein-1729815001835537895-1735330887460881895?extParam=ivf%3Dtrue%26keyword%3Dsamsung+a07%26search_id%3D2026051013261194F6D7E04A4D452A9TDF%26src%3Dsearch&t_id=1778419236765&t_st=7&t_pp=search_result&t_efo=search_pure_goods_card&t_ef=goods_search&t_sm=&t_spt=search_result","mantap pengiriman cepet 👍👍👍👍","mantap pengiriman cepet 👍👍👍👍","Oxwalker","Indonesia","05-10-2026","07-28-2025","Pants","mantap pengiriman cepet 👍👍👍👍","mantap pengiriman cepet 👍👍👍👍","Unisex",,,"103314079955","Promo Samsung Galaxy A07 ( 4/64 4/128 6/128 8/256 ) Garansi Resmi Sein","Promo Samsung Galaxy A07 ( 4/64 4/128 6/128 8/256 ) Garansi Resmi Sein - A07 4/64 Black, No Bonus Cicil 0% 3x -  - Ini Toko Budi Shop | Tokopedia","Handphone","Android OS","5","1596796395","Product Review","",,"Tokopedia","Oxwalker","Promo Samsung Galaxy A07 ( 4/64 4/128 6/128 8/256 ) Garansi Resmi Sein",,"2025-Q3"
"https://www.tokopedia.com/ini-toko-budi-shop/samsung-galaxy-a07-4-64-4-128-6-128-8-256-garansi-resmi-sein-1729815001835537895-1735330887460881895?extParam=ivf%3Dtrue%26keyword%3Dsamsung+a07%26search_id%3D2026051013261194F6D7E04A4D452A9TDF%26src%3Dsearch&t_id=1778419236765&t_st=7&t_pp=search_result&t_efo=search_pure_goods_card&t_ef=goods_search&t_sm=&t_spt=search_result","👍","👍","Oxwalker","Indonesia","05-10-2026","03-31-2024","Pants","👍","👍","Unisex",,,"103314079955","Promo Samsung Galaxy A07 ( 4/64 4/128 6/128 8/256 ) Garansi Resmi Sein","Promo Samsung Galaxy A07 ( 4/64 4/128 6/128 8/256 ) Garansi Resmi Sein - A07 4/64 Black, No Bonus Cicil 0% 3x -  - Ini Toko Budi Shop | Tokopedia","Handphone","Android OS","5","1022231489","Product Review","",,"Tokopedia","Oxwalker","Promo Samsung Galaxy A07 ( 4/64 4/128 6/128 8/256 ) Garansi Resmi Sein",,"2024-Q1"
"https://www.tokopedia.com/ini-toko-budi-shop/samsung-galaxy-a07-4-64-4-128-6-128-8-256-garansi-resmi-sein-1729815001835537895-1735330887460881895?extParam=ivf%3Dtrue%26keyword%3Dsamsung+a07%26search_id%3D2026051013261194F6D7E04A4D452A9TDF%26src%3Dsearch&t_id=1778419236765&t_st=7&t_pp=search_result&t_efo=search_pure_goods_card&t_ef=goods_search&t_sm=&t_spt=search_result","barang saat datang aman, pengiriman cepat","barang saat datang aman, pengiriman cepat","Oxwalker","Indonesia","05-10-2026","11-17-2025","Pants","barang saat datang aman, pengiriman cepat","barang saat datang aman, pengiriman cepat","Unisex",,,"103314079955","Promo Samsung Galaxy A07 ( 4/64 4/128 6/128 8/256 ) Garansi Resmi Sein","Promo Samsung Galaxy A07 ( 4/64 4/128 6/128 8/256 ) Garansi Resmi Sein - A07 4/64 Black, No Bonus Cicil 0% 3x -  - Ini Toko Budi Shop | Tokopedia","Handphone","Android OS","5","1771404582","Product Review","",,"Tokopedia","Oxwalker","Promo Samsung Galaxy A07 ( 4/64 4/128 6/128 8/256 ) Garansi Resmi Sein",,"2025-Q4"
"https://www.tokopedia.com/ini-toko-budi-shop/samsung-galaxy-a07-4-64-4-128-6-128-8-256-garansi-resmi-sein-1729815001835537895-1735330887460881895?extParam=ivf%3Dtrue%26keyword%3Dsamsung+a07%26search_id%3D2026051013261194F6D7E04A4D452A9TDF%26src%3Dsearch&t_id=1778419236765&t_st=7&t_pp=search_result&t_efo=search_pure_goods_card&t_ef=goods_search&t_sm=&t_spt=search_result","sip mantapp barang sesuai dengan pesanan","sip mantapp barang sesuai dengan pesanan","Oxwalker","Indonesia","05-10-2026","05-26-2025","Pants","sip mantapp barang sesuai dengan pesanan","sip mantapp barang sesuai dengan pesanan","Unisex",,,"103314079955","Promo Samsung Galaxy A07 ( 4/64 4/128 6/128 8/256 ) Garansi Resmi Sein","Promo Samsung Galaxy A07 ( 4/64 4/128 6/128 8/256 ) Garansi Resmi Sein - A07 4/64 Black, No Bonus Cicil 0% 3x -  - Ini Toko Budi Shop | Tokopedia","Handphone","Android OS","5","1485607301","Product Review","",,"Tokopedia","Oxwalker","Promo Samsung Galaxy A07 ( 4/64 4/128 6/128 8/256 ) Garansi Resmi Sein",,"2025-Q2"
"https://www.tokopedia.com/ini-toko-budi-shop/samsung-galaxy-a07-4-64-4-128-6-128-8-256-garansi-resmi-sein-1729815001835537895-1735330887460881895?extParam=ivf%3Dtrue%26keyword%3Dsamsung+a07%26search_id%3D2026051013261194F6D7E04A4D452A9TDF%26src%3Dsearch&t_id=1778419236765&t_st=7&t_pp=search_result&t_efo=search_pure_goods_card&t_ef=goods_search&t_sm=&t_spt=search_result","ori,masih segel,kemasan aman..top dah..","ori,masih segel,kemasan aman..top dah..","Oxwalker","Indonesia","05-10-2026","02-29-2024","Pants","ori,masih segel,kemasan aman..top dah..","ori,masih segel,kemasan aman..top dah..","Unisex",,,"103314079955","Promo Samsung Galaxy A07 ( 4/64 4/128 6/128 8/256 ) Garansi Resmi Sein","Promo Samsung Galaxy A07 ( 4/64 4/128 6/128 8/256 ) Garansi Resmi Sein - A07 4/64 Black, No Bonus Cicil 0% 3x -  - Ini Toko Budi Shop | Tokopedia","Handphone","Android OS","5","1007955401","Product Review","",,"Tokopedia","Oxwalker","Promo Samsung Galaxy A07 ( 4/64 4/128 6/128 8/256 ) Garansi Resmi Sein",,"2024-Q1"
"https://www.tokopedia.com/ini-toko-budi-shop/samsung-galaxy-a07-4-64-4-128-6-128-8-256-garansi-resmi-sein-1729815001835537895-1735330887460881895?extParam=ivf%3Dtrue%26keyword%3Dsamsung+a07%26search_id%3D2026051013261194F6D7E04A4D452A9TDF%26src%3Dsearch&t_id=1778419236765&t_st=7&t_pp=search_result&t_efo=search_pure_goods_card&t_ef=goods_search&t_sm=&t_spt=search_result","Top recomen... amanah.. bagus. Top pokok","Top recomen... amanah.. bagus. Top pokok","Oxwalker","Indonesia","05-10-2026","12-20-2025","Pants","Top recomen... amanah.. bagus. Top pokok","Top recomen... amanah.. bagus. Top pokok","Unisex",,,"103314079955","Promo Samsung Galaxy A07 ( 4/64 4/128 6/128 8/256 ) Garansi Resmi Sein","Promo Samsung Galaxy A07 ( 4/64 4/128 6/128 8/256 ) Garansi Resmi Sein - A07 4/64 Black, No Bonus Cicil 0% 3x -  - Ini Toko Budi Shop | Tokopedia","Handphone","Android OS","5","1825657857","Product Review","",,"Tokopedia","Oxwalker","Promo Samsung Galaxy A07 ( 4/64 4/128 6/128 8/256 ) Garansi Resmi Sein",,"2025-Q4"
"https://www.tokopedia.com/ini-toko-budi-shop/samsung-galaxy-a07-4-64-4-128-6-128-8-256-garansi-resmi-sein-1729815001835537895-1735330887460881895?extParam=ivf%3Dtrue%26keyword%3Dsamsung+a07%26search_id%3D2026051013261194F6D7E04A4D452A9TDF%26src%3Dsearch&t_id=1778419236765&t_st=7&t_pp=search_result&t_efo=search_pure_goods_card&t_ef=goods_search&t_sm=&t_spt=search_result","terimakasih barang sudah sampai tujuan","terimakasih barang sudah sampai tujuan","Oxwalker","Indonesia","05-10-2026","11-22-2025","Pants","terimakasih barang sudah sampai tujuan","terimakasih barang sudah sampai tujuan","Unisex",,,"103314079955","Promo Samsung Galaxy A07 ( 4/64 4/128 6/128 8/256 ) Garansi Resmi Sein","Promo Samsung Galaxy A07 ( 4/64 4/128 6/128 8/256 ) Garansi Resmi Sein - A07 4/64 Black, No Bonus Cicil 0% 3x -  - Ini Toko Budi Shop | Tokopedia","Handphone","Android OS","5","1779213536","Product Review","",,"Tokopedia","Oxwalker","Promo Samsung Galaxy A07 ( 4/64 4/128 6/128 8/256 ) Garansi Resmi Sein",,"2025-Q4"
"https://www.tokopedia.com/ini-toko-budi-shop/samsung-galaxy-a07-4-64-4-128-6-128-8-256-garansi-resmi-sein-1729815001835537895-1735330887460881895?extParam=ivf%3Dtrue%26keyword%3Dsamsung+a07%26search_id%3D2026051013261194F6D7E04A4D452A9TDF%26src%3Dsearch&t_id=1778419236765&t_st=7&t_pp=search_result&t_efo=search_pure_goods_card&t_ef=goods_search&t_sm=&t_spt=search_result","barang sudah di terima dg baik..thanks","barang sudah di terima dg baik..thanks","Oxwalker","Indonesia","05-10-2026","11-18-2021","Pants","barang sudah di terima dg baik..thanks","barang sudah di terima dg baik..thanks","Unisex",,,"103314079955","Promo Samsung Galaxy A07 ( 4/64 4/128 6/128 8/256 ) Garansi Resmi Sein","Promo Samsung Galaxy A07 ( 4/64 4/128 6/128 8/256 ) Garansi Resmi Sein - A07 4/64 Black, No Bonus Cicil 0% 3x -  - Ini Toko Budi Shop | Tokopedia","Handphone","Android OS","5","526957207","Product Review","",,"Tokopedia","Oxwalker","Promo Samsung Galaxy A07 ( 4/64 4/128 6/128 8/256 ) Garansi Resmi Sein",,"2021-Q4"
"https://www.tokopedia.com/ini-toko-budi-shop/samsung-galaxy-a07-4-64-4-128-6-128-8-256-garansi-resmi-sein-1729815001835537895-1735330887460881895?extParam=ivf%3Dtrue%26keyword%3Dsamsung+a07%26search_id%3D2026051013261194F6D7E04A4D452A9TDF%26src%3Dsearch&t_id=1778419236765&t_st=7&t_pp=search_result&t_efo=search_pure_goods_card&t_ef=goods_search&t_sm=&t_spt=search_result","Keren,ori mmakasih brang dtng dgn cepat","Keren,ori mmakasih brang dtng dgn cepat","Oxwalker","Indonesia","05-10-2026","10-31-2025","Pants","Keren,ori mmakasih brang dtng dgn cepat","Keren,ori mmakasih brang dtng dgn cepat","Unisex",,,"103314079955","Promo Samsung Galaxy A07 ( 4/64 4/128 6/128 8/256 ) Garansi Resmi Sein","Promo Samsung Galaxy A07 ( 4/64 4/128 6/128 8/256 ) Garansi Resmi Sein - A07 4/64 Black, No Bonus Cicil 0% 3x -  - Ini Toko Budi Shop | Tokopedia","Handphone","Android OS","5","1743563462","Product Review","",,"Tokopedia","Oxwalker","Promo Samsung Galaxy A07 ( 4/64 4/128 6/128 8/256 ) Garansi Resmi Sein",,"2025-Q4"
"https://www.tokopedia.com/ini-toko-budi-shop/samsung-galaxy-a07-4-64-4-128-6-128-8-256-garansi-resmi-sein-1729815001835537895-1735330887460881895?extParam=ivf%3Dtrue%26keyword%3Dsamsung+a07%26search_id%3D2026051013261194F6D7E04A4D452A9TDF%26src%3Dsearch&t_id=1778419236765&t_st=7&t_pp=search_result&t_efo=search_pure_goods_card&t_ef=goods_search&t_sm=&t_spt=search_result","proses cepat, barang bagus ORI, thanks,","proses cepat, barang bagus ORI, thanks,","Oxwalker","Indonesia","05-10-2026","11-12-2025","Pants","proses cepat, barang bagus ORI, thanks,","proses cepat, barang bagus ORI, thanks,","Unisex",,,"103314079955","Promo Samsung Galaxy A07 ( 4/64 4/128 6/128 8/256 ) Garansi Resmi Sein","Promo Samsung Galaxy A07 ( 4/64 4/128 6/128 8/256 ) Garansi Resmi Sein - A07 4/64 Black, No Bonus Cicil 0% 3x -  - Ini Toko Budi Shop | Tokopedia","Handphone","Android OS","5","1762180572","Product Review","",,"Tokopedia","Oxwalker","Promo Samsung Galaxy A07 ( 4/64 4/128 6/128 8/256 ) Garansi Resmi Sein",,"2025-Q4"
"https://www.tokopedia.com/ini-toko-budi-shop/samsung-galaxy-a07-4-64-4-128-6-128-8-256-garansi-resmi-sein-1729815001835537895-1735330887460881895?extParam=ivf%3Dtrue%26keyword%3Dsamsung+a07%26search_id%3D2026051013261194F6D7E04A4D452A9TDF%26src%3Dsearch&t_id=1778419236765&t_st=7&t_pp=search_result&t_efo=search_pure_goods_card&t_ef=goods_search&t_sm=&t_spt=search_result","bagus dan keren...barang original,smoga","bagus dan keren...barang original,smoga","Oxwalker","Indonesia","05-10-2026","07-26-2024","Pants","bagus dan keren...barang original,smoga","bagus dan keren...barang original,smoga","Unisex",,,"103314079955","Promo Samsung Galaxy A07 ( 4/64 4/128 6/128 8/256 ) Garansi Resmi Sein","Promo Samsung Galaxy A07 ( 4/64 4/128 6/128 8/256 ) Garansi Resmi Sein - A07 4/64 Black, No Bonus Cicil 0% 3x -  - Ini Toko Budi Shop | Tokopedia","Handphone","Android OS","5","1070716268","Product Review","",,"Tokopedia","Oxwalker","Promo Samsung Galaxy A07 ( 4/64 4/128 6/128 8/256 ) Garansi Resmi Sein",,"2024-Q3"
"https://www.tokopedia.com/ini-toko-budi-shop/samsung-galaxy-a07-4-64-4-128-6-128-8-256-garansi-resmi-sein-1729815001835537895-1735330887460881895?extParam=ivf%3Dtrue%26keyword%3Dsamsung+a07%26search_id%3D2026051013261194F6D7E04A4D452A9TDF%26src%3Dsearch&t_id=1778419236765&t_st=7&t_pp=search_result&t_efo=search_pure_goods_card&t_ef=goods_search&t_sm=&t_spt=search_result","Barangnya  sangat sesuai. Terima kasih","Barangnya  sangat sesuai. Terima kasih","Oxwalker","Indonesia","05-10-2026","08-20-2025","Pants","Barangnya  sangat sesuai. Terima kasih","Barangnya  sangat sesuai. Terima kasih","Unisex",,,"103314079955","Promo Samsung Galaxy A07 ( 4/64 4/128 6/128 8/256 ) Garansi Resmi Sein","Promo Samsung Galaxy A07 ( 4/64 4/128 6/128 8/256 ) Garansi Resmi Sein - A07 4/64 Black, No Bonus Cicil 0% 3x -  - Ini Toko Budi Shop | Tokopedia","Handphone","Android OS","5","1637653121","Product Review","",,"Tokopedia","Oxwalker","Promo Samsung Galaxy A07 ( 4/64 4/128 6/128 8/256 ) Garansi Resmi Sein",,"2025-Q3"
"https://www.tokopedia.com/ini-toko-budi-shop/samsung-galaxy-a07-4-64-4-128-6-128-8-256-garansi-resmi-sein-1729815001835537895-1735330887460881895?extParam=ivf%3Dtrue%26keyword%3Dsamsung+a07%26search_id%3D2026051013261194F6D7E04A4D452A9TDF%26src%3Dsearch&t_id=1778419236765&t_st=7&t_pp=search_result&t_efo=search_pure_goods_card&t_ef=goods_search&t_sm=&t_spt=search_result","produk original good kondisi, cuma minus di pengiriman","produk original good kondisi, cuma minus di pengiriman","Oxwalker","Indonesia","05-10-2026","05-08-2025","Pants","produk original good kondisi, cuma minus di pengiriman","produk original good kondisi, cuma minus di pengiriman","Unisex",,,"103314079955","Promo Samsung Galaxy A07 ( 4/64 4/128 6/128 8/256 ) Garansi Resmi Sein","Promo Samsung Galaxy A07 ( 4/64 4/128 6/128 8/256 ) Garansi Resmi Sein - A07 4/64 Black, No Bonus Cicil 0% 3x -  - Ini Toko Budi Shop | Tokopedia","Handphone","Android OS","4","1442892892","Product Review","",,"Tokopedia","Oxwalker","Promo Samsung Galaxy A07 ( 4/64 4/128 6/128 8/256 ) Garansi Resmi Sein",,"2025-Q2"
"https://www.tokopedia.com/ini-toko-budi-shop/samsung-galaxy-a07-4-64-4-128-6-128-8-256-garansi-resmi-sein-1729815001835537895-1735330887460881895?extParam=ivf%3Dtrue%26keyword%3Dsamsung+a07%26search_id%3D2026051013261194F6D7E04A4D452A9TDF%26src%3Dsearch&t_id=1778419236765&t_st=7&t_pp=search_result&t_efo=search_pure_goods_card&t_ef=goods_search&t_sm=&t_spt=search_result","Barang sudah sampai gan, terima kasih","Barang sudah sampai gan, terima kasih","Oxwalker","Indonesia","05-10-2026","10-09-2021","Pants","Barang sudah sampai gan, terima kasih","Barang sudah sampai gan, terima kasih","Unisex",,,"103314079955","Promo Samsung Galaxy A07 ( 4/64 4/128 6/128 8/256 ) Garansi Resmi Sein","Promo Samsung Galaxy A07 ( 4/64 4/128 6/128 8/256 ) Garansi Resmi Sein - A07 4/64 Black, No Bonus Cicil 0% 3x -  - Ini Toko Budi Shop | Tokopedia","Handphone","Android OS","5","495771135","Product Review","",,"Tokopedia","Oxwalker","Promo Samsung Galaxy A07 ( 4/64 4/128 6/128 8/256 ) Garansi Resmi Sein",,"2021-Q4"
"https://www.tokopedia.com/ini-toko-budi-shop/samsung-galaxy-a07-4-64-4-128-6-128-8-256-garansi-resmi-sein-1729815001835537895-1735330887460881895?extParam=ivf%3Dtrue%26keyword%3Dsamsung+a07%26search_id%3D2026051013261194F6D7E04A4D452A9TDF%26src%3Dsearch&t_id=1778419236765&t_st=7&t_pp=search_result&t_efo=search_pure_goods_card&t_ef=goods_search&t_sm=&t_spt=search_result","Barang sampai dengan sesuai pembelian","Barang sampai dengan sesuai pembelian","Oxwalker","Indonesia","05-10-2026","05-03-2026","Pants","Barang sampai dengan sesuai pembelian","Barang sampai dengan sesuai pembelian","Unisex",,,"103314079955","Promo Samsung Galaxy A07 ( 4/64 4/128 6/128 8/256 ) Garansi Resmi Sein","Promo Samsung Galaxy A07 ( 4/64 4/128 6/128 8/256 ) Garansi Resmi Sein - A07 4/64 Black, No Bonus Cicil 0% 3x -  - Ini Toko Budi Shop | Tokopedia","Handphone","Android OS","5","2078131151","Product Review","",,"Tokopedia","Oxwalker","Promo Samsung Galaxy A07 ( 4/64 4/128 6/128 8/256 ) Garansi Resmi Sein",,"2026-Q2"
"https://www.tokopedia.com/ini-toko-budi-shop/samsung-galaxy-a07-4-64-4-128-6-128-8-256-garansi-resmi-sein-1729815001835537895-1735330887460881895?extParam=ivf%3Dtrue%26keyword%3Dsamsung+a07%26search_id%3D2026051013261194F6D7E04A4D452A9TDF%26src%3Dsearch&t_id=1778419236765&t_st=7&t_pp=search_result&t_efo=search_pure_goods_card&t_ef=goods_search&t_sm=&t_spt=search_result","pengiriman cepat, hp tersegel dgn baik","pengiriman cepat, hp tersegel dgn baik","Oxwalker","Indonesia","05-10-2026","11-13-2025","Pants","pengiriman cepat, hp tersegel dgn baik","pengiriman cepat, hp tersegel dgn baik","Unisex",,,"103314079955","Promo Samsung Galaxy A07 ( 4/64 4/128 6/128 8/256 ) Garansi Resmi Sein","Promo Samsung Galaxy A07 ( 4/64 4/128 6/128 8/256 ) Garansi Resmi Sein - A07 4/64 Black, No Bonus Cicil 0% 3x -  - Ini Toko Budi Shop | Tokopedia","Handphone","Android OS","5","1764882614","Product Review","",,"Tokopedia","Oxwalker","Promo Samsung Galaxy A07 ( 4/64 4/128 6/128 8/256 ) Garansi Resmi Sein",,"2025-Q4"
"https://www.tokopedia.com/ini-toko-budi-shop/samsung-galaxy-a07-4-64-4-128-6-128-8-256-garansi-resmi-sein-1729815001835537895-1735330887460881895?extParam=ivf%3Dtrue%26keyword%3Dsamsung+a07%26search_id%3D2026051013261194F6D7E04A4D452A9TDF%26src%3Dsearch&t_id=1778419236765&t_st=7&t_pp=search_result&t_efo=search_pure_goods_card&t_ef=goods_search&t_sm=&t_spt=search_result","Terimakasih barang sudah saya terima","Terimakasih barang sudah saya terima","Oxwalker","Indonesia","05-10-2026","04-07-2026","Pants","Terimakasih barang sudah saya terima","Terimakasih barang sudah saya terima","Unisex",,,"103314079955","Promo Samsung Galaxy A07 ( 4/64 4/128 6/128 8/256 ) Garansi Resmi Sein","Promo Samsung Galaxy A07 ( 4/64 4/128 6/128 8/256 ) Garansi Resmi Sein - A07 4/64 Black, No Bonus Cicil 0% 3x -  - Ini Toko Budi Shop | Tokopedia","Handphone","Android OS","5","2034312886","Product Review","",,"Tokopedia","Oxwalker","Promo Samsung Galaxy A07 ( 4/64 4/128 6/128 8/256 ) Garansi Resmi Sein",,"2026-Q2"
"https://www.tokopedia.com/ini-toko-budi-shop/samsung-galaxy-a07-4-64-4-128-6-128-8-256-garansi-resmi-sein-1729815001835537895-1735330887460881895?extParam=ivf%3Dtrue%26keyword%3Dsamsung+a07%26search_id%3D2026051013261194F6D7E04A4D452A9TDF%26src%3Dsearch&t_id=1778419236765&t_st=7&t_pp=search_result&t_efo=search_pure_goods_card&t_ef=goods_search&t_sm=&t_spt=search_result","mantap barang segel seler ramah 😊","mantap barang segel seler ramah 😊","Oxwalker","Indonesia","05-10-2026","11-10-2021","Pants","mantap barang segel seler ramah 😊","mantap barang segel seler ramah 😊","Unisex",,,"103314079955","Promo Samsung Galaxy A07 ( 4/64 4/128 6/128 8/256 ) Garansi Resmi Sein","Promo Samsung Galaxy A07 ( 4/64 4/128 6/128 8/256 ) Garansi Resmi Sein - A07 4/64 Black, No Bonus Cicil 0% 3x -  - Ini Toko Budi Shop | Tokopedia","Handphone","Android OS","5","520459195","Product Review","",,"Tokopedia","Oxwalker","Promo Samsung Galaxy A07 ( 4/64 4/128 6/128 8/256 ) Garansi Resmi Sein",,"2021-Q4"
"https://www.tokopedia.com/ini-toko-budi-shop/samsung-galaxy-a07-4-64-4-128-6-128-8-256-garansi-resmi-sein-1729815001835537895-1735330887460881895?extParam=ivf%3Dtrue%26keyword%3Dsamsung+a07%26search_id%3D2026051013261194F6D7E04A4D452A9TDF%26src%3Dsearch&t_id=1778419236765&t_st=7&t_pp=search_result&t_efo=search_pure_goods_card&t_ef=goods_search&t_sm=&t_spt=search_result","mantap. paket lengkap dan harga murah","mantap. paket lengkap dan harga murah","Oxwalker","Indonesia","05-10-2026","10-17-2025","Pants","mantap. paket lengkap dan harga murah","mantap. paket lengkap dan harga murah","Unisex",,,"103314079955","Promo Samsung Galaxy A07 ( 4/64 4/128 6/128 8/256 ) Garansi Resmi Sein","Promo Samsung Galaxy A07 ( 4/64 4/128 6/128 8/256 ) Garansi Resmi Sein - A07 4/64 Black, No Bonus Cicil 0% 3x -  - Ini Toko Budi Shop | Tokopedia","Handphone","Android OS","5","1724684053","Product Review","",,"Tokopedia","Oxwalker","Promo Samsung Galaxy A07 ( 4/64 4/128 6/128 8/256 ) Garansi Resmi Sein",,"2025-Q4"
"https://www.tokopedia.com/ini-toko-budi-shop/samsung-galaxy-a07-4-64-4-128-6-128-8-256-garansi-resmi-sein-1729815001835537895-1735330887460881895?extParam=ivf%3Dtrue%26keyword%3Dsamsung+a07%26search_id%3D2026051013261194F6D7E04A4D452A9TDF%26src%3Dsearch&t_id=1778419236765&t_st=7&t_pp=search_result&t_efo=search_pure_goods_card&t_ef=goods_search&t_sm=&t_spt=search_result","Barang sesuai pesanan Dan berfungsi baik","Barang sesuai pesanan Dan berfungsi baik","Oxwalker","Indonesia","05-10-2026","07-05-2025","Pants","Barang sesuai pesanan Dan berfungsi baik","Barang sesuai pesanan Dan berfungsi baik","Unisex",,,"103314079955","Promo Samsung Galaxy A07 ( 4/64 4/128 6/128 8/256 ) Garansi Resmi Sein","Promo Samsung Galaxy A07 ( 4/64 4/128 6/128 8/256 ) Garansi Resmi Sein - A07 4/64 Black, No Bonus Cicil 0% 3x -  - Ini Toko Budi Shop | Tokopedia","Handphone","Android OS","5","1556725366","Product Review","",,"Tokopedia","Oxwalker","Promo Samsung Galaxy A07 ( 4/64 4/128 6/128 8/256 ) Garansi Resmi Sein",,"2025-Q3"
"https://www.tokopedia.com/ini-toko-budi-shop/samsung-galaxy-a07-4-64-4-128-6-128-8-256-garansi-resmi-sein-1729815001835537895-1735330887460881895?extParam=ivf%3Dtrue%26keyword%3Dsamsung+a07%26search_id%3D2026051013261194F6D7E04A4D452A9TDF%26src%3Dsearch&t_id=1778419236765&t_st=7&t_pp=search_result&t_efo=search_pure_goods_card&t_ef=goods_search&t_sm=&t_spt=search_result","barang masih segel, bagus, semoga awet","barang masih segel, bagus, semoga awet","Oxwalker","Indonesia","05-10-2026","10-10-2024","Pants","barang masih segel, bagus, semoga awet","barang masih segel, bagus, semoga awet","Unisex",,,"103314079955","Promo Samsung Galaxy A07 ( 4/64 4/128 6/128 8/256 ) Garansi Resmi Sein","Promo Samsung Galaxy A07 ( 4/64 4/128 6/128 8/256 ) Garansi Resmi Sein - A07 4/64 Black, No Bonus Cicil 0% 3x -  - Ini Toko Budi Shop | Tokopedia","Handphone","Android OS","5","1104229132","Product Review","",,"Tokopedia","Oxwalker","Promo Samsung Galaxy A07 ( 4/64 4/128 6/128 8/256 ) Garansi Resmi Sein",,"2024-Q4"
"https://www.tokopedia.com/ini-toko-budi-shop/samsung-galaxy-a07-4-64-4-128-6-128-8-256-garansi-resmi-sein-1729815001835537895-1735330887460881895?extParam=ivf%3Dtrue%26keyword%3Dsamsung+a07%26search_id%3D2026051013261194F6D7E04A4D452A9TDF%26src%3Dsearch&t_id=1778419236765&t_st=7&t_pp=search_result&t_efo=search_pure_goods_card&t_ef=goods_search&t_sm=&t_spt=search_result","sudah sampai dengan baik. cm kalo bisa jangan pakai anter aja. 
pelayanan anter aja sangat buruk. 
kmaren mau dianter jam 10 malem. akhirnya setelah complain baru dikirim cepet jam 7 malem. 
pakai gojek atau grab aja yg sudah kerja sama dengan tokped. bagus. 
bahkan kalo gojek ada live tracking","sudah sampai dengan baik. cm kalo bisa jangan pakai anter aja. 
pelayanan anter aja sangat buruk. 
kmaren mau dianter jam 10 malem. akhirnya setelah complain baru dikirim cepet jam 7 malem. 
pakai gojek atau grab aja yg sudah kerja sama dengan tokped. bagus. 
bahkan kalo gojek ada live tracking","Oxwalker","Indonesia","05-10-2026","12-04-2021","Pants","sudah sampai dengan baik. cm kalo bisa jangan pakai anter aja. 
pelayanan anter aja sangat buruk. 
kmaren mau dianter jam 10 malem. akhirnya setelah complain baru dikirim cepet jam 7 malem. 
pakai gojek atau grab aja yg sudah kerja sama dengan tokped. bagus. 
bahkan kalo gojek ada live tracking","sudah sampai dengan baik. cm kalo bisa jangan pakai anter aja. 
pelayanan anter aja sangat buruk. 
kmaren mau dianter jam 10 malem. akhirnya setelah complain baru dikirim cepet jam 7 malem. 
pakai gojek atau grab aja yg sudah kerja sama dengan tokped. bagus. 
bahkan kalo gojek ada live tracking","Unisex",,,"103314079955","Promo Samsung Galaxy A07 ( 4/64 4/128 6/128 8/256 ) Garansi Resmi Sein","Promo Samsung Galaxy A07 ( 4/64 4/128 6/128 8/256 ) Garansi Resmi Sein - A07 4/64 Black, No Bonus Cicil 0% 3x -  - Ini Toko Budi Shop | Tokopedia","Handphone","Android OS","4","539510737","Product Review","",,"Tokopedia","Oxwalker","Promo Samsung Galaxy A07 ( 4/64 4/128 6/128 8/256 ) Garansi Resmi Sein",,"2021-Q4"
"https://www.tokopedia.com/ini-toko-budi-shop/samsung-galaxy-a07-4-64-4-128-6-128-8-256-garansi-resmi-sein-1729815001835537895-1735330887460881895?extParam=ivf%3Dtrue%26keyword%3Dsamsung+a07%26search_id%3D2026051013261194F6D7E04A4D452A9TDF%26src%3Dsearch&t_id=1778419236765&t_st=7&t_pp=search_result&t_efo=search_pure_goods_card&t_ef=goods_search&t_sm=&t_spt=search_result","Pengiriman cepat, barang sesuai👍","Pengiriman cepat, barang sesuai👍","Oxwalker","Indonesia","05-10-2026","03-04-2024","Pants","Pengiriman cepat, barang sesuai👍","Pengiriman cepat, barang sesuai👍","Unisex",,,"103314079955","Promo Samsung Galaxy A07 ( 4/64 4/128 6/128 8/256 ) Garansi Resmi Sein","Promo Samsung Galaxy A07 ( 4/64 4/128 6/128 8/256 ) Garansi Resmi Sein - A07 4/64 Black, No Bonus Cicil 0% 3x -  - Ini Toko Budi Shop | Tokopedia","Handphone","Android OS","5","1010011602","Product Review","",,"Tokopedia","Oxwalker","Promo Samsung Galaxy A07 ( 4/64 4/128 6/128 8/256 ) Garansi Resmi Sein",,"2024-Q1"
"https://www.tokopedia.com/ini-toko-budi-shop/samsung-galaxy-a07-4-64-4-128-6-128-8-256-garansi-resmi-sein-1729815001835537895-1735330887460881895?extParam=ivf%3Dtrue%26keyword%3Dsamsung+a07%26search_id%3D2026051013261194F6D7E04A4D452A9TDF%26src%3Dsearch&t_id=1778419236765&t_st=7&t_pp=search_result&t_efo=search_pure_goods_card&t_ef=goods_search&t_sm=&t_spt=search_result","hp nya mntap,,,
tpi ada minusnya sdkit kotak bagian ujung penyok / robek...
selain itu smpai skrg aman2 aj sih gan","hp nya mntap,,,
tpi ada minusnya sdkit kotak bagian ujung penyok / robek...
selain itu smpai skrg aman2 aj sih gan","Oxwalker","Indonesia","05-10-2026","10-15-2021","Pants","hp nya mntap,,,
tpi ada minusnya sdkit kotak bagian ujung penyok / robek...
selain itu smpai skrg aman2 aj sih gan","hp nya mntap,,,
tpi ada minusnya sdkit kotak bagian ujung penyok / robek...
selain itu smpai skrg aman2 aj sih gan","Unisex",,,"103314079955","Promo Samsung Galaxy A07 ( 4/64 4/128 6/128 8/256 ) Garansi Resmi Sein","Promo Samsung Galaxy A07 ( 4/64 4/128 6/128 8/256 ) Garansi Resmi Sein - A07 4/64 Black, No Bonus Cicil 0% 3x -  - Ini Toko Budi Shop | Tokopedia","Handphone","Android OS","4","500169216","Product Review","",,"Tokopedia","Oxwalker","Promo Samsung Galaxy A07 ( 4/64 4/128 6/128 8/256 ) Garansi Resmi Sein",,"2021-Q4"
"https://www.tokopedia.com/ini-toko-budi-shop/samsung-galaxy-a07-4-64-4-128-6-128-8-256-garansi-resmi-sein-1729815001835537895-1735330887460881895?extParam=ivf%3Dtrue%26keyword%3Dsamsung+a07%26search_id%3D2026051013261194F6D7E04A4D452A9TDF%26src%3Dsearch&t_id=1778419236765&t_st=7&t_pp=search_result&t_efo=search_pure_goods_card&t_ef=goods_search&t_sm=&t_spt=search_result","Barang berfungsi dengan baik mantap","Barang berfungsi dengan baik mantap","Oxwalker","Indonesia","05-10-2026","07-09-2025","Pants","Barang berfungsi dengan baik mantap","Barang berfungsi dengan baik mantap","Unisex",,,"103314079955","Promo Samsung Galaxy A07 ( 4/64 4/128 6/128 8/256 ) Garansi Resmi Sein","Promo Samsung Galaxy A07 ( 4/64 4/128 6/128 8/256 ) Garansi Resmi Sein - A07 4/64 Black, No Bonus Cicil 0% 3x -  - Ini Toko Budi Shop | Tokopedia","Handphone","Android OS","5","1563586441","Product Review","",,"Tokopedia","Oxwalker","Promo Samsung Galaxy A07 ( 4/64 4/128 6/128 8/256 ) Garansi Resmi Sein",,"2025-Q3"
"https://www.tokopedia.com/ini-toko-budi-shop/samsung-galaxy-a07-4-64-4-128-6-128-8-256-garansi-resmi-sein-1729815001835537895-1735330887460881895?extParam=ivf%3Dtrue%26keyword%3Dsamsung+a07%26search_id%3D2026051013261194F6D7E04A4D452A9TDF%26src%3Dsearch&t_id=1778419236765&t_st=7&t_pp=search_result&t_efo=search_pure_goods_card&t_ef=goods_search&t_sm=&t_spt=search_result","hydrogel bermasalah dan tidak ada lap untuk pembersihan layar dan debu","hydrogel bermasalah dan tidak ada lap untuk pembersihan layar dan debu","Oxwalker","Indonesia","05-10-2026","11-14-2025","Pants","hydrogel bermasalah dan tidak ada lap untuk pembersihan layar dan debu","hydrogel bermasalah dan tidak ada lap untuk pembersihan layar dan debu","Unisex",,,"103314079955","Promo Samsung Galaxy A07 ( 4/64 4/128 6/128 8/256 ) Garansi Resmi Sein","Promo Samsung Galaxy A07 ( 4/64 4/128 6/128 8/256 ) Garansi Resmi Sein - A07 4/64 Black, No Bonus Cicil 0% 3x -  - Ini Toko Budi Shop | Tokopedia","Handphone","Android OS","4","1766246366","Product Review","",,"Tokopedia","Oxwalker","Promo Samsung Galaxy A07 ( 4/64 4/128 6/128 8/256 ) Garansi Resmi Sein",,"2025-Q4"
"https://www.tokopedia.com/ini-toko-budi-shop/samsung-galaxy-a07-4-64-4-128-6-128-8-256-garansi-resmi-sein-1729815001835537895-1735330887460881895?extParam=ivf%3Dtrue%26keyword%3Dsamsung+a07%26search_id%3D2026051013261194F6D7E04A4D452A9TDF%26src%3Dsearch&t_id=1778419236765&t_st=7&t_pp=search_result&t_efo=search_pure_goods_card&t_ef=goods_search&t_sm=&t_spt=search_result","Pengiriman cepat, aman, terpercaya.","Pengiriman cepat, aman, terpercaya.","Oxwalker","Indonesia","05-10-2026","03-06-2026","Pants","Pengiriman cepat, aman, terpercaya.","Pengiriman cepat, aman, terpercaya.","Unisex",,,"103314079955","Promo Samsung Galaxy A07 ( 4/64 4/128 6/128 8/256 ) Garansi Resmi Sein","Promo Samsung Galaxy A07 ( 4/64 4/128 6/128 8/256 ) Garansi Resmi Sein - A07 4/64 Black, No Bonus Cicil 0% 3x -  - Ini Toko Budi Shop | Tokopedia","Handphone","Android OS","5","1972961990","Product Review","",,"Tokopedia","Oxwalker","Promo Samsung Galaxy A07 ( 4/64 4/128 6/128 8/256 ) Garansi Resmi Sein",,"2026-Q1"
"https://www.tokopedia.com/ini-toko-budi-shop/samsung-galaxy-a07-4-64-4-128-6-128-8-256-garansi-resmi-sein-1729815001835537895-1735330887460881895?extParam=ivf%3Dtrue%26keyword%3Dsamsung+a07%26search_id%3D2026051013261194F6D7E04A4D452A9TDF%26src%3Dsearch&t_id=1778419236765&t_st=7&t_pp=search_result&t_efo=search_pure_goods_card&t_ef=goods_search&t_sm=&t_spt=search_result","HP diterima dengan baik, pengemasan juga sebenarnya udah bagus. Tapi sayangnya waktu complain kalo temperglas nya retak dibagian ujungnya, seller bilang kalo gak ada garansinya. Agak sedih sih, tau gitu mending gak usah beli paket bundling aja","HP diterima dengan baik, pengemasan juga sebenarnya udah bagus. Tapi sayangnya waktu complain kalo temperglas nya retak dibagian ujungnya, seller bilang kalo gak ada garansinya. Agak sedih sih, tau gitu mending gak usah beli paket bundling aja","Oxwalker","Indonesia","05-10-2026","12-05-2021","Pants","HP diterima dengan baik, pengemasan juga sebenarnya udah bagus. Tapi sayangnya waktu complain kalo temperglas nya retak dibagian ujungnya, seller bilang kalo gak ada garansinya. Agak sedih sih, tau gitu mending gak usah beli paket bundling aja","HP diterima dengan baik, pengemasan juga sebenarnya udah bagus. Tapi sayangnya waktu complain kalo temperglas nya retak dibagian ujungnya, seller bilang kalo gak ada garansinya. Agak sedih sih, tau gitu mending gak usah beli paket bundling aja","Unisex",,,"103314079955","Promo Samsung Galaxy A07 ( 4/64 4/128 6/128 8/256 ) Garansi Resmi Sein","Promo Samsung Galaxy A07 ( 4/64 4/128 6/128 8/256 ) Garansi Resmi Sein - A07 4/64 Black, No Bonus Cicil 0% 3x -  - Ini Toko Budi Shop | Tokopedia","Handphone","Android OS","4","540636482","Product Review","",,"Tokopedia","Oxwalker","Promo Samsung Galaxy A07 ( 4/64 4/128 6/128 8/256 ) Garansi Resmi Sein",,"2021-Q4"
"https://www.tokopedia.com/ini-toko-budi-shop/samsung-galaxy-a07-4-64-4-128-6-128-8-256-garansi-resmi-sein-1729815001835537895-1735330887460881895?extParam=ivf%3Dtrue%26keyword%3Dsamsung+a07%26search_id%3D2026051013261194F6D7E04A4D452A9TDF%26src%3Dsearch&t_id=1778419236765&t_st=7&t_pp=search_result&t_efo=search_pure_goods_card&t_ef=goods_search&t_sm=&t_spt=search_result","Bagus

Tapi sayang earphone tidak dapat

Agak kecewa","Bagus

Tapi sayang earphone tidak dapat

Agak kecewa","Oxwalker","Indonesia","05-10-2026","11-03-2025","Pants","Bagus

Tapi sayang earphone tidak dapat

Agak kecewa","Bagus

Tapi sayang earphone tidak dapat

Agak kecewa","Unisex",,,"103314079955","Promo Samsung Galaxy A07 ( 4/64 4/128 6/128 8/256 ) Garansi Resmi Sein","Promo Samsung Galaxy A07 ( 4/64 4/128 6/128 8/256 ) Garansi Resmi Sein - A07 4/64 Black, No Bonus Cicil 0% 3x -  - Ini Toko Budi Shop | Tokopedia","Handphone","Android OS","4","1749226360","Product Review","",,"Tokopedia","Oxwalker","Promo Samsung Galaxy A07 ( 4/64 4/128 6/128 8/256 ) Garansi Resmi Sein",,"2025-Q4"
"https://www.tokopedia.com/ini-toko-budi-shop/samsung-galaxy-a07-4-64-4-128-6-128-8-256-garansi-resmi-sein-1729815001835537895-1735330887460881895?extParam=ivf%3Dtrue%26keyword%3Dsamsung+a07%26search_id%3D2026051013261194F6D7E04A4D452A9TDF%26src%3Dsearch&t_id=1778419236765&t_st=7&t_pp=search_result&t_efo=search_pure_goods_card&t_ef=goods_search&t_sm=&t_spt=search_result","barang original dan pelayanan ramah","barang original dan pelayanan ramah","Oxwalker","Indonesia","05-10-2026","10-23-2025","Pants","barang original dan pelayanan ramah","barang original dan pelayanan ramah","Unisex",,,"103314079955","Promo Samsung Galaxy A07 ( 4/64 4/128 6/128 8/256 ) Garansi Resmi Sein","Promo Samsung Galaxy A07 ( 4/64 4/128 6/128 8/256 ) Garansi Resmi Sein - A07 4/64 Black, No Bonus Cicil 0% 3x -  - Ini Toko Budi Shop | Tokopedia","Handphone","Android OS","5","1732405633","Product Review","",,"Tokopedia","Oxwalker","Promo Samsung Galaxy A07 ( 4/64 4/128 6/128 8/256 ) Garansi Resmi Sein",,"2025-Q4"
"https://www.tokopedia.com/ini-toko-budi-shop/samsung-galaxy-a07-4-64-4-128-6-128-8-256-garansi-resmi-sein-1729815001835537895-1735330887460881895?extParam=ivf%3Dtrue%26keyword%3Dsamsung+a07%26search_id%3D2026051013261194F6D7E04A4D452A9TDF%26src%3Dsearch&t_id=1778419236765&t_st=7&t_pp=search_result&t_efo=search_pure_goods_card&t_ef=goods_search&t_sm=&t_spt=search_result","cuan🤑🤑🤑. terima kasih 👍","cuan🤑🤑🤑. terima kasih 👍","Oxwalker","Indonesia","05-10-2026","02-22-2024","Pants","cuan🤑🤑🤑. terima kasih 👍","cuan🤑🤑🤑. terima kasih 👍","Unisex",,,"103314079955","Promo Samsung Galaxy A07 ( 4/64 4/128 6/128 8/256 ) Garansi Resmi Sein","Promo Samsung Galaxy A07 ( 4/64 4/128 6/128 8/256 ) Garansi Resmi Sein - A07 4/64 Black, No Bonus Cicil 0% 3x -  - Ini Toko Budi Shop | Tokopedia","Handphone","Android OS","5","1005323388","Product Review","",,"Tokopedia","Oxwalker","Promo Samsung Galaxy A07 ( 4/64 4/128 6/128 8/256 ) Garansi Resmi Sein",,"2024-Q1"
"https://www.tokopedia.com/ini-toko-budi-shop/samsung-galaxy-a07-4-64-4-128-6-128-8-256-garansi-resmi-sein-1729815001835537895-1735330887460881895?extParam=ivf%3Dtrue%26keyword%3Dsamsung+a07%26search_id%3D2026051013261194F6D7E04A4D452A9TDF%26src%3Dsearch&t_id=1778419236765&t_st=7&t_pp=search_result&t_efo=search_pure_goods_card&t_ef=goods_search&t_sm=&t_spt=search_result","Produk diterima dengan baik👍🏻","Produk diterima dengan baik👍🏻","Oxwalker","Indonesia","05-10-2026","10-06-2025","Pants","Produk diterima dengan baik👍🏻","Produk diterima dengan baik👍🏻","Unisex",,,"103314079955","Promo Samsung Galaxy A07 ( 4/64 4/128 6/128 8/256 ) Garansi Resmi Sein","Promo Samsung Galaxy A07 ( 4/64 4/128 6/128 8/256 ) Garansi Resmi Sein - A07 4/64 Black, No Bonus Cicil 0% 3x -  - Ini Toko Budi Shop | Tokopedia","Handphone","Android OS","5","1708949171","Product Review","",,"Tokopedia","Oxwalker","Promo Samsung Galaxy A07 ( 4/64 4/128 6/128 8/256 ) Garansi Resmi Sein",,"2025-Q4"
"https://www.tokopedia.com/ini-toko-budi-shop/samsung-galaxy-a07-4-64-4-128-6-128-8-256-garansi-resmi-sein-1729815001835537895-1735330887460881895?extParam=ivf%3Dtrue%26keyword%3Dsamsung+a07%26search_id%3D2026051013261194F6D7E04A4D452A9TDF%26src%3Dsearch&t_id=1778419236765&t_st=7&t_pp=search_result&t_efo=search_pure_goods_card&t_ef=goods_search&t_sm=&t_spt=search_result","mantap trimakasih barang sudah sampai","mantap trimakasih barang sudah sampai","Oxwalker","Indonesia","05-10-2026","11-15-2025","Pants","mantap trimakasih barang sudah sampai","mantap trimakasih barang sudah sampai","Unisex",,,"103314079955","Promo Samsung Galaxy A07 ( 4/64 4/128 6/128 8/256 ) Garansi Resmi Sein","Promo Samsung Galaxy A07 ( 4/64 4/128 6/128 8/256 ) Garansi Resmi Sein - A07 4/64 Black, No Bonus Cicil 0% 3x -  - Ini Toko Budi Shop | Tokopedia","Handphone","Android OS","5","1768823626","Product Review","",,"Tokopedia","Oxwalker","Promo Samsung Galaxy A07 ( 4/64 4/128 6/128 8/256 ) Garansi Resmi Sein",,"2025-Q4"
"https://www.tokopedia.com/ini-toko-budi-shop/samsung-galaxy-a07-4-64-4-128-6-128-8-256-garansi-resmi-sein-1729815001835537895-1735330887460881895?extParam=ivf%3Dtrue%26keyword%3Dsamsung+a07%26search_id%3D2026051013261194F6D7E04A4D452A9TDF%26src%3Dsearch&t_id=1778419236765&t_st=7&t_pp=search_result&t_efo=search_pure_goods_card&t_ef=goods_search&t_sm=&t_spt=search_result","bonus earphone tpi gda earphonenya","bonus earphone tpi gda earphonenya","Oxwalker","Indonesia","05-10-2026","03-16-2026","Pants","bonus earphone tpi gda earphonenya","bonus earphone tpi gda earphonenya","Unisex",,,"103314079955","Promo Samsung Galaxy A07 ( 4/64 4/128 6/128 8/256 ) Garansi Resmi Sein","Promo Samsung Galaxy A07 ( 4/64 4/128 6/128 8/256 ) Garansi Resmi Sein - A07 4/64 Black, No Bonus Cicil 0% 3x -  - Ini Toko Budi Shop | Tokopedia","Handphone","Android OS","5","1999999709","Product Review","",,"Tokopedia","Oxwalker","Promo Samsung Galaxy A07 ( 4/64 4/128 6/128 8/256 ) Garansi Resmi Sein",,"2026-Q1"
"https://www.tokopedia.com/ini-toko-budi-shop/samsung-galaxy-a07-4-64-4-128-6-128-8-256-garansi-resmi-sein-1729815001835537895-1735330887460881895?extParam=ivf%3Dtrue%26keyword%3Dsamsung+a07%26search_id%3D2026051013261194F6D7E04A4D452A9TDF%26src%3Dsearch&t_id=1778419236765&t_st=7&t_pp=search_result&t_efo=search_pure_goods_card&t_ef=goods_search&t_sm=&t_spt=search_result","barang ori mantap,dtng tepat waktu","barang ori mantap,dtng tepat waktu","Oxwalker","Indonesia","05-10-2026","07-21-2024","Pants","barang ori mantap,dtng tepat waktu","barang ori mantap,dtng tepat waktu","Unisex",,,"103314079955","Promo Samsung Galaxy A07 ( 4/64 4/128 6/128 8/256 ) Garansi Resmi Sein","Promo Samsung Galaxy A07 ( 4/64 4/128 6/128 8/256 ) Garansi Resmi Sein - A07 4/64 Black, No Bonus Cicil 0% 3x -  - Ini Toko Budi Shop | Tokopedia","Handphone","Android OS","5","1068495120","Product Review","",,"Tokopedia","Oxwalker","Promo Samsung Galaxy A07 ( 4/64 4/128 6/128 8/256 ) Garansi Resmi Sein",,"2024-Q3"
"https://www.tokopedia.com/ini-toko-budi-shop/samsung-galaxy-a07-4-64-4-128-6-128-8-256-garansi-resmi-sein-1729815001835537895-1735330887460881895?extParam=ivf%3Dtrue%26keyword%3Dsamsung+a07%26search_id%3D2026051013261194F6D7E04A4D452A9TDF%26src%3Dsearch&t_id=1778419236765&t_st=7&t_pp=search_result&t_efo=search_pure_goods_card&t_ef=goods_search&t_sm=&t_spt=search_result","Performa sistem: Mudah2an hp nya bisa awet, sesuai dengan deskripsi hp nya.","Performa sistem: Mudah2an hp nya bisa awet, sesuai dengan deskripsi hp nya.","Oxwalker","Indonesia","05-10-2026","10-05-2025","Pants","Performa sistem: Mudah2an hp nya bisa awet, sesuai dengan deskripsi hp nya.","Performa sistem: Mudah2an hp nya bisa awet, sesuai dengan deskripsi hp nya.","Unisex",,,"103314079955","Promo Samsung Galaxy A07 ( 4/64 4/128 6/128 8/256 ) Garansi Resmi Sein","Promo Samsung Galaxy A07 ( 4/64 4/128 6/128 8/256 ) Garansi Resmi Sein - A07 4/64 Black, No Bonus Cicil 0% 3x -  - Ini Toko Budi Shop | Tokopedia","Handphone","Android OS","4","1707483542","Product Review","",,"Tokopedia","Oxwalker","Promo Samsung Galaxy A07 ( 4/64 4/128 6/128 8/256 ) Garansi Resmi Sein",,"2025-Q4"
"https://www.tokopedia.com/ini-toko-budi-shop/samsung-galaxy-a07-4-64-4-128-6-128-8-256-garansi-resmi-sein-1729815001835537895-1735330887460881895?extParam=ivf%3Dtrue%26keyword%3Dsamsung+a07%26search_id%3D2026051013261194F6D7E04A4D452A9TDF%26src%3Dsearch&t_id=1778419236765&t_st=7&t_pp=search_result&t_efo=search_pure_goods_card&t_ef=goods_search&t_sm=&t_spt=search_result","trimakasih barang sudah diterima..","trimakasih barang sudah diterima..","Oxwalker","Indonesia","05-10-2026","11-21-2025","Pants","trimakasih barang sudah diterima..","trimakasih barang sudah diterima..","Unisex",,,"103314079955","Promo Samsung Galaxy A07 ( 4/64 4/128 6/128 8/256 ) Garansi Resmi Sein","Promo Samsung Galaxy A07 ( 4/64 4/128 6/128 8/256 ) Garansi Resmi Sein - A07 4/64 Black, No Bonus Cicil 0% 3x -  - Ini Toko Budi Shop | Tokopedia","Handphone","Android OS","5","1777830739","Product Review","",,"Tokopedia","Oxwalker","Promo Samsung Galaxy A07 ( 4/64 4/128 6/128 8/256 ) Garansi Resmi Sein",,"2025-Q4"
"https://www.tokopedia.com/ini-toko-budi-shop/samsung-galaxy-a07-4-64-4-128-6-128-8-256-garansi-resmi-sein-1729815001835537895-1735330887460881895?extParam=ivf%3Dtrue%26keyword%3Dsamsung+a07%26search_id%3D2026051013261194F6D7E04A4D452A9TDF%26src%3Dsearch&t_id=1778419236765&t_st=7&t_pp=search_result&t_efo=search_pure_goods_card&t_ef=goods_search&t_sm=&t_spt=search_result","Is the best pokonya sesuai pesanan","Is the best pokonya sesuai pesanan","Oxwalker","Indonesia","05-10-2026","11-08-2025","Pants","Is the best pokonya sesuai pesanan","Is the best pokonya sesuai pesanan","Unisex",,,"103314079955","Promo Samsung Galaxy A07 ( 4/64 4/128 6/128 8/256 ) Garansi Resmi Sein","Promo Samsung Galaxy A07 ( 4/64 4/128 6/128 8/256 ) Garansi Resmi Sein - A07 4/64 Black, No Bonus Cicil 0% 3x -  - Ini Toko Budi Shop | Tokopedia","Handphone","Android OS","5","1757142325","Product Review","",,"Tokopedia","Oxwalker","Promo Samsung Galaxy A07 ( 4/64 4/128 6/128 8/256 ) Garansi Resmi Sein",,"2025-Q4"
"https://www.tokopedia.com/ini-toko-budi-shop/samsung-galaxy-a07-4-64-4-128-6-128-8-256-garansi-resmi-sein-1729815001835537895-1735330887460881895?extParam=ivf%3Dtrue%26keyword%3Dsamsung+a07%26search_id%3D2026051013261194F6D7E04A4D452A9TDF%26src%3Dsearch&t_id=1778419236765&t_st=7&t_pp=search_result&t_efo=search_pure_goods_card&t_ef=goods_search&t_sm=&t_spt=search_result","Bagus bagus bagus bagus bagus bagus","Bagus bagus bagus bagus bagus bagus","Oxwalker","Indonesia","05-10-2026","11-16-2024","Pants","Bagus bagus bagus bagus bagus bagus","Bagus bagus bagus bagus bagus bagus","Unisex",,,"103314079955","Promo Samsung Galaxy A07 ( 4/64 4/128 6/128 8/256 ) Garansi Resmi Sein","Promo Samsung Galaxy A07 ( 4/64 4/128 6/128 8/256 ) Garansi Resmi Sein - A07 4/64 Black, No Bonus Cicil 0% 3x -  - Ini Toko Budi Shop | Tokopedia","Handphone","Android OS","5","1146451305","Product Review","",,"Tokopedia","Oxwalker","Promo Samsung Galaxy A07 ( 4/64 4/128 6/128 8/256 ) Garansi Resmi Sein",,"2024-Q4"
"https://www.tokopedia.com/ini-toko-budi-shop/samsung-galaxy-a07-4-64-4-128-6-128-8-256-garansi-resmi-sein-1729815001835537895-1735330887460881895?extParam=ivf%3Dtrue%26keyword%3Dsamsung+a07%26search_id%3D2026051013261194F6D7E04A4D452A9TDF%26src%3Dsearch&t_id=1778419236765&t_st=7&t_pp=search_result&t_efo=search_pure_goods_card&t_ef=goods_search&t_sm=&t_spt=search_result","barang masih tersegel dan original","barang masih tersegel dan original","Oxwalker","Indonesia","05-10-2026","11-19-2025","Pants","barang masih tersegel dan original","barang masih tersegel dan original","Unisex",,,"103314079955","Promo Samsung Galaxy A07 ( 4/64 4/128 6/128 8/256 ) Garansi Resmi Sein","Promo Samsung Galaxy A07 ( 4/64 4/128 6/128 8/256 ) Garansi Resmi Sein - A07 4/64 Black, No Bonus Cicil 0% 3x -  - Ini Toko Budi Shop | Tokopedia","Handphone","Android OS","5","1773932137","Product Review","",,"Tokopedia","Oxwalker","Promo Samsung Galaxy A07 ( 4/64 4/128 6/128 8/256 ) Garansi Resmi Sein",,"2025-Q4"
"https://www.tokopedia.com/ini-toko-budi-shop/samsung-galaxy-a07-4-64-4-128-6-128-8-256-garansi-resmi-sein-1729815001835537895-1735330887460881895?extParam=ivf%3Dtrue%26keyword%3Dsamsung+a07%26search_id%3D2026051013261194F6D7E04A4D452A9TDF%26src%3Dsearch&t_id=1778419236765&t_st=7&t_pp=search_result&t_efo=search_pure_goods_card&t_ef=goods_search&t_sm=&t_spt=search_result","Kualitas sangat baik, respon cepat","Kualitas sangat baik, respon cepat","Oxwalker","Indonesia","05-10-2026","05-08-2024","Pants","Kualitas sangat baik, respon cepat","Kualitas sangat baik, respon cepat","Unisex",,,"103314079955","Promo Samsung Galaxy A07 ( 4/64 4/128 6/128 8/256 ) Garansi Resmi Sein","Promo Samsung Galaxy A07 ( 4/64 4/128 6/128 8/256 ) Garansi Resmi Sein - A07 4/64 Black, No Bonus Cicil 0% 3x -  - Ini Toko Budi Shop | Tokopedia","Handphone","Android OS","5","1037299105","Product Review","",,"Tokopedia","Oxwalker","Promo Samsung Galaxy A07 ( 4/64 4/128 6/128 8/256 ) Garansi Resmi Sein",,"2024-Q2"
"https://www.tokopedia.com/ini-toko-budi-shop/samsung-galaxy-a07-4-64-4-128-6-128-8-256-garansi-resmi-sein-1729815001835537895-1735330887460881895?extParam=ivf%3Dtrue%26keyword%3Dsamsung+a07%26search_id%3D2026051013261194F6D7E04A4D452A9TDF%26src%3Dsearch&t_id=1778419236765&t_st=7&t_pp=search_result&t_efo=search_pure_goods_card&t_ef=goods_search&t_sm=&t_spt=search_result","cepat sampai, segel utuh. top dah.","cepat sampai, segel utuh. top dah.","Oxwalker","Indonesia","05-10-2026","09-14-2025","Pants","cepat sampai, segel utuh. top dah.","cepat sampai, segel utuh. top dah.","Unisex",,,"103314079955","Promo Samsung Galaxy A07 ( 4/64 4/128 6/128 8/256 ) Garansi Resmi Sein","Promo Samsung Galaxy A07 ( 4/64 4/128 6/128 8/256 ) Garansi Resmi Sein - A07 4/64 Black, No Bonus Cicil 0% 3x -  - Ini Toko Budi Shop | Tokopedia","Handphone","Android OS","5","1676464726","Product Review","",,"Tokopedia","Oxwalker","Promo Samsung Galaxy A07 ( 4/64 4/128 6/128 8/256 ) Garansi Resmi Sein",,"2025-Q3"
"https://www.tokopedia.com/ini-toko-budi-shop/samsung-galaxy-a07-4-64-4-128-6-128-8-256-garansi-resmi-sein-1729815001835537895-1735330887460881895?extParam=ivf%3Dtrue%26keyword%3Dsamsung+a07%26search_id%3D2026051013261194F6D7E04A4D452A9TDF%26src%3Dsearch&t_id=1778419236765&t_st=7&t_pp=search_result&t_efo=search_pure_goods_card&t_ef=goods_search&t_sm=&t_spt=search_result","Lengkap... Semoga costumer ku puas","Lengkap... Semoga costumer ku puas","Oxwalker","Indonesia","05-10-2026","03-19-2026","Pants","Lengkap... Semoga costumer ku puas","Lengkap... Semoga costumer ku puas","Unisex",,,"103314079955","Promo Samsung Galaxy A07 ( 4/64 4/128 6/128 8/256 ) Garansi Resmi Sein","Promo Samsung Galaxy A07 ( 4/64 4/128 6/128 8/256 ) Garansi Resmi Sein - A07 4/64 Black, No Bonus Cicil 0% 3x -  - Ini Toko Budi Shop | Tokopedia","Handphone","Android OS","5","2006500929","Product Review","",,"Tokopedia","Oxwalker","Promo Samsung Galaxy A07 ( 4/64 4/128 6/128 8/256 ) Garansi Resmi Sein",,"2026-Q1"
"https://www.tokopedia.com/ini-toko-budi-shop/samsung-galaxy-a07-4-64-4-128-6-128-8-256-garansi-resmi-sein-1729815001835537895-1735330887460881895?extParam=ivf%3Dtrue%26keyword%3Dsamsung+a07%26search_id%3D2026051013261194F6D7E04A4D452A9TDF%26src%3Dsearch&t_id=1778419236765&t_st=7&t_pp=search_result&t_efo=search_pure_goods_card&t_ef=goods_search&t_sm=&t_spt=search_result","barang bagus,baru,ori,ada adaptor","barang bagus,baru,ori,ada adaptor","Oxwalker","Indonesia","05-10-2026","03-21-2024","Pants","barang bagus,baru,ori,ada adaptor","barang bagus,baru,ori,ada adaptor","Unisex",,,"103314079955","Promo Samsung Galaxy A07 ( 4/64 4/128 6/128 8/256 ) Garansi Resmi Sein","Promo Samsung Galaxy A07 ( 4/64 4/128 6/128 8/256 ) Garansi Resmi Sein - A07 4/64 Black, No Bonus Cicil 0% 3x -  - Ini Toko Budi Shop | Tokopedia","Handphone","Android OS","5","1017166328","Product Review","",,"Tokopedia","Oxwalker","Promo Samsung Galaxy A07 ( 4/64 4/128 6/128 8/256 ) Garansi Resmi Sein",,"2024-Q1"
"https://www.tokopedia.com/ini-toko-budi-shop/samsung-galaxy-a07-4-64-4-128-6-128-8-256-garansi-resmi-sein-1729815001835537895-1735330887460881895?extParam=ivf%3Dtrue%26keyword%3Dsamsung+a07%26search_id%3D2026051013261194F6D7E04A4D452A9TDF%26src%3Dsearch&t_id=1778419236765&t_st=7&t_pp=search_result&t_efo=search_pure_goods_card&t_ef=goods_search&t_sm=&t_spt=search_result","packing rapi produk sesuai pesanan","packing rapi produk sesuai pesanan","Oxwalker","Indonesia","05-10-2026","01-28-2026","Pants","packing rapi produk sesuai pesanan","packing rapi produk sesuai pesanan","Unisex",,,"103314079955","Promo Samsung Galaxy A07 ( 4/64 4/128 6/128 8/256 ) Garansi Resmi Sein","Promo Samsung Galaxy A07 ( 4/64 4/128 6/128 8/256 ) Garansi Resmi Sein - A07 4/64 Black, No Bonus Cicil 0% 3x -  - Ini Toko Budi Shop | Tokopedia","Handphone","Android OS","5","1890764228","Product Review","",,"Tokopedia","Oxwalker","Promo Samsung Galaxy A07 ( 4/64 4/128 6/128 8/256 ) Garansi Resmi Sein",,"2026-Q1"
"https://www.tokopedia.com/ini-toko-budi-shop/samsung-galaxy-a07-4-64-4-128-6-128-8-256-garansi-resmi-sein-1729815001835537895-1735330887460881895?extParam=ivf%3Dtrue%26keyword%3Dsamsung+a07%26search_id%3D2026051013261194F6D7E04A4D452A9TDF%26src%3Dsearch&t_id=1778419236765&t_st=7&t_pp=search_result&t_efo=search_pure_goods_card&t_ef=goods_search&t_sm=&t_spt=search_result","Barangnya original 👍. Warna sesuai pesanan.","Barangnya original 👍. Warna sesuai pesanan.","Oxwalker","Indonesia","05-10-2026","11-19-2021","Pants","Barangnya original 👍. Warna sesuai pesanan.","Barangnya original 👍. Warna sesuai pesanan.","Unisex",,,"103314079955","Promo Samsung Galaxy A07 ( 4/64 4/128 6/128 8/256 ) Garansi Resmi Sein","Promo Samsung Galaxy A07 ( 4/64 4/128 6/128 8/256 ) Garansi Resmi Sein - A07 4/64 Black, No Bonus Cicil 0% 3x -  - Ini Toko Budi Shop | Tokopedia","Handphone","Android OS","4","527657815","Product Review","",,"Tokopedia","Oxwalker","Promo Samsung Galaxy A07 ( 4/64 4/128 6/128 8/256 ) Garansi Resmi Sein",,"2021-Q4"
"https://www.tokopedia.com/ini-toko-budi-shop/samsung-galaxy-a07-4-64-4-128-6-128-8-256-garansi-resmi-sein-1729815001835537895-1735330887460881895?extParam=ivf%3Dtrue%26keyword%3Dsamsung+a07%26search_id%3D2026051013261194F6D7E04A4D452A9TDF%26src%3Dsearch&t_id=1778419236765&t_st=7&t_pp=search_result&t_efo=search_pure_goods_card&t_ef=goods_search&t_sm=&t_spt=search_result","sesuai pesanan semoga lancar jaya","sesuai pesanan semoga lancar jaya","Oxwalker","Indonesia","05-10-2026","12-01-2021","Pants","sesuai pesanan semoga lancar jaya","sesuai pesanan semoga lancar jaya","Unisex",,,"103314079955","Promo Samsung Galaxy A07 ( 4/64 4/128 6/128 8/256 ) Garansi Resmi Sein","Promo Samsung Galaxy A07 ( 4/64 4/128 6/128 8/256 ) Garansi Resmi Sein - A07 4/64 Black, No Bonus Cicil 0% 3x -  - Ini Toko Budi Shop | Tokopedia","Handphone","Android OS","5","537466120","Product Review","",,"Tokopedia","Oxwalker","Promo Samsung Galaxy A07 ( 4/64 4/128 6/128 8/256 ) Garansi Resmi Sein",,"2021-Q4"
"https://www.tokopedia.com/ini-toko-budi-shop/samsung-galaxy-a07-4-64-4-128-6-128-8-256-garansi-resmi-sein-1729815001835537895-1735330887460881895?extParam=ivf%3Dtrue%26keyword%3Dsamsung+a07%26search_id%3D2026051013261194F6D7E04A4D452A9TDF%26src%3Dsearch&t_id=1778419236765&t_st=7&t_pp=search_result&t_efo=search_pure_goods_card&t_ef=goods_search&t_sm=&t_spt=search_result","Barang original, segel bergaransi","Barang original, segel bergaransi","Oxwalker","Indonesia","05-10-2026","06-23-2024","Pants","Barang original, segel bergaransi","Barang original, segel bergaransi","Unisex",,,"103314079955","Promo Samsung Galaxy A07 ( 4/64 4/128 6/128 8/256 ) Garansi Resmi Sein","Promo Samsung Galaxy A07 ( 4/64 4/128 6/128 8/256 ) Garansi Resmi Sein - A07 4/64 Black, No Bonus Cicil 0% 3x -  - Ini Toko Budi Shop | Tokopedia","Handphone","Android OS","5","1056340979","Product Review","",,"Tokopedia","Oxwalker","Promo Samsung Galaxy A07 ( 4/64 4/128 6/128 8/256 ) Garansi Resmi Sein",,"2024-Q2"
"https://www.tokopedia.com/ini-toko-budi-shop/samsung-galaxy-a07-4-64-4-128-6-128-8-256-garansi-resmi-sein-1729815001835537895-1735330887460881895?extParam=ivf%3Dtrue%26keyword%3Dsamsung+a07%26search_id%3D2026051013261194F6D7E04A4D452A9TDF%26src%3Dsearch&t_id=1778419236765&t_st=7&t_pp=search_result&t_efo=search_pure_goods_card&t_ef=goods_search&t_sm=&t_spt=search_result","packing lama sama bubble wrap gak tebal rawan penyok waktu pengiriman,","packing lama sama bubble wrap gak tebal rawan penyok waktu pengiriman,","Oxwalker","Indonesia","05-10-2026","12-11-2025","Pants","packing lama sama bubble wrap gak tebal rawan penyok waktu pengiriman,","packing lama sama bubble wrap gak tebal rawan penyok waktu pengiriman,","Unisex",,,"103314079955","Promo Samsung Galaxy A07 ( 4/64 4/128 6/128 8/256 ) Garansi Resmi Sein","Promo Samsung Galaxy A07 ( 4/64 4/128 6/128 8/256 ) Garansi Resmi Sein - A07 4/64 Black, No Bonus Cicil 0% 3x -  - Ini Toko Budi Shop | Tokopedia","Handphone","Android OS","4","1808515206","Product Review","",,"Tokopedia","Oxwalker","Promo Samsung Galaxy A07 ( 4/64 4/128 6/128 8/256 ) Garansi Resmi Sein",,"2025-Q4"
"https://www.tokopedia.com/ini-toko-budi-shop/samsung-galaxy-a07-4-64-4-128-6-128-8-256-garansi-resmi-sein-1729815001835537895-1735330887460881895?extParam=ivf%3Dtrue%26keyword%3Dsamsung+a07%26search_id%3D2026051013261194F6D7E04A4D452A9TDF%26src%3Dsearch&t_id=1778419236765&t_st=7&t_pp=search_result&t_efo=search_pure_goods_card&t_ef=goods_search&t_sm=&t_spt=search_result","Produk sesuai, Recommended seller","Produk sesuai, Recommended seller","Oxwalker","Indonesia","05-10-2026","07-05-2024","Pants","Produk sesuai, Recommended seller","Produk sesuai, Recommended seller","Unisex",,,"103314079955","Promo Samsung Galaxy A07 ( 4/64 4/128 6/128 8/256 ) Garansi Resmi Sein","Promo Samsung Galaxy A07 ( 4/64 4/128 6/128 8/256 ) Garansi Resmi Sein - A07 4/64 Black, No Bonus Cicil 0% 3x -  - Ini Toko Budi Shop | Tokopedia","Handphone","Android OS","5","1061912449","Product Review","",,"Tokopedia","Oxwalker","Promo Samsung Galaxy A07 ( 4/64 4/128 6/128 8/256 ) Garansi Resmi Sein",,"2024-Q3"
"https://www.tokopedia.com/ini-toko-budi-shop/samsung-galaxy-a07-4-64-4-128-6-128-8-256-garansi-resmi-sein-1729815001835537895-1735330887460881895?extParam=ivf%3Dtrue%26keyword%3Dsamsung+a07%26search_id%3D2026051013261194F6D7E04A4D452A9TDF%26src%3Dsearch&t_id=1778419236765&t_st=7&t_pp=search_result&t_efo=search_pure_goods_card&t_ef=goods_search&t_sm=&t_spt=search_result","kiriman aman,walau agak lambat ,instan 3 jam tp sampe malam ,
tdk ada charger,mdh2an ori","kiriman aman,walau agak lambat ,instan 3 jam tp sampe malam ,
tdk ada charger,mdh2an ori","Oxwalker","Indonesia","05-10-2026","06-26-2025","Pants","kiriman aman,walau agak lambat ,instan 3 jam tp sampe malam ,
tdk ada charger,mdh2an ori","kiriman aman,walau agak lambat ,instan 3 jam tp sampe malam ,
tdk ada charger,mdh2an ori","Unisex",,,"103314079955","Promo Samsung Galaxy A07 ( 4/64 4/128 6/128 8/256 ) Garansi Resmi Sein","Promo Samsung Galaxy A07 ( 4/64 4/128 6/128 8/256 ) Garansi Resmi Sein - A07 4/64 Black, No Bonus Cicil 0% 3x -  - Ini Toko Budi Shop | Tokopedia","Handphone","Android OS","4","1541433501","Product Review","",,"Tokopedia","Oxwalker","Promo Samsung Galaxy A07 ( 4/64 4/128 6/128 8/256 ) Garansi Resmi Sein",,"2025-Q2"
"https://www.tokopedia.com/ini-toko-budi-shop/samsung-galaxy-a07-4-64-4-128-6-128-8-256-garansi-resmi-sein-1729815001835537895-1735330887460881895?extParam=ivf%3Dtrue%26keyword%3Dsamsung+a07%26search_id%3D2026051013261194F6D7E04A4D452A9TDF%26src%3Dsearch&t_id=1778419236765&t_st=7&t_pp=search_result&t_efo=search_pure_goods_card&t_ef=goods_search&t_sm=&t_spt=search_result","Produk sesuai pesanan terimakasih","Produk sesuai pesanan terimakasih","Oxwalker","Indonesia","05-10-2026","08-23-2025","Pants","Produk sesuai pesanan terimakasih","Produk sesuai pesanan terimakasih","Unisex",,,"103314079955","Promo Samsung Galaxy A07 ( 4/64 4/128 6/128 8/256 ) Garansi Resmi Sein","Promo Samsung Galaxy A07 ( 4/64 4/128 6/128 8/256 ) Garansi Resmi Sein - A07 4/64 Black, No Bonus Cicil 0% 3x -  - Ini Toko Budi Shop | Tokopedia","Handphone","Android OS","5","1643732434","Product Review","",,"Tokopedia","Oxwalker","Promo Samsung Galaxy A07 ( 4/64 4/128 6/128 8/256 ) Garansi Resmi Sein",,"2025-Q3"
"https://www.tokopedia.com/ini-toko-budi-shop/samsung-galaxy-a07-4-64-4-128-6-128-8-256-garansi-resmi-sein-1729815001835537895-1735330887460881895?extParam=ivf%3Dtrue%26keyword%3Dsamsung+a07%26search_id%3D2026051013261194F6D7E04A4D452A9TDF%26src%3Dsearch&t_id=1778419236765&t_st=7&t_pp=search_result&t_efo=search_pure_goods_card&t_ef=goods_search&t_sm=&t_spt=search_result","barang sudah sampai.. barang sesuai","barang sudah sampai.. barang sesuai","Oxwalker","Indonesia","05-10-2026","11-14-2025","Pants","barang sudah sampai.. barang sesuai","barang sudah sampai.. barang sesuai","Unisex",,,"103314079955","Promo Samsung Galaxy A07 ( 4/64 4/128 6/128 8/256 ) Garansi Resmi Sein","Promo Samsung Galaxy A07 ( 4/64 4/128 6/128 8/256 ) Garansi Resmi Sein - A07 4/64 Black, No Bonus Cicil 0% 3x -  - Ini Toko Budi Shop | Tokopedia","Handphone","Android OS","5","1767056231","Product Review","",,"Tokopedia","Oxwalker","Promo Samsung Galaxy A07 ( 4/64 4/128 6/128 8/256 ) Garansi Resmi Sein",,"2025-Q4"
"https://www.tokopedia.com/ini-toko-budi-shop/samsung-galaxy-a07-4-64-4-128-6-128-8-256-garansi-resmi-sein-1729815001835537895-1735330887460881895?extParam=ivf%3Dtrue%26keyword%3Dsamsung+a07%26search_id%3D2026051013261194F6D7E04A4D452A9TDF%26src%3Dsearch&t_id=1778419236765&t_st=7&t_pp=search_result&t_efo=search_pure_goods_card&t_ef=goods_search&t_sm=&t_spt=search_result","Barang dah sampai,,semoga awet","Barang dah sampai,,semoga awet","Oxwalker","Indonesia","05-10-2026","03-03-2025","Pants","Barang dah sampai,,semoga awet","Barang dah sampai,,semoga awet","Unisex",,,"103314079955","Promo Samsung Galaxy A07 ( 4/64 4/128 6/128 8/256 ) Garansi Resmi Sein","Promo Samsung Galaxy A07 ( 4/64 4/128 6/128 8/256 ) Garansi Resmi Sein - A07 4/64 Black, No Bonus Cicil 0% 3x -  - Ini Toko Budi Shop | Tokopedia","Handphone","Android OS","5","1293846995","Product Review","",,"Tokopedia","Oxwalker","Promo Samsung Galaxy A07 ( 4/64 4/128 6/128 8/256 ) Garansi Resmi Sein",,"2025-Q1"
"https://www.tokopedia.com/ini-toko-budi-shop/samsung-galaxy-a07-4-64-4-128-6-128-8-256-garansi-resmi-sein-1729815001835537895-1735330887460881895?extParam=ivf%3Dtrue%26keyword%3Dsamsung+a07%26search_id%3D2026051013261194F6D7E04A4D452A9TDF%26src%3Dsearch&t_id=1778419236765&t_st=7&t_pp=search_result&t_efo=search_pure_goods_card&t_ef=goods_search&t_sm=&t_spt=search_result","penjual yang jujur 😙😙😙","penjual yang jujur 😙😙😙","Oxwalker","Indonesia","05-10-2026","11-13-2025","Pants","penjual yang jujur 😙😙😙","penjual yang jujur 😙😙😙","Unisex",,,"103314079955","Promo Samsung Galaxy A07 ( 4/64 4/128 6/128 8/256 ) Garansi Resmi Sein","Promo Samsung Galaxy A07 ( 4/64 4/128 6/128 8/256 ) Garansi Resmi Sein - A07 4/64 Black, No Bonus Cicil 0% 3x -  - Ini Toko Budi Shop | Tokopedia","Handphone","Android OS","5","1765243741","Product Review","",,"Tokopedia","Oxwalker","Promo Samsung Galaxy A07 ( 4/64 4/128 6/128 8/256 ) Garansi Resmi Sein",,"2025-Q4"
"https://www.tokopedia.com/ini-toko-budi-shop/samsung-galaxy-a07-4-64-4-128-6-128-8-256-garansi-resmi-sein-1729815001835537895-1735330887460881895?extParam=ivf%3Dtrue%26keyword%3Dsamsung+a07%26search_id%3D2026051013261194F6D7E04A4D452A9TDF%26src%3Dsearch&t_id=1778419236765&t_st=7&t_pp=search_result&t_efo=search_pure_goods_card&t_ef=goods_search&t_sm=&t_spt=search_result","kondisi fisik dan fungsi hp baik","kondisi fisik dan fungsi hp baik","Oxwalker","Indonesia","05-10-2026","07-02-2024","Pants","kondisi fisik dan fungsi hp baik","kondisi fisik dan fungsi hp baik","Unisex",,,"103314079955","Promo Samsung Galaxy A07 ( 4/64 4/128 6/128 8/256 ) Garansi Resmi Sein","Promo Samsung Galaxy A07 ( 4/64 4/128 6/128 8/256 ) Garansi Resmi Sein - A07 4/64 Black, No Bonus Cicil 0% 3x -  - Ini Toko Budi Shop | Tokopedia","Handphone","Android OS","5","1060660655","Product Review","",,"Tokopedia","Oxwalker","Promo Samsung Galaxy A07 ( 4/64 4/128 6/128 8/256 ) Garansi Resmi Sein",,"2024-Q3"
"https://www.tokopedia.com/ini-toko-budi-shop/samsung-galaxy-a07-4-64-4-128-6-128-8-256-garansi-resmi-sein-1729815001835537895-1735330887460881895?extParam=ivf%3Dtrue%26keyword%3Dsamsung+a07%26search_id%3D2026051013261194F6D7E04A4D452A9TDF%26src%3Dsearch&t_id=1778419236765&t_st=7&t_pp=search_result&t_efo=search_pure_goods_card&t_ef=goods_search&t_sm=&t_spt=search_result","gaada Komplain apapun pokonya best","gaada Komplain apapun pokonya best","Oxwalker","Indonesia","05-10-2026","01-10-2026","Pants","gaada Komplain apapun pokonya best","gaada Komplain apapun pokonya best","Unisex",,,"103314079955","Promo Samsung Galaxy A07 ( 4/64 4/128 6/128 8/256 ) Garansi Resmi Sein","Promo Samsung Galaxy A07 ( 4/64 4/128 6/128 8/256 ) Garansi Resmi Sein - A07 4/64 Black, No Bonus Cicil 0% 3x -  - Ini Toko Budi Shop | Tokopedia","Handphone","Android OS","5","1860636233","Product Review","",,"Tokopedia","Oxwalker","Promo Samsung Galaxy A07 ( 4/64 4/128 6/128 8/256 ) Garansi Resmi Sein",,"2026-Q1"
"https://www.tokopedia.com/ini-toko-budi-shop/samsung-galaxy-a07-4-64-4-128-6-128-8-256-garansi-resmi-sein-1729815001835537895-1735330887460881895?extParam=ivf%3Dtrue%26keyword%3Dsamsung+a07%26search_id%3D2026051013261194F6D7E04A4D452A9TDF%26src%3Dsearch&t_id=1778419236765&t_st=7&t_pp=search_result&t_efo=search_pure_goods_card&t_ef=goods_search&t_sm=&t_spt=search_result","dus penyok paking sobek segel jg sobek","dus penyok paking sobek segel jg sobek","Oxwalker","Indonesia","05-10-2026","04-03-2022","Pants","dus penyok paking sobek segel jg sobek","dus penyok paking sobek segel jg sobek","Unisex",,,"103314079955","Promo Samsung Galaxy A07 ( 4/64 4/128 6/128 8/256 ) Garansi Resmi Sein","Promo Samsung Galaxy A07 ( 4/64 4/128 6/128 8/256 ) Garansi Resmi Sein - A07 4/64 Black, No Bonus Cicil 0% 3x -  - Ini Toko Budi Shop | Tokopedia","Handphone","Android OS","2","638796370","Product Review","",,"Tokopedia","Oxwalker","Promo Samsung Galaxy A07 ( 4/64 4/128 6/128 8/256 ) Garansi Resmi Sein",,"2022-Q2"
"https://www.tokopedia.com/ini-toko-budi-shop/samsung-galaxy-a07-4-64-4-128-6-128-8-256-garansi-resmi-sein-1729815001835537895-1735330887460881895?extParam=ivf%3Dtrue%26keyword%3Dsamsung+a07%26search_id%3D2026051013261194F6D7E04A4D452A9TDF%26src%3Dsearch&t_id=1778419236765&t_st=7&t_pp=search_result&t_efo=search_pure_goods_card&t_ef=goods_search&t_sm=&t_spt=search_result","Sesuai deskripsi so far so good","Sesuai deskripsi so far so good","Oxwalker","Indonesia","05-10-2026","10-30-2021","Pants","Sesuai deskripsi so far so good","Sesuai deskripsi so far so good","Unisex",,,"103314079955","Promo Samsung Galaxy A07 ( 4/64 4/128 6/128 8/256 ) Garansi Resmi Sein","Promo Samsung Galaxy A07 ( 4/64 4/128 6/128 8/256 ) Garansi Resmi Sein - A07 4/64 Black, No Bonus Cicil 0% 3x -  - Ini Toko Budi Shop | Tokopedia","Handphone","Android OS","5","511245757","Product Review","",,"Tokopedia","Oxwalker","Promo Samsung Galaxy A07 ( 4/64 4/128 6/128 8/256 ) Garansi Resmi Sein",,"2021-Q4"
"https://www.tokopedia.com/ini-toko-budi-shop/samsung-galaxy-a07-4-64-4-128-6-128-8-256-garansi-resmi-sein-1729815001835537895-1735330887460881895?extParam=ivf%3Dtrue%26keyword%3Dsamsung+a07%26search_id%3D2026051013261194F6D7E04A4D452A9TDF%26src%3Dsearch&t_id=1778419236765&t_st=7&t_pp=search_result&t_efo=search_pure_goods_card&t_ef=goods_search&t_sm=&t_spt=search_result","Barangnya bagus garansi resmi tq","Barangnya bagus garansi resmi tq","Oxwalker","Indonesia","05-10-2026","07-16-2024","Pants","Barangnya bagus garansi resmi tq","Barangnya bagus garansi resmi tq","Unisex",,,"103314079955","Promo Samsung Galaxy A07 ( 4/64 4/128 6/128 8/256 ) Garansi Resmi Sein","Promo Samsung Galaxy A07 ( 4/64 4/128 6/128 8/256 ) Garansi Resmi Sein - A07 4/64 Black, No Bonus Cicil 0% 3x -  - Ini Toko Budi Shop | Tokopedia","Handphone","Android OS","5","1066677972","Product Review","",,"Tokopedia","Oxwalker","Promo Samsung Galaxy A07 ( 4/64 4/128 6/128 8/256 ) Garansi Resmi Sein",,"2024-Q3"
"https://www.tokopedia.com/ini-toko-budi-shop/samsung-galaxy-a07-4-64-4-128-6-128-8-256-garansi-resmi-sein-1729815001835537895-1735330887460881895?extParam=ivf%3Dtrue%26keyword%3Dsamsung+a07%26search_id%3D2026051013261194F6D7E04A4D452A9TDF%26src%3Dsearch&t_id=1778419236765&t_st=7&t_pp=search_result&t_efo=search_pure_goods_card&t_ef=goods_search&t_sm=&t_spt=search_result","Mksh tokony amanah. Hp nya bagus","Mksh tokony amanah. Hp nya bagus","Oxwalker","Indonesia","05-10-2026","02-11-2026","Pants","Mksh tokony amanah. Hp nya bagus","Mksh tokony amanah. Hp nya bagus","Unisex",,,"103314079955","Promo Samsung Galaxy A07 ( 4/64 4/128 6/128 8/256 ) Garansi Resmi Sein","Promo Samsung Galaxy A07 ( 4/64 4/128 6/128 8/256 ) Garansi Resmi Sein - A07 4/64 Black, No Bonus Cicil 0% 3x -  - Ini Toko Budi Shop | Tokopedia","Handphone","Android OS","5","1918189973","Product Review","",,"Tokopedia","Oxwalker","Promo Samsung Galaxy A07 ( 4/64 4/128 6/128 8/256 ) Garansi Resmi Sein",,"2026-Q1"
"https://www.tokopedia.com/ini-toko-budi-shop/samsung-galaxy-a07-4-64-4-128-6-128-8-256-garansi-resmi-sein-1729815001835537895-1735330887460881895?extParam=ivf%3Dtrue%26keyword%3Dsamsung+a07%26search_id%3D2026051013261194F6D7E04A4D452A9TDF%26src%3Dsearch&t_id=1778419236765&t_st=7&t_pp=search_result&t_efo=search_pure_goods_card&t_ef=goods_search&t_sm=&t_spt=search_result","Baru tau kalau ini repack, tp masih worth it dengan harga yang lebih terjangkau, semoga awet gak ada kendala kedepannya","Baru tau kalau ini repack, tp masih worth it dengan harga yang lebih terjangkau, semoga awet gak ada kendala kedepannya","Oxwalker","Indonesia","05-10-2026","11-10-2025","Pants","Baru tau kalau ini repack, tp masih worth it dengan harga yang lebih terjangkau, semoga awet gak ada kendala kedepannya","Baru tau kalau ini repack, tp masih worth it dengan harga yang lebih terjangkau, semoga awet gak ada kendala kedepannya","Unisex",,,"103314079955","Promo Samsung Galaxy A07 ( 4/64 4/128 6/128 8/256 ) Garansi Resmi Sein","Promo Samsung Galaxy A07 ( 4/64 4/128 6/128 8/256 ) Garansi Resmi Sein - A07 4/64 Black, No Bonus Cicil 0% 3x -  - Ini Toko Budi Shop | Tokopedia","Handphone","Android OS","4","1759134751","Product Review","",,"Tokopedia","Oxwalker","Promo Samsung Galaxy A07 ( 4/64 4/128 6/128 8/256 ) Garansi Resmi Sein",,"2025-Q4"
"https://www.tokopedia.com/ini-toko-budi-shop/samsung-galaxy-a07-4-64-4-128-6-128-8-256-garansi-resmi-sein-1729815001835537895-1735330887460881895?extParam=ivf%3Dtrue%26keyword%3Dsamsung+a07%26search_id%3D2026051013261194F6D7E04A4D452A9TDF%26src%3Dsearch&t_id=1778419236765&t_st=7&t_pp=search_result&t_efo=search_pure_goods_card&t_ef=goods_search&t_sm=&t_spt=search_result","Alhamdulillah barang sampai dgn selamat. Tapi pas datang dusnya penyok dan casnya juga kebuka dikit. Saran lain kali packing nya lebih diperhatikan","Alhamdulillah barang sampai dgn selamat. Tapi pas datang dusnya penyok dan casnya juga kebuka dikit. Saran lain kali packing nya lebih diperhatikan","Oxwalker","Indonesia","05-10-2026","11-02-2025","Pants","Alhamdulillah barang sampai dgn selamat. Tapi pas datang dusnya penyok dan casnya juga kebuka dikit. Saran lain kali packing nya lebih diperhatikan","Alhamdulillah barang sampai dgn selamat. Tapi pas datang dusnya penyok dan casnya juga kebuka dikit. Saran lain kali packing nya lebih diperhatikan","Unisex",,,"103314079955","Promo Samsung Galaxy A07 ( 4/64 4/128 6/128 8/256 ) Garansi Resmi Sein","Promo Samsung Galaxy A07 ( 4/64 4/128 6/128 8/256 ) Garansi Resmi Sein - A07 4/64 Black, No Bonus Cicil 0% 3x -  - Ini Toko Budi Shop | Tokopedia","Handphone","Android OS","4","1746769561","Product Review","",,"Tokopedia","Oxwalker","Promo Samsung Galaxy A07 ( 4/64 4/128 6/128 8/256 ) Garansi Resmi Sein",,"2025-Q4"
"https://www.tokopedia.com/ini-toko-budi-shop/samsung-galaxy-a07-4-64-4-128-6-128-8-256-garansi-resmi-sein-1729815001835537895-1735330887460881895?extParam=ivf%3Dtrue%26keyword%3Dsamsung+a07%26search_id%3D2026051013261194F6D7E04A4D452A9TDF%26src%3Dsearch&t_id=1778419236765&t_st=7&t_pp=search_result&t_efo=search_pure_goods_card&t_ef=goods_search&t_sm=&t_spt=search_result","Pengiriman cepat, penjual ramah","Pengiriman cepat, penjual ramah","Oxwalker","Indonesia","05-10-2026","07-24-2024","Pants","Pengiriman cepat, penjual ramah","Pengiriman cepat, penjual ramah","Unisex",,,"103314079955","Promo Samsung Galaxy A07 ( 4/64 4/128 6/128 8/256 ) Garansi Resmi Sein","Promo Samsung Galaxy A07 ( 4/64 4/128 6/128 8/256 ) Garansi Resmi Sein - A07 4/64 Black, No Bonus Cicil 0% 3x -  - Ini Toko Budi Shop | Tokopedia","Handphone","Android OS","5","1069669632","Product Review","",,"Tokopedia","Oxwalker","Promo Samsung Galaxy A07 ( 4/64 4/128 6/128 8/256 ) Garansi Resmi Sein",,"2024-Q3"
"https://www.tokopedia.com/ini-toko-budi-shop/samsung-galaxy-a07-4-64-4-128-6-128-8-256-garansi-resmi-sein-1729815001835537895-1735330887460881895?extParam=ivf%3Dtrue%26keyword%3Dsamsung+a07%26search_id%3D2026051013261194F6D7E04A4D452A9TDF%26src%3Dsearch&t_id=1778419236765&t_st=7&t_pp=search_result&t_efo=search_pure_goods_card&t_ef=goods_search&t_sm=&t_spt=search_result","fast process. hp berfungsi baik","fast process. hp berfungsi baik","Oxwalker","Indonesia","05-10-2026","06-12-2024","Pants","fast process. hp berfungsi baik","fast process. hp berfungsi baik","Unisex",,,"103314079955","Promo Samsung Galaxy A07 ( 4/64 4/128 6/128 8/256 ) Garansi Resmi Sein","Promo Samsung Galaxy A07 ( 4/64 4/128 6/128 8/256 ) Garansi Resmi Sein - A07 4/64 Black, No Bonus Cicil 0% 3x -  - Ini Toko Budi Shop | Tokopedia","Handphone","Android OS","5","1052139738","Product Review","",,"Tokopedia","Oxwalker","Promo Samsung Galaxy A07 ( 4/64 4/128 6/128 8/256 ) Garansi Resmi Sein",,"2024-Q2"
"https://www.tokopedia.com/ini-toko-budi-shop/samsung-galaxy-a07-4-64-4-128-6-128-8-256-garansi-resmi-sein-1729815001835537895-1735330887460881895?extParam=ivf%3Dtrue%26keyword%3Dsamsung+a07%26search_id%3D2026051013261194F6D7E04A4D452A9TDF%26src%3Dsearch&t_id=1778419236765&t_st=7&t_pp=search_result&t_efo=search_pure_goods_card&t_ef=goods_search&t_sm=&t_spt=search_result","Good
Kualitas pengerjaan: Bagus","Good
Kualitas pengerjaan: Bagus","Oxwalker","Indonesia","05-10-2026","10-11-2025","Pants","Good
Kualitas pengerjaan: Bagus","Good
Kualitas pengerjaan: Bagus","Unisex",,,"103314079955","Promo Samsung Galaxy A07 ( 4/64 4/128 6/128 8/256 ) Garansi Resmi Sein","Promo Samsung Galaxy A07 ( 4/64 4/128 6/128 8/256 ) Garansi Resmi Sein - A07 4/64 Black, No Bonus Cicil 0% 3x -  - Ini Toko Budi Shop | Tokopedia","Handphone","Android OS","5","1715873157","Product Review","",,"Tokopedia","Oxwalker","Promo Samsung Galaxy A07 ( 4/64 4/128 6/128 8/256 ) Garansi Resmi Sein",,"2025-Q4"
"https://www.tokopedia.com/ini-toko-budi-shop/samsung-galaxy-a07-4-64-4-128-6-128-8-256-garansi-resmi-sein-1729815001835537895-1735330887460881895?extParam=ivf%3Dtrue%26keyword%3Dsamsung+a07%26search_id%3D2026051013261194F6D7E04A4D452A9TDF%26src%3Dsearch&t_id=1778419236765&t_st=7&t_pp=search_result&t_efo=search_pure_goods_card&t_ef=goods_search&t_sm=&t_spt=search_result","Respon penjual cepat barang oke","Respon penjual cepat barang oke","Oxwalker","Indonesia","05-10-2026","07-30-2024","Pants","Respon penjual cepat barang oke","Respon penjual cepat barang oke","Unisex",,,"103314079955","Promo Samsung Galaxy A07 ( 4/64 4/128 6/128 8/256 ) Garansi Resmi Sein","Promo Samsung Galaxy A07 ( 4/64 4/128 6/128 8/256 ) Garansi Resmi Sein - A07 4/64 Black, No Bonus Cicil 0% 3x -  - Ini Toko Budi Shop | Tokopedia","Handphone","Android OS","5","1072256410","Product Review","",,"Tokopedia","Oxwalker","Promo Samsung Galaxy A07 ( 4/64 4/128 6/128 8/256 ) Garansi Resmi Sein",,"2024-Q3"
"https://www.tokopedia.com/ini-toko-budi-shop/samsung-galaxy-a07-4-64-4-128-6-128-8-256-garansi-resmi-sein-1729815001835537895-1735330887460881895?extParam=ivf%3Dtrue%26keyword%3Dsamsung+a07%26search_id%3D2026051013261194F6D7E04A4D452A9TDF%26src%3Dsearch&t_id=1778419236765&t_st=7&t_pp=search_result&t_efo=search_pure_goods_card&t_ef=goods_search&t_sm=&t_spt=search_result","Barang ori dan rapih packingnya","Barang ori dan rapih packingnya","Oxwalker","Indonesia","05-10-2026","07-21-2024","Pants","Barang ori dan rapih packingnya","Barang ori dan rapih packingnya","Unisex",,,"103314079955","Promo Samsung Galaxy A07 ( 4/64 4/128 6/128 8/256 ) Garansi Resmi Sein","Promo Samsung Galaxy A07 ( 4/64 4/128 6/128 8/256 ) Garansi Resmi Sein - A07 4/64 Black, No Bonus Cicil 0% 3x -  - Ini Toko Budi Shop | Tokopedia","Handphone","Android OS","5","1068665645","Product Review","",,"Tokopedia","Oxwalker","Promo Samsung Galaxy A07 ( 4/64 4/128 6/128 8/256 ) Garansi Resmi Sein",,"2024-Q3"
"https://www.tokopedia.com/ini-toko-budi-shop/samsung-galaxy-a07-4-64-4-128-6-128-8-256-garansi-resmi-sein-1729815001835537895-1735330887460881895?extParam=ivf%3Dtrue%26keyword%3Dsamsung+a07%26search_id%3D2026051013261194F6D7E04A4D452A9TDF%26src%3Dsearch&t_id=1778419236765&t_st=7&t_pp=search_result&t_efo=search_pure_goods_card&t_ef=goods_search&t_sm=&t_spt=search_result","Barang segel &amp; packing aman","Barang segel &amp; packing aman","Oxwalker","Indonesia","05-10-2026","07-20-2024","Pants","Barang segel &amp; packing aman","Barang segel &amp; packing aman","Unisex",,,"103314079955","Promo Samsung Galaxy A07 ( 4/64 4/128 6/128 8/256 ) Garansi Resmi Sein","Promo Samsung Galaxy A07 ( 4/64 4/128 6/128 8/256 ) Garansi Resmi Sein - A07 4/64 Black, No Bonus Cicil 0% 3x -  - Ini Toko Budi Shop | Tokopedia","Handphone","Android OS","5","1068305410","Product Review","",,"Tokopedia","Oxwalker","Promo Samsung Galaxy A07 ( 4/64 4/128 6/128 8/256 ) Garansi Resmi Sein",,"2024-Q3"
"https://www.tokopedia.com/ini-toko-budi-shop/samsung-galaxy-a07-4-64-4-128-6-128-8-256-garansi-resmi-sein-1729815001835537895-1735330887460881895?extParam=ivf%3Dtrue%26keyword%3Dsamsung+a07%26search_id%3D2026051013261194F6D7E04A4D452A9TDF%26src%3Dsearch&t_id=1778419236765&t_st=7&t_pp=search_result&t_efo=search_pure_goods_card&t_ef=goods_search&t_sm=&t_spt=search_result","mantap, pengiriman barang cepat","mantap, pengiriman barang cepat","Oxwalker","Indonesia","05-10-2026","06-24-2024","Pants","mantap, pengiriman barang cepat","mantap, pengiriman barang cepat","Unisex",,,"103314079955","Promo Samsung Galaxy A07 ( 4/64 4/128 6/128 8/256 ) Garansi Resmi Sein","Promo Samsung Galaxy A07 ( 4/64 4/128 6/128 8/256 ) Garansi Resmi Sein - A07 4/64 Black, No Bonus Cicil 0% 3x -  - Ini Toko Budi Shop | Tokopedia","Handphone","Android OS","5","1056862276","Product Review","",,"Tokopedia","Oxwalker","Promo Samsung Galaxy A07 ( 4/64 4/128 6/128 8/256 ) Garansi Resmi Sein",,"2024-Q2"
"https://www.tokopedia.com/ini-toko-budi-shop/samsung-galaxy-a07-4-64-4-128-6-128-8-256-garansi-resmi-sein-1729815001835537895-1735330887460881895?extParam=ivf%3Dtrue%26keyword%3Dsamsung+a07%26search_id%3D2026051013261194F6D7E04A4D452A9TDF%26src%3Dsearch&t_id=1778419236765&t_st=7&t_pp=search_result&t_efo=search_pure_goods_card&t_ef=goods_search&t_sm=&t_spt=search_result","mantappp murah tapi berkualitas","mantappp murah tapi berkualitas","Oxwalker","Indonesia","05-10-2026","06-07-2025","Pants","mantappp murah tapi berkualitas","mantappp murah tapi berkualitas","Unisex",,,"103314079955","Promo Samsung Galaxy A07 ( 4/64 4/128 6/128 8/256 ) Garansi Resmi Sein","Promo Samsung Galaxy A07 ( 4/64 4/128 6/128 8/256 ) Garansi Resmi Sein - A07 4/64 Black, No Bonus Cicil 0% 3x -  - Ini Toko Budi Shop | Tokopedia","Handphone","Android OS","5","1508232910","Product Review","",,"Tokopedia","Oxwalker","Promo Samsung Galaxy A07 ( 4/64 4/128 6/128 8/256 ) Garansi Resmi Sein",,"2025-Q2"
"https://www.tokopedia.com/ini-toko-budi-shop/samsung-galaxy-a07-4-64-4-128-6-128-8-256-garansi-resmi-sein-1729815001835537895-1735330887460881895?extParam=ivf%3Dtrue%26keyword%3Dsamsung+a07%26search_id%3D2026051013261194F6D7E04A4D452A9TDF%26src%3Dsearch&t_id=1778419236765&t_st=7&t_pp=search_result&t_efo=search_pure_goods_card&t_ef=goods_search&t_sm=&t_spt=search_result","Barang sudah sampai dan sesuai.","Barang sudah sampai dan sesuai.","Oxwalker","Indonesia","05-10-2026","10-09-2025","Pants","Barang sudah sampai dan sesuai.","Barang sudah sampai dan sesuai.","Unisex",,,"103314079955","Promo Samsung Galaxy A07 ( 4/64 4/128 6/128 8/256 ) Garansi Resmi Sein","Promo Samsung Galaxy A07 ( 4/64 4/128 6/128 8/256 ) Garansi Resmi Sein - A07 4/64 Black, No Bonus Cicil 0% 3x -  - Ini Toko Budi Shop | Tokopedia","Handphone","Android OS","5","1713161622","Product Review","",,"Tokopedia","Oxwalker","Promo Samsung Galaxy A07 ( 4/64 4/128 6/128 8/256 ) Garansi Resmi Sein",,"2025-Q4"
"https://www.tokopedia.com/ini-toko-budi-shop/samsung-galaxy-a07-4-64-4-128-6-128-8-256-garansi-resmi-sein-1729815001835537895-1735330887460881895?extParam=ivf%3Dtrue%26keyword%3Dsamsung+a07%26search_id%3D2026051013261194F6D7E04A4D452A9TDF%26src%3Dsearch&t_id=1778419236765&t_st=7&t_pp=search_result&t_efo=search_pure_goods_card&t_ef=goods_search&t_sm=&t_spt=search_result","proses cepat, seller fast respons","proses cepat, seller fast respons","Oxwalker","Indonesia","05-10-2026","02-07-2026","Pants","proses cepat, seller fast respons","proses cepat, seller fast respons","Unisex",,,"103314079955","Promo Samsung Galaxy A07 ( 4/64 4/128 6/128 8/256 ) Garansi Resmi Sein","Promo Samsung Galaxy A07 ( 4/64 4/128 6/128 8/256 ) Garansi Resmi Sein - A07 4/64 Black, No Bonus Cicil 0% 3x -  - Ini Toko Budi Shop | Tokopedia","Handphone","Android OS","5","1910752130","Product Review","",,"Tokopedia","Oxwalker","Promo Samsung Galaxy A07 ( 4/64 4/128 6/128 8/256 ) Garansi Resmi Sein",,"2026-Q1"
"https://www.tokopedia.com/ini-toko-budi-shop/samsung-galaxy-a07-4-64-4-128-6-128-8-256-garansi-resmi-sein-1729815001835537895-1735330887460881895?extParam=ivf%3Dtrue%26keyword%3Dsamsung+a07%26search_id%3D2026051013261194F6D7E04A4D452A9TDF%26src%3Dsearch&t_id=1778419236765&t_st=7&t_pp=search_result&t_efo=search_pure_goods_card&t_ef=goods_search&t_sm=&t_spt=search_result","Bagus kualitasnya sesuai harga","Bagus kualitasnya sesuai harga","Oxwalker","Indonesia","05-10-2026","01-14-2026","Pants","Bagus kualitasnya sesuai harga","Bagus kualitasnya sesuai harga","Unisex",,,"103314079955","Promo Samsung Galaxy A07 ( 4/64 4/128 6/128 8/256 ) Garansi Resmi Sein","Promo Samsung Galaxy A07 ( 4/64 4/128 6/128 8/256 ) Garansi Resmi Sein - A07 4/64 Black, No Bonus Cicil 0% 3x -  - Ini Toko Budi Shop | Tokopedia","Handphone","Android OS","5","1868337373","Product Review","",,"Tokopedia","Oxwalker","Promo Samsung Galaxy A07 ( 4/64 4/128 6/128 8/256 ) Garansi Resmi Sein",,"2026-Q1"
"https://www.tokopedia.com/ini-toko-budi-shop/samsung-galaxy-a07-4-64-4-128-6-128-8-256-garansi-resmi-sein-1729815001835537895-1735330887460881895?extParam=ivf%3Dtrue%26keyword%3Dsamsung+a07%26search_id%3D2026051013261194F6D7E04A4D452A9TDF%26src%3Dsearch&t_id=1778419236765&t_st=7&t_pp=search_result&t_efo=search_pure_goods_card&t_ef=goods_search&t_sm=&t_spt=search_result","Fast Response and Good Quality","Fast Response and Good Quality","Oxwalker","Indonesia","05-10-2026","07-10-2024","Pants","Fast Response and Good Quality","Fast Response and Good Quality","Unisex",,,"103314079955","Promo Samsung Galaxy A07 ( 4/64 4/128 6/128 8/256 ) Garansi Resmi Sein","Promo Samsung Galaxy A07 ( 4/64 4/128 6/128 8/256 ) Garansi Resmi Sein - A07 4/64 Black, No Bonus Cicil 0% 3x -  - Ini Toko Budi Shop | Tokopedia","Handphone","Android OS","5","1064091028","Product Review","",,"Tokopedia","Oxwalker","Promo Samsung Galaxy A07 ( 4/64 4/128 6/128 8/256 ) Garansi Resmi Sein",,"2024-Q3"
"https://www.tokopedia.com/ini-toko-budi-shop/samsung-galaxy-a07-4-64-4-128-6-128-8-256-garansi-resmi-sein-1729815001835537895-1735330887460881895?extParam=ivf%3Dtrue%26keyword%3Dsamsung+a07%26search_id%3D2026051013261194F6D7E04A4D452A9TDF%26src%3Dsearch&t_id=1778419236765&t_st=7&t_pp=search_result&t_efo=search_pure_goods_card&t_ef=goods_search&t_sm=&t_spt=search_result","barang original sesuai pesanan","barang original sesuai pesanan","Oxwalker","Indonesia","05-10-2026","05-09-2025","Pants","barang original sesuai pesanan","barang original sesuai pesanan","Unisex",,,"103314079955","Promo Samsung Galaxy A07 ( 4/64 4/128 6/128 8/256 ) Garansi Resmi Sein","Promo Samsung Galaxy A07 ( 4/64 4/128 6/128 8/256 ) Garansi Resmi Sein - A07 4/64 Black, No Bonus Cicil 0% 3x -  - Ini Toko Budi Shop | Tokopedia","Handphone","Android OS","5","1444245654","Product Review","",,"Tokopedia","Oxwalker","Promo Samsung Galaxy A07 ( 4/64 4/128 6/128 8/256 ) Garansi Resmi Sein",,"2025-Q2"
"https://www.tokopedia.com/ini-toko-budi-shop/samsung-galaxy-a07-4-64-4-128-6-128-8-256-garansi-resmi-sein-1729815001835537895-1735330887460881895?extParam=ivf%3Dtrue%26keyword%3Dsamsung+a07%26search_id%3D2026051013261194F6D7E04A4D452A9TDF%26src%3Dsearch&t_id=1778419236765&t_st=7&t_pp=search_result&t_efo=search_pure_goods_card&t_ef=goods_search&t_sm=&t_spt=search_result","barang sesuai dengan diskripsi","barang sesuai dengan diskripsi","Oxwalker","Indonesia","05-10-2026","04-13-2026","Pants","barang sesuai dengan diskripsi","barang sesuai dengan diskripsi","Unisex",,,"103314079955","Promo Samsung Galaxy A07 ( 4/64 4/128 6/128 8/256 ) Garansi Resmi Sein","Promo Samsung Galaxy A07 ( 4/64 4/128 6/128 8/256 ) Garansi Resmi Sein - A07 4/64 Black, No Bonus Cicil 0% 3x -  - Ini Toko Budi Shop | Tokopedia","Handphone","Android OS","5","2043258780","Product Review","",,"Tokopedia","Oxwalker","Promo Samsung Galaxy A07 ( 4/64 4/128 6/128 8/256 ) Garansi Resmi Sein",,"2026-Q2"
"https://www.tokopedia.com/ini-toko-budi-shop/samsung-galaxy-a07-4-64-4-128-6-128-8-256-garansi-resmi-sein-1729815001835537895-1735330887460881895?extParam=ivf%3Dtrue%26keyword%3Dsamsung+a07%26search_id%3D2026051013261194F6D7E04A4D452A9TDF%26src%3Dsearch&t_id=1778419236765&t_st=7&t_pp=search_result&t_efo=search_pure_goods_card&t_ef=goods_search&t_sm=&t_spt=search_result","Ok bagus mantep sip sipnsip sp","Ok bagus mantep sip sipnsip sp","Oxwalker","Indonesia","05-10-2026","10-28-2024","Pants","Ok bagus mantep sip sipnsip sp","Ok bagus mantep sip sipnsip sp","Unisex",,,"103314079955","Promo Samsung Galaxy A07 ( 4/64 4/128 6/128 8/256 ) Garansi Resmi Sein","Promo Samsung Galaxy A07 ( 4/64 4/128 6/128 8/256 ) Garansi Resmi Sein - A07 4/64 Black, No Bonus Cicil 0% 3x -  - Ini Toko Budi Shop | Tokopedia","Handphone","Android OS","5","1146451317","Product Review","",,"Tokopedia","Oxwalker","Promo Samsung Galaxy A07 ( 4/64 4/128 6/128 8/256 ) Garansi Resmi Sein",,"2024-Q4"
"https://www.tokopedia.com/ini-toko-budi-shop/samsung-galaxy-a07-4-64-4-128-6-128-8-256-garansi-resmi-sein-1729815001835537895-1735330887460881895?extParam=ivf%3Dtrue%26keyword%3Dsamsung+a07%26search_id%3D2026051013261194F6D7E04A4D452A9TDF%26src%3Dsearch&t_id=1778419236765&t_st=7&t_pp=search_result&t_efo=search_pure_goods_card&t_ef=goods_search&t_sm=&t_spt=search_result","Semoga ori ia . Dan tahan lama","Semoga ori ia . Dan tahan lama","Oxwalker","Indonesia","05-10-2026","09-19-2025","Pants","Semoga ori ia . Dan tahan lama","Semoga ori ia . Dan tahan lama","Unisex",,,"103314079955","Promo Samsung Galaxy A07 ( 4/64 4/128 6/128 8/256 ) Garansi Resmi Sein","Promo Samsung Galaxy A07 ( 4/64 4/128 6/128 8/256 ) Garansi Resmi Sein - A07 4/64 Black, No Bonus Cicil 0% 3x -  - Ini Toko Budi Shop | Tokopedia","Handphone","Android OS","5","1684624062","Product Review","",,"Tokopedia","Oxwalker","Promo Samsung Galaxy A07 ( 4/64 4/128 6/128 8/256 ) Garansi Resmi Sein",,"2025-Q3"
"https://www.tokopedia.com/ini-toko-budi-shop/samsung-galaxy-a07-4-64-4-128-6-128-8-256-garansi-resmi-sein-1729815001835537895-1735330887460881895?extParam=ivf%3Dtrue%26keyword%3Dsamsung+a07%26search_id%3D2026051013261194F6D7E04A4D452A9TDF%26src%3Dsearch&t_id=1778419236765&t_st=7&t_pp=search_result&t_efo=search_pure_goods_card&t_ef=goods_search&t_sm=&t_spt=search_result","Barang original sesuai pesanan","Barang original sesuai pesanan","Oxwalker","Indonesia","05-10-2026","11-04-2025","Pants","Barang original sesuai pesanan","Barang original sesuai pesanan","Unisex",,,"103314079955","Promo Samsung Galaxy A07 ( 4/64 4/128 6/128 8/256 ) Garansi Resmi Sein","Promo Samsung Galaxy A07 ( 4/64 4/128 6/128 8/256 ) Garansi Resmi Sein - A07 4/64 Black, No Bonus Cicil 0% 3x -  - Ini Toko Budi Shop | Tokopedia","Handphone","Android OS","5","1750284346","Product Review","",,"Tokopedia","Oxwalker","Promo Samsung Galaxy A07 ( 4/64 4/128 6/128 8/256 ) Garansi Resmi Sein",,"2025-Q4"
"https://www.tokopedia.com/ini-toko-budi-shop/samsung-galaxy-a07-4-64-4-128-6-128-8-256-garansi-resmi-sein-1729815001835537895-1735330887460881895?extParam=ivf%3Dtrue%26keyword%3Dsamsung+a07%26search_id%3D2026051013261194F6D7E04A4D452A9TDF%26src%3Dsearch&t_id=1778419236765&t_st=7&t_pp=search_result&t_efo=search_pure_goods_card&t_ef=goods_search&t_sm=&t_spt=search_result","barang original, masih segel, harga terjangkau, pengiriman tepat waktu sesuai estimasi, mantap","barang original, masih segel, harga terjangkau, pengiriman tepat waktu sesuai estimasi, mantap","Oxwalker","Indonesia","05-10-2026","09-11-2025","Pants","barang original, masih segel, harga terjangkau, pengiriman tepat waktu sesuai estimasi, mantap","barang original, masih segel, harga terjangkau, pengiriman tepat waktu sesuai estimasi, mantap","Unisex",,,"103314079955","Promo Samsung Galaxy A07 ( 4/64 4/128 6/128 8/256 ) Garansi Resmi Sein","Promo Samsung Galaxy A07 ( 4/64 4/128 6/128 8/256 ) Garansi Resmi Sein - A07 4/64 Black, No Bonus Cicil 0% 3x -  - Ini Toko Budi Shop | Tokopedia","Handphone","Android OS","4","1671901759","Product Review","",,"Tokopedia","Oxwalker","Promo Samsung Galaxy A07 ( 4/64 4/128 6/128 8/256 ) Garansi Resmi Sein",,"2025-Q3"
"https://www.tokopedia.com/ini-toko-budi-shop/samsung-galaxy-a07-4-64-4-128-6-128-8-256-garansi-resmi-sein-1729815001835537895-1735330887460881895?extParam=ivf%3Dtrue%26keyword%3Dsamsung+a07%26search_id%3D2026051013261194F6D7E04A4D452A9TDF%26src%3Dsearch&t_id=1778419236765&t_st=7&t_pp=search_result&t_efo=search_pure_goods_card&t_ef=goods_search&t_sm=&t_spt=search_result","Kualitas pengerjaan: Baik sekali","Kualitas pengerjaan: Baik sekali","Oxwalker","Indonesia","05-10-2026","04-25-2026","Pants","Kualitas pengerjaan: Baik sekali","Kualitas pengerjaan: Baik sekali","Unisex",,,"103314079955","Promo Samsung Galaxy A07 ( 4/64 4/128 6/128 8/256 ) Garansi Resmi Sein","Promo Samsung Galaxy A07 ( 4/64 4/128 6/128 8/256 ) Garansi Resmi Sein - A07 4/64 Black, No Bonus Cicil 0% 3x -  - Ini Toko Budi Shop | Tokopedia","Handphone","Android OS","5","2064873902","Product Review","",,"Tokopedia","Oxwalker","Promo Samsung Galaxy A07 ( 4/64 4/128 6/128 8/256 ) Garansi Resmi Sein",,"2026-Q2"
"https://www.tokopedia.com/ini-toko-budi-shop/samsung-galaxy-a07-4-64-4-128-6-128-8-256-garansi-resmi-sein-1729815001835537895-1735330887460881895?extParam=ivf%3Dtrue%26keyword%3Dsamsung+a07%26search_id%3D2026051013261194F6D7E04A4D452A9TDF%26src%3Dsearch&t_id=1778419236765&t_st=7&t_pp=search_result&t_efo=search_pure_goods_card&t_ef=goods_search&t_sm=&t_spt=search_result","Layanan ramah, barang sesuai.","Layanan ramah, barang sesuai.","Oxwalker","Indonesia","05-10-2026","07-04-2024","Pants","Layanan ramah, barang sesuai.","Layanan ramah, barang sesuai.","Unisex",,,"103314079955","Promo Samsung Galaxy A07 ( 4/64 4/128 6/128 8/256 ) Garansi Resmi Sein","Promo Samsung Galaxy A07 ( 4/64 4/128 6/128 8/256 ) Garansi Resmi Sein - A07 4/64 Black, No Bonus Cicil 0% 3x -  - Ini Toko Budi Shop | Tokopedia","Handphone","Android OS","5","1061604647","Product Review","",,"Tokopedia","Oxwalker","Promo Samsung Galaxy A07 ( 4/64 4/128 6/128 8/256 ) Garansi Resmi Sein",,"2024-Q3"
"https://www.tokopedia.com/ini-toko-budi-shop/samsung-galaxy-a07-4-64-4-128-6-128-8-256-garansi-resmi-sein-1729815001835537895-1735330887460881895?extParam=ivf%3Dtrue%26keyword%3Dsamsung+a07%26search_id%3D2026051013261194F6D7E04A4D452A9TDF%26src%3Dsearch&t_id=1778419236765&t_st=7&t_pp=search_result&t_efo=search_pure_goods_card&t_ef=goods_search&t_sm=&t_spt=search_result","Brang oke. Tpi gk dgn respon admin yg lama .","Brang oke. Tpi gk dgn respon admin yg lama .","Oxwalker","Indonesia","05-10-2026","03-11-2026","Pants","Brang oke. Tpi gk dgn respon admin yg lama .","Brang oke. Tpi gk dgn respon admin yg lama .","Unisex",,,"103314079955","Promo Samsung Galaxy A07 ( 4/64 4/128 6/128 8/256 ) Garansi Resmi Sein","Promo Samsung Galaxy A07 ( 4/64 4/128 6/128 8/256 ) Garansi Resmi Sein - A07 4/64 Black, No Bonus Cicil 0% 3x -  - Ini Toko Budi Shop | Tokopedia","Handphone","Android OS","4","1988237777","Product Review","",,"Tokopedia","Oxwalker","Promo Samsung Galaxy A07 ( 4/64 4/128 6/128 8/256 ) Garansi Resmi Sein",,"2026-Q1"
"https://www.tokopedia.com/ini-toko-budi-shop/samsung-galaxy-a07-4-64-4-128-6-128-8-256-garansi-resmi-sein-1729815001835537895-1735330887460881895?extParam=ivf%3Dtrue%26keyword%3Dsamsung+a07%26search_id%3D2026051013261194F6D7E04A4D452A9TDF%26src%3Dsearch&t_id=1778419236765&t_st=7&t_pp=search_result&t_efo=search_pure_goods_card&t_ef=goods_search&t_sm=&t_spt=search_result","pesan dari pagi baru dikirim sore, pesan warna hitam dikirim warna putih, pesan pake extra kardus + bubble wrap, dikirim cuma pake bubble wrap doang, yaudahlah ya, untung nyampe dengan selamat","pesan dari pagi baru dikirim sore, pesan warna hitam dikirim warna putih, pesan pake extra kardus + bubble wrap, dikirim cuma pake bubble wrap doang, yaudahlah ya, untung nyampe dengan selamat","Oxwalker","Indonesia","05-10-2026","03-17-2025","Pants","pesan dari pagi baru dikirim sore, pesan warna hitam dikirim warna putih, pesan pake extra kardus + bubble wrap, dikirim cuma pake bubble wrap doang, yaudahlah ya, untung nyampe dengan selamat","pesan dari pagi baru dikirim sore, pesan warna hitam dikirim warna putih, pesan pake extra kardus + bubble wrap, dikirim cuma pake bubble wrap doang, yaudahlah ya, untung nyampe dengan selamat","Unisex",,,"103314079955","Promo Samsung Galaxy A07 ( 4/64 4/128 6/128 8/256 ) Garansi Resmi Sein","Promo Samsung Galaxy A07 ( 4/64 4/128 6/128 8/256 ) Garansi Resmi Sein - A07 4/64 Black, No Bonus Cicil 0% 3x -  - Ini Toko Budi Shop | Tokopedia","Handphone","Android OS","1","1321757089","Product Review","",,"Tokopedia","Oxwalker","Promo Samsung Galaxy A07 ( 4/64 4/128 6/128 8/256 ) Garansi Resmi Sein",,"2025-Q1"
"https://www.tokopedia.com/ini-toko-budi-shop/samsung-galaxy-a07-4-64-4-128-6-128-8-256-garansi-resmi-sein-1729815001835537895-1735330887460881895?extParam=ivf%3Dtrue%26keyword%3Dsamsung+a07%26search_id%3D2026051013261194F6D7E04A4D452A9TDF%26src%3Dsearch&t_id=1778419236765&t_st=7&t_pp=search_result&t_efo=search_pure_goods_card&t_ef=goods_search&t_sm=&t_spt=search_result","barang sesuai deskripsi.. ori","barang sesuai deskripsi.. ori","Oxwalker","Indonesia","05-10-2026","03-22-2024","Pants","barang sesuai deskripsi.. ori","barang sesuai deskripsi.. ori","Unisex",,,"103314079955","Promo Samsung Galaxy A07 ( 4/64 4/128 6/128 8/256 ) Garansi Resmi Sein","Promo Samsung Galaxy A07 ( 4/64 4/128 6/128 8/256 ) Garansi Resmi Sein - A07 4/64 Black, No Bonus Cicil 0% 3x -  - Ini Toko Budi Shop | Tokopedia","Handphone","Android OS","5","1017816685","Product Review","",,"Tokopedia","Oxwalker","Promo Samsung Galaxy A07 ( 4/64 4/128 6/128 8/256 ) Garansi Resmi Sein",,"2024-Q1"
"https://www.tokopedia.com/ini-toko-budi-shop/samsung-galaxy-a07-4-64-4-128-6-128-8-256-garansi-resmi-sein-1729815001835537895-1735330887460881895?extParam=ivf%3Dtrue%26keyword%3Dsamsung+a07%26search_id%3D2026051013261194F6D7E04A4D452A9TDF%26src%3Dsearch&t_id=1778419236765&t_st=7&t_pp=search_result&t_efo=search_pure_goods_card&t_ef=goods_search&t_sm=&t_spt=search_result","sesuai dengan deskripsi, jozzzz","sesuai dengan deskripsi, jozzzz","Oxwalker","Indonesia","05-10-2026","12-31-2025","Pants","sesuai dengan deskripsi, jozzzz","sesuai dengan deskripsi, jozzzz","Unisex",,,"103314079955","Promo Samsung Galaxy A07 ( 4/64 4/128 6/128 8/256 ) Garansi Resmi Sein","Promo Samsung Galaxy A07 ( 4/64 4/128 6/128 8/256 ) Garansi Resmi Sein - A07 4/64 Black, No Bonus Cicil 0% 3x -  - Ini Toko Budi Shop | Tokopedia","Handphone","Android OS","5","1844482185","Product Review","",,"Tokopedia","Oxwalker","Promo Samsung Galaxy A07 ( 4/64 4/128 6/128 8/256 ) Garansi Resmi Sein",,"2025-Q4"
"https://www.tokopedia.com/ini-toko-budi-shop/samsung-galaxy-a07-4-64-4-128-6-128-8-256-garansi-resmi-sein-1729815001835537895-1735330887460881895?extParam=ivf%3Dtrue%26keyword%3Dsamsung+a07%26search_id%3D2026051013261194F6D7E04A4D452A9TDF%26src%3Dsearch&t_id=1778419236765&t_st=7&t_pp=search_result&t_efo=search_pure_goods_card&t_ef=goods_search&t_sm=&t_spt=search_result","Kualitas bagus. Berfungsi baik.","Kualitas bagus. Berfungsi baik.","Oxwalker","Indonesia","05-10-2026","01-02-2026","Pants","Kualitas bagus. Berfungsi baik.","Kualitas bagus. Berfungsi baik.","Unisex",,,"103314079955","Promo Samsung Galaxy A07 ( 4/64 4/128 6/128 8/256 ) Garansi Resmi Sein","Promo Samsung Galaxy A07 ( 4/64 4/128 6/128 8/256 ) Garansi Resmi Sein - A07 4/64 Black, No Bonus Cicil 0% 3x -  - Ini Toko Budi Shop | Tokopedia","Handphone","Android OS","5","1847132973","Product Review","",,"Tokopedia","Oxwalker","Promo Samsung Galaxy A07 ( 4/64 4/128 6/128 8/256 ) Garansi Resmi Sein",,"2026-Q1"
"https://www.tokopedia.com/ini-toko-budi-shop/samsung-galaxy-a07-4-64-4-128-6-128-8-256-garansi-resmi-sein-1729815001835537895-1735330887460881895?extParam=ivf%3Dtrue%26keyword%3Dsamsung+a07%26search_id%3D2026051013261194F6D7E04A4D452A9TDF%26src%3Dsearch&t_id=1778419236765&t_st=7&t_pp=search_result&t_efo=search_pure_goods_card&t_ef=goods_search&t_sm=&t_spt=search_result","TOKO INI PENIPU!!! BARANG YANG DIJUAL RUSAK.
APA ADA HANDPHONE BARU, KAMERA BELAKANG UDAH RUSAK?

DI CHAT KOMPLAIN GA ADA SOLUSI, MALAH DIMINTA KE SERVICE CENTER?! WOI SAYA UDAH DAPET BARANG RUSAK, SURUH REPOT-REPOT KE SERVICE CENTER DAN PASTI NANTI KELUAR UANG LAGI????

ADMINNYA ******

TOKO INI JUAL BARANG SAMPAH, HATI-HATI.
DENGAN SANGAT MENYESAL KEPUTUSAN SAYA BELI HANDPHONE DISINI, SEPERTINYA SEMUA ORANG DI TOKO INI TIDAK BERGUNA SATUPUN!!!!","TOKO INI PENIPU!!! BARANG YANG DIJUAL RUSAK.
APA ADA HANDPHONE BARU, KAMERA BELAKANG UDAH RUSAK?

DI CHAT KOMPLAIN GA ADA SOLUSI, MALAH DIMINTA KE SERVICE CENTER?! WOI SAYA UDAH DAPET BARANG RUSAK, SURUH REPOT-REPOT KE SERVICE CENTER DAN PASTI NANTI KELUAR UANG LAGI????

ADMINNYA ******

TOKO INI JUAL BARANG SAMPAH, HATI-HATI.
DENGAN SANGAT MENYESAL KEPUTUSAN SAYA BELI HANDPHONE DISINI, SEPERTINYA SEMUA ORANG DI TOKO INI TIDAK BERGUNA SATUPUN!!!!","Oxwalker","Indonesia","05-10-2026","06-06-2025","Pants","TOKO INI PENIPU!!! BARANG YANG DIJUAL RUSAK.
APA ADA HANDPHONE BARU, KAMERA BELAKANG UDAH RUSAK?

DI CHAT KOMPLAIN GA ADA SOLUSI, MALAH DIMINTA KE SERVICE CENTER?! WOI SAYA UDAH DAPET BARANG RUSAK, SURUH REPOT-REPOT KE SERVICE CENTER DAN PASTI NANTI KELUAR UANG LAGI????

ADMINNYA ******

TOKO INI JUAL BARANG SAMPAH, HATI-HATI.
DENGAN SANGAT MENYESAL KEPUTUSAN SAYA BELI HANDPHONE DISINI, SEPERTINYA SEMUA ORANG DI TOKO INI TIDAK BERGUNA SATUPUN!!!!","TOKO INI PENIPU!!! BARANG YANG DIJUAL RUSAK.
APA ADA HANDPHONE BARU, KAMERA BELAKANG UDAH RUSAK?

DI CHAT KOMPLAIN GA ADA SOLUSI, MALAH DIMINTA KE SERVICE CENTER?! WOI SAYA UDAH DAPET BARANG RUSAK, SURUH REPOT-REPOT KE SERVICE CENTER DAN PASTI NANTI KELUAR UANG LAGI????

ADMINNYA ******

TOKO INI JUAL BARANG SAMPAH, HATI-HATI.
DENGAN SANGAT MENYESAL KEPUTUSAN SAYA BELI HANDPHONE DISINI, SEPERTINYA SEMUA ORANG DI TOKO INI TIDAK BERGUNA SATUPUN!!!!","Unisex",,,"103314079955","Promo Samsung Galaxy A07 ( 4/64 4/128 6/128 8/256 ) Garansi Resmi Sein","Promo Samsung Galaxy A07 ( 4/64 4/128 6/128 8/256 ) Garansi Resmi Sein - A07 4/64 Black, No Bonus Cicil 0% 3x -  - Ini Toko Budi Shop | Tokopedia","Handphone","Android OS","1","1507486000","Product Review","",,"Tokopedia","Oxwalker","Promo Samsung Galaxy A07 ( 4/64 4/128 6/128 8/256 ) Garansi Resmi Sein",,"2025-Q2"
"https://www.tokopedia.com/ini-toko-budi-shop/samsung-galaxy-a07-4-64-4-128-6-128-8-256-garansi-resmi-sein-1729815001835537895-1735330887460881895?extParam=ivf%3Dtrue%26keyword%3Dsamsung+a07%26search_id%3D2026051013261194F6D7E04A4D452A9TDF%26src%3Dsearch&t_id=1778419236765&t_st=7&t_pp=search_result&t_efo=search_pure_goods_card&t_ef=goods_search&t_sm=&t_spt=search_result","barang sesuai deskripsi.. ori","barang sesuai deskripsi.. ori","Oxwalker","Indonesia","05-10-2026","03-22-2024","Pants","barang sesuai deskripsi.. ori","barang sesuai deskripsi.. ori","Unisex",,,"103314079955","Promo Samsung Galaxy A07 ( 4/64 4/128 6/128 8/256 ) Garansi Resmi Sein","Promo Samsung Galaxy A07 ( 4/64 4/128 6/128 8/256 ) Garansi Resmi Sein - A07 4/64 Black, No Bonus Cicil 0% 3x -  - Ini Toko Budi Shop | Tokopedia","Handphone","Android OS","5","1017816625","Product Review","",,"Tokopedia","Oxwalker","Promo Samsung Galaxy A07 ( 4/64 4/128 6/128 8/256 ) Garansi Resmi Sein",,"2024-Q1"
"https://www.tokopedia.com/ini-toko-budi-shop/samsung-galaxy-a07-4-64-4-128-6-128-8-256-garansi-resmi-sein-1729815001835537895-1735330887460881895?extParam=ivf%3Dtrue%26keyword%3Dsamsung+a07%26search_id%3D2026051013261194F6D7E04A4D452A9TDF%26src%3Dsearch&t_id=1778419236765&t_st=7&t_pp=search_result&t_efo=search_pure_goods_card&t_ef=goods_search&t_sm=&t_spt=search_result","terima kasih sesuai deskripsi","terima kasih sesuai deskripsi","Oxwalker","Indonesia","05-10-2026","11-06-2024","Pants","terima kasih sesuai deskripsi","terima kasih sesuai deskripsi","Unisex",,,"103314079955","Promo Samsung Galaxy A07 ( 4/64 4/128 6/128 8/256 ) Garansi Resmi Sein","Promo Samsung Galaxy A07 ( 4/64 4/128 6/128 8/256 ) Garansi Resmi Sein - A07 4/64 Black, No Bonus Cicil 0% 3x -  - Ini Toko Budi Shop | Tokopedia","Handphone","Android OS","5","1146451309","Product Review","",,"Tokopedia","Oxwalker","Promo Samsung Galaxy A07 ( 4/64 4/128 6/128 8/256 ) Garansi Resmi Sein",,"2024-Q4"
"https://www.tokopedia.com/ini-toko-budi-shop/samsung-galaxy-a07-4-64-4-128-6-128-8-256-garansi-resmi-sein-1729815001835537895-1735330887460881895?extParam=ivf%3Dtrue%26keyword%3Dsamsung+a07%26search_id%3D2026051013261194F6D7E04A4D452A9TDF%26src%3Dsearch&t_id=1778419236765&t_st=7&t_pp=search_result&t_efo=search_pure_goods_card&t_ef=goods_search&t_sm=&t_spt=search_result","mantap cmn di pengirimqn aja","mantap cmn di pengirimqn aja","Oxwalker","Indonesia","05-10-2026","05-09-2024","Pants","mantap cmn di pengirimqn aja","mantap cmn di pengirimqn aja","Unisex",,,"103314079955","Promo Samsung Galaxy A07 ( 4/64 4/128 6/128 8/256 ) Garansi Resmi Sein","Promo Samsung Galaxy A07 ( 4/64 4/128 6/128 8/256 ) Garansi Resmi Sein - A07 4/64 Black, No Bonus Cicil 0% 3x -  - Ini Toko Budi Shop | Tokopedia","Handphone","Android OS","5","1037713376","Product Review","",,"Tokopedia","Oxwalker","Promo Samsung Galaxy A07 ( 4/64 4/128 6/128 8/256 ) Garansi Resmi Sein",,"2024-Q2"
"https://www.tokopedia.com/ini-toko-budi-shop/samsung-galaxy-a07-4-64-4-128-6-128-8-256-garansi-resmi-sein-1729815001835537895-1735330887460881895?extParam=ivf%3Dtrue%26keyword%3Dsamsung+a07%26search_id%3D2026051013261194F6D7E04A4D452A9TDF%26src%3Dsearch&t_id=1778419236765&t_st=7&t_pp=search_result&t_efo=search_pure_goods_card&t_ef=goods_search&t_sm=&t_spt=search_result","ok A 06 mantap, sesuai iklan","ok A 06 mantap, sesuai iklan","Oxwalker","Indonesia","05-10-2026","06-16-2025","Pants","ok A 06 mantap, sesuai iklan","ok A 06 mantap, sesuai iklan","Unisex",,,"103314079955","Promo Samsung Galaxy A07 ( 4/64 4/128 6/128 8/256 ) Garansi Resmi Sein","Promo Samsung Galaxy A07 ( 4/64 4/128 6/128 8/256 ) Garansi Resmi Sein - A07 4/64 Black, No Bonus Cicil 0% 3x -  - Ini Toko Budi Shop | Tokopedia","Handphone","Android OS","5","1525555783","Product Review","",,"Tokopedia","Oxwalker","Promo Samsung Galaxy A07 ( 4/64 4/128 6/128 8/256 ) Garansi Resmi Sein",,"2025-Q2"
"https://www.tokopedia.com/ini-toko-budi-shop/samsung-galaxy-a07-4-64-4-128-6-128-8-256-garansi-resmi-sein-1729815001835537895-1735330887460881895?extParam=ivf%3Dtrue%26keyword%3Dsamsung+a07%26search_id%3D2026051013261194F6D7E04A4D452A9TDF%26src%3Dsearch&t_id=1778419236765&t_st=7&t_pp=search_result&t_efo=search_pure_goods_card&t_ef=goods_search&t_sm=&t_spt=search_result","Bagus sesuai pesanan mantapp","Bagus sesuai pesanan mantapp","Oxwalker","Indonesia","05-10-2026","09-23-2025","Pants","Bagus sesuai pesanan mantapp","Bagus sesuai pesanan mantapp","Unisex",,,"103314079955","Promo Samsung Galaxy A07 ( 4/64 4/128 6/128 8/256 ) Garansi Resmi Sein","Promo Samsung Galaxy A07 ( 4/64 4/128 6/128 8/256 ) Garansi Resmi Sein - A07 4/64 Black, No Bonus Cicil 0% 3x -  - Ini Toko Budi Shop | Tokopedia","Handphone","Android OS","5","1690347091","Product Review","",,"Tokopedia","Oxwalker","Promo Samsung Galaxy A07 ( 4/64 4/128 6/128 8/256 ) Garansi Resmi Sein",,"2025-Q3"
"https://www.tokopedia.com/ini-toko-budi-shop/samsung-galaxy-a07-4-64-4-128-6-128-8-256-garansi-resmi-sein-1729815001835537895-1735330887460881895?extParam=ivf%3Dtrue%26keyword%3Dsamsung+a07%26search_id%3D2026051013261194F6D7E04A4D452A9TDF%26src%3Dsearch&t_id=1778419236765&t_st=7&t_pp=search_result&t_efo=search_pure_goods_card&t_ef=goods_search&t_sm=&t_spt=search_result","barang nya bagus dan mantap","barang nya bagus dan mantap","Oxwalker","Indonesia","05-10-2026","02-10-2024","Pants","barang nya bagus dan mantap","barang nya bagus dan mantap","Unisex",,,"103314079955","Promo Samsung Galaxy A07 ( 4/64 4/128 6/128 8/256 ) Garansi Resmi Sein","Promo Samsung Galaxy A07 ( 4/64 4/128 6/128 8/256 ) Garansi Resmi Sein - A07 4/64 Black, No Bonus Cicil 0% 3x -  - Ini Toko Budi Shop | Tokopedia","Handphone","Android OS","5","1000879768","Product Review","",,"Tokopedia","Oxwalker","Promo Samsung Galaxy A07 ( 4/64 4/128 6/128 8/256 ) Garansi Resmi Sein",,"2024-Q1"
"https://www.tokopedia.com/ini-toko-budi-shop/samsung-galaxy-a07-4-64-4-128-6-128-8-256-garansi-resmi-sein-1729815001835537895-1735330887460881895?extParam=ivf%3Dtrue%26keyword%3Dsamsung+a07%26search_id%3D2026051013261194F6D7E04A4D452A9TDF%26src%3Dsearch&t_id=1778419236765&t_st=7&t_pp=search_result&t_efo=search_pure_goods_card&t_ef=goods_search&t_sm=&t_spt=search_result","Barang masih segel, original","Barang masih segel, original","Oxwalker","Indonesia","05-10-2026","11-07-2025","Pants","Barang masih segel, original","Barang masih segel, original","Unisex",,,"103314079955","Promo Samsung Galaxy A07 ( 4/64 4/128 6/128 8/256 ) Garansi Resmi Sein","Promo Samsung Galaxy A07 ( 4/64 4/128 6/128 8/256 ) Garansi Resmi Sein - A07 4/64 Black, No Bonus Cicil 0% 3x -  - Ini Toko Budi Shop | Tokopedia","Handphone","Android OS","5","1755258961","Product Review","",,"Tokopedia","Oxwalker","Promo Samsung Galaxy A07 ( 4/64 4/128 6/128 8/256 ) Garansi Resmi Sein",,"2025-Q4"
"https://www.tokopedia.com/ini-toko-budi-shop/samsung-galaxy-a07-4-64-4-128-6-128-8-256-garansi-resmi-sein-1729815001835537895-1735330887460881895?extParam=ivf%3Dtrue%26keyword%3Dsamsung+a07%26search_id%3D2026051013261194F6D7E04A4D452A9TDF%26src%3Dsearch&t_id=1778419236765&t_st=7&t_pp=search_result&t_efo=search_pure_goods_card&t_ef=goods_search&t_sm=&t_spt=search_result","pengirman  cepat barang ori","pengirman  cepat barang ori","Oxwalker","Indonesia","05-10-2026","05-08-2024","Pants","pengirman  cepat barang ori","pengirman  cepat barang ori","Unisex",,,"103314079955","Promo Samsung Galaxy A07 ( 4/64 4/128 6/128 8/256 ) Garansi Resmi Sein","Promo Samsung Galaxy A07 ( 4/64 4/128 6/128 8/256 ) Garansi Resmi Sein - A07 4/64 Black, No Bonus Cicil 0% 3x -  - Ini Toko Budi Shop | Tokopedia","Handphone","Android OS","5","1037316439","Product Review","",,"Tokopedia","Oxwalker","Promo Samsung Galaxy A07 ( 4/64 4/128 6/128 8/256 ) Garansi Resmi Sein",,"2024-Q2"
"https://www.tokopedia.com/ini-toko-budi-shop/samsung-galaxy-a07-4-64-4-128-6-128-8-256-garansi-resmi-sein-1729815001835537895-1735330887460881895?extParam=ivf%3Dtrue%26keyword%3Dsamsung+a07%26search_id%3D2026051013261194F6D7E04A4D452A9TDF%26src%3Dsearch&t_id=1778419236765&t_st=7&t_pp=search_result&t_efo=search_pure_goods_card&t_ef=goods_search&t_sm=&t_spt=search_result","hp dikirim sesuai pesanan. tks","hp dikirim sesuai pesanan. tks","Oxwalker","Indonesia","05-10-2026","11-19-2025","Pants","hp dikirim sesuai pesanan. tks","hp dikirim sesuai pesanan. tks","Unisex",,,"103314079955","Promo Samsung Galaxy A07 ( 4/64 4/128 6/128 8/256 ) Garansi Resmi Sein","Promo Samsung Galaxy A07 ( 4/64 4/128 6/128 8/256 ) Garansi Resmi Sein - A07 4/64 Black, No Bonus Cicil 0% 3x -  - Ini Toko Budi Shop | Tokopedia","Handphone","Android OS","5","1774423862","Product Review","",,"Tokopedia","Oxwalker","Promo Samsung Galaxy A07 ( 4/64 4/128 6/128 8/256 ) Garansi Resmi Sein",,"2025-Q4"
"https://www.tokopedia.com/ini-toko-budi-shop/samsung-galaxy-a07-4-64-4-128-6-128-8-256-garansi-resmi-sein-1729815001835537895-1735330887460881895?extParam=ivf%3Dtrue%26keyword%3Dsamsung+a07%26search_id%3D2026051013261194F6D7E04A4D452A9TDF%26src%3Dsearch&t_id=1778419236765&t_st=7&t_pp=search_result&t_efo=search_pure_goods_card&t_ef=goods_search&t_sm=&t_spt=search_result","Barang ori.. pngiriman cepat","Barang ori.. pngiriman cepat","Oxwalker","Indonesia","05-10-2026","09-30-2025","Pants","Barang ori.. pngiriman cepat","Barang ori.. pngiriman cepat","Unisex",,,"103314079955","Promo Samsung Galaxy A07 ( 4/64 4/128 6/128 8/256 ) Garansi Resmi Sein","Promo Samsung Galaxy A07 ( 4/64 4/128 6/128 8/256 ) Garansi Resmi Sein - A07 4/64 Black, No Bonus Cicil 0% 3x -  - Ini Toko Budi Shop | Tokopedia","Handphone","Android OS","5","1700222440","Product Review","",,"Tokopedia","Oxwalker","Promo Samsung Galaxy A07 ( 4/64 4/128 6/128 8/256 ) Garansi Resmi Sein",,"2025-Q3"
"https://www.tokopedia.com/ini-toko-budi-shop/samsung-galaxy-a07-4-64-4-128-6-128-8-256-garansi-resmi-sein-1729815001835537895-1735330887460881895?extParam=ivf%3Dtrue%26keyword%3Dsamsung+a07%26search_id%3D2026051013261194F6D7E04A4D452A9TDF%26src%3Dsearch&t_id=1778419236765&t_st=7&t_pp=search_result&t_efo=search_pure_goods_card&t_ef=goods_search&t_sm=&t_spt=search_result","Real pict amanah toko&#39;a","Real pict amanah toko&#39;a","Oxwalker","Indonesia","05-10-2026","03-30-2026","Pants","Real pict amanah toko&#39;a","Real pict amanah toko&#39;a","Unisex",,,"103314079955","Promo Samsung Galaxy A07 ( 4/64 4/128 6/128 8/256 ) Garansi Resmi Sein","Promo Samsung Galaxy A07 ( 4/64 4/128 6/128 8/256 ) Garansi Resmi Sein - A07 4/64 Black, No Bonus Cicil 0% 3x -  - Ini Toko Budi Shop | Tokopedia","Handphone","Android OS","5","2021225198","Product Review","",,"Tokopedia","Oxwalker","Promo Samsung Galaxy A07 ( 4/64 4/128 6/128 8/256 ) Garansi Resmi Sein",,"2026-Q1"
"https://www.tokopedia.com/ini-toko-budi-shop/samsung-galaxy-a07-4-64-4-128-6-128-8-256-garansi-resmi-sein-1729815001835537895-1735330887460881895?extParam=ivf%3Dtrue%26keyword%3Dsamsung+a07%26search_id%3D2026051013261194F6D7E04A4D452A9TDF%26src%3Dsearch&t_id=1778419236765&t_st=7&t_pp=search_result&t_efo=search_pure_goods_card&t_ef=goods_search&t_sm=&t_spt=search_result","barang bagus sesuai pesanana","barang bagus sesuai pesanana","Oxwalker","Indonesia","05-10-2026","03-11-2026","Pants","barang bagus sesuai pesanana","barang bagus sesuai pesanana","Unisex",,,"103314079955","Promo Samsung Galaxy A07 ( 4/64 4/128 6/128 8/256 ) Garansi Resmi Sein","Promo Samsung Galaxy A07 ( 4/64 4/128 6/128 8/256 ) Garansi Resmi Sein - A07 4/64 Black, No Bonus Cicil 0% 3x -  - Ini Toko Budi Shop | Tokopedia","Handphone","Android OS","5","1985742113","Product Review","",,"Tokopedia","Oxwalker","Promo Samsung Galaxy A07 ( 4/64 4/128 6/128 8/256 ) Garansi Resmi Sein",,"2026-Q1"
"https://www.tokopedia.com/ini-toko-budi-shop/samsung-galaxy-a07-4-64-4-128-6-128-8-256-garansi-resmi-sein-1729815001835537895-1735330887460881895?extParam=ivf%3Dtrue%26keyword%3Dsamsung+a07%26search_id%3D2026051013261194F6D7E04A4D452A9TDF%26src%3Dsearch&t_id=1778419236765&t_st=7&t_pp=search_result&t_efo=search_pure_goods_card&t_ef=goods_search&t_sm=&t_spt=search_result","Mantap...berfungsi normal
.","Mantap...berfungsi normal
.","Oxwalker","Indonesia","05-10-2026","03-08-2024","Pants","Mantap...berfungsi normal
.","Mantap...berfungsi normal
.","Unisex",,,"103314079955","Promo Samsung Galaxy A07 ( 4/64 4/128 6/128 8/256 ) Garansi Resmi Sein","Promo Samsung Galaxy A07 ( 4/64 4/128 6/128 8/256 ) Garansi Resmi Sein - A07 4/64 Black, No Bonus Cicil 0% 3x -  - Ini Toko Budi Shop | Tokopedia","Handphone","Android OS","5","1011747852","Product Review","",,"Tokopedia","Oxwalker","Promo Samsung Galaxy A07 ( 4/64 4/128 6/128 8/256 ) Garansi Resmi Sein",,"2024-Q1"
"https://www.tokopedia.com/ini-toko-budi-shop/samsung-galaxy-a07-4-64-4-128-6-128-8-256-garansi-resmi-sein-1729815001835537895-1735330887460881895?extParam=ivf%3Dtrue%26keyword%3Dsamsung+a07%26search_id%3D2026051013261194F6D7E04A4D452A9TDF%26src%3Dsearch&t_id=1778419236765&t_st=7&t_pp=search_result&t_efo=search_pure_goods_card&t_ef=goods_search&t_sm=&t_spt=search_result","Bagus bgt amanah toko nyaa","Bagus bgt amanah toko nyaa","Oxwalker","Indonesia","05-10-2026","09-17-2025","Pants","Bagus bgt amanah toko nyaa","Bagus bgt amanah toko nyaa","Unisex",,,"103314079955","Promo Samsung Galaxy A07 ( 4/64 4/128 6/128 8/256 ) Garansi Resmi Sein","Promo Samsung Galaxy A07 ( 4/64 4/128 6/128 8/256 ) Garansi Resmi Sein - A07 4/64 Black, No Bonus Cicil 0% 3x -  - Ini Toko Budi Shop | Tokopedia","Handphone","Android OS","5","1682272335","Product Review","",,"Tokopedia","Oxwalker","Promo Samsung Galaxy A07 ( 4/64 4/128 6/128 8/256 ) Garansi Resmi Sein",,"2025-Q3"
"https://www.tokopedia.com/ini-toko-budi-shop/samsung-galaxy-a07-4-64-4-128-6-128-8-256-garansi-resmi-sein-1729815001835537895-1735330887460881895?extParam=ivf%3Dtrue%26keyword%3Dsamsung+a07%26search_id%3D2026051013261194F6D7E04A4D452A9TDF%26src%3Dsearch&t_id=1778419236765&t_st=7&t_pp=search_result&t_efo=search_pure_goods_card&t_ef=goods_search&t_sm=&t_spt=search_result","ok mantap ......... bagus","ok mantap ......... bagus","Oxwalker","Indonesia","05-10-2026","04-13-2024","Pants","ok mantap ......... bagus","ok mantap ......... bagus","Unisex",,,"103314079955","Promo Samsung Galaxy A07 ( 4/64 4/128 6/128 8/256 ) Garansi Resmi Sein","Promo Samsung Galaxy A07 ( 4/64 4/128 6/128 8/256 ) Garansi Resmi Sein - A07 4/64 Black, No Bonus Cicil 0% 3x -  - Ini Toko Budi Shop | Tokopedia","Handphone","Android OS","5","1027579768","Product Review","",,"Tokopedia","Oxwalker","Promo Samsung Galaxy A07 ( 4/64 4/128 6/128 8/256 ) Garansi Resmi Sein",,"2024-Q2"
"https://www.tokopedia.com/ini-toko-budi-shop/samsung-galaxy-a07-4-64-4-128-6-128-8-256-garansi-resmi-sein-1729815001835537895-1735330887460881895?extParam=ivf%3Dtrue%26keyword%3Dsamsung+a07%26search_id%3D2026051013261194F6D7E04A4D452A9TDF%26src%3Dsearch&t_id=1778419236765&t_st=7&t_pp=search_result&t_efo=search_pure_goods_card&t_ef=goods_search&t_sm=&t_spt=search_result","Okelah dengan harga segini","Okelah dengan harga segini","Oxwalker","Indonesia","05-10-2026","09-06-2025","Pants","Okelah dengan harga segini","Okelah dengan harga segini","Unisex",,,"103314079955","Promo Samsung Galaxy A07 ( 4/64 4/128 6/128 8/256 ) Garansi Resmi Sein","Promo Samsung Galaxy A07 ( 4/64 4/128 6/128 8/256 ) Garansi Resmi Sein - A07 4/64 Black, No Bonus Cicil 0% 3x -  - Ini Toko Budi Shop | Tokopedia","Handphone","Android OS","5","1663590917","Product Review","",,"Tokopedia","Oxwalker","Promo Samsung Galaxy A07 ( 4/64 4/128 6/128 8/256 ) Garansi Resmi Sein",,"2025-Q3"
"https://www.tokopedia.com/ini-toko-budi-shop/samsung-galaxy-a07-4-64-4-128-6-128-8-256-garansi-resmi-sein-1729815001835537895-1735330887460881895?extParam=ivf%3Dtrue%26keyword%3Dsamsung+a07%26search_id%3D2026051013261194F6D7E04A4D452A9TDF%26src%3Dsearch&t_id=1778419236765&t_st=7&t_pp=search_result&t_efo=search_pure_goods_card&t_ef=goods_search&t_sm=&t_spt=search_result","mantap recom semoga amanah","mantap recom semoga amanah","Oxwalker","Indonesia","05-10-2026","08-13-2024","Pants","mantap recom semoga amanah","mantap recom semoga amanah","Unisex",,,"103314079955","Promo Samsung Galaxy A07 ( 4/64 4/128 6/128 8/256 ) Garansi Resmi Sein","Promo Samsung Galaxy A07 ( 4/64 4/128 6/128 8/256 ) Garansi Resmi Sein - A07 4/64 Black, No Bonus Cicil 0% 3x -  - Ini Toko Budi Shop | Tokopedia","Handphone","Android OS","5","1078740216","Product Review","",,"Tokopedia","Oxwalker","Promo Samsung Galaxy A07 ( 4/64 4/128 6/128 8/256 ) Garansi Resmi Sein",,"2024-Q3"
"https://www.tokopedia.com/ini-toko-budi-shop/samsung-galaxy-a07-4-64-4-128-6-128-8-256-garansi-resmi-sein-1729815001835537895-1735330887460881895?extParam=ivf%3Dtrue%26keyword%3Dsamsung+a07%26search_id%3D2026051013261194F6D7E04A4D452A9TDF%26src%3Dsearch&t_id=1778419236765&t_st=7&t_pp=search_result&t_efo=search_pure_goods_card&t_ef=goods_search&t_sm=&t_spt=search_result","biar bintang yg berbicara","biar bintang yg berbicara","Oxwalker","Indonesia","05-10-2026","10-31-2025","Pants","biar bintang yg berbicara","biar bintang yg berbicara","Unisex",,,"103314079955","Promo Samsung Galaxy A07 ( 4/64 4/128 6/128 8/256 ) Garansi Resmi Sein","Promo Samsung Galaxy A07 ( 4/64 4/128 6/128 8/256 ) Garansi Resmi Sein - A07 4/64 Black, No Bonus Cicil 0% 3x -  - Ini Toko Budi Shop | Tokopedia","Handphone","Android OS","5","1743546791","Product Review","",,"Tokopedia","Oxwalker","Promo Samsung Galaxy A07 ( 4/64 4/128 6/128 8/256 ) Garansi Resmi Sein",,"2025-Q4"
"https://www.tokopedia.com/ini-toko-budi-shop/samsung-galaxy-a07-4-64-4-128-6-128-8-256-garansi-resmi-sein-1729815001835537895-1735330887460881895?extParam=ivf%3Dtrue%26keyword%3Dsamsung+a07%26search_id%3D2026051013261194F6D7E04A4D452A9TDF%26src%3Dsearch&t_id=1778419236765&t_st=7&t_pp=search_result&t_efo=search_pure_goods_card&t_ef=goods_search&t_sm=&t_spt=search_result","barang sesuai pesanan, mantap","barang sesuai pesanan, mantap","Oxwalker","Indonesia","05-10-2026","05-24-2025","Pants","barang sesuai pesanan, mantap","barang sesuai pesanan, mantap","Unisex",,,"103314079955","Promo Samsung Galaxy A07 ( 4/64 4/128 6/128 8/256 ) Garansi Resmi Sein","Promo Samsung Galaxy A07 ( 4/64 4/128 6/128 8/256 ) Garansi Resmi Sein - A07 4/64 Black, No Bonus Cicil 0% 3x -  - Ini Toko Budi Shop | Tokopedia","Handphone","Android OS","5","1481341297","Product Review","",,"Tokopedia","Oxwalker","Promo Samsung Galaxy A07 ( 4/64 4/128 6/128 8/256 ) Garansi Resmi Sein",,"2025-Q2"
"https://www.tokopedia.com/ini-toko-budi-shop/samsung-galaxy-a07-4-64-4-128-6-128-8-256-garansi-resmi-sein-1729815001835537895-1735330887460881895?extParam=ivf%3Dtrue%26keyword%3Dsamsung+a07%26search_id%3D2026051013261194F6D7E04A4D452A9TDF%26src%3Dsearch&t_id=1778419236765&t_st=7&t_pp=search_result&t_efo=search_pure_goods_card&t_ef=goods_search&t_sm=&t_spt=search_result","Bagus dan ori. Syukakk🫶","Bagus dan ori. Syukakk🫶","Oxwalker","Indonesia","05-10-2026","05-08-2025","Pants","Bagus dan ori. Syukakk🫶","Bagus dan ori. Syukakk🫶","Unisex",,,"103314079955","Promo Samsung Galaxy A07 ( 4/64 4/128 6/128 8/256 ) Garansi Resmi Sein","Promo Samsung Galaxy A07 ( 4/64 4/128 6/128 8/256 ) Garansi Resmi Sein - A07 4/64 Black, No Bonus Cicil 0% 3x -  - Ini Toko Budi Shop | Tokopedia","Handphone","Android OS","5","1443278081","Product Review","",,"Tokopedia","Oxwalker","Promo Samsung Galaxy A07 ( 4/64 4/128 6/128 8/256 ) Garansi Resmi Sein",,"2025-Q2"
"https://www.tokopedia.com/ini-toko-budi-shop/samsung-galaxy-a07-4-64-4-128-6-128-8-256-garansi-resmi-sein-1729815001835537895-1735330887460881895?extParam=ivf%3Dtrue%26keyword%3Dsamsung+a07%26search_id%3D2026051013261194F6D7E04A4D452A9TDF%26src%3Dsearch&t_id=1778419236765&t_st=7&t_pp=search_result&t_efo=search_pure_goods_card&t_ef=goods_search&t_sm=&t_spt=search_result","Barang sesuai
Fast respon","Barang sesuai
Fast respon","Oxwalker","Indonesia","05-10-2026","07-13-2024","Pants","Barang sesuai
Fast respon","Barang sesuai
Fast respon","Unisex",,,"103314079955","Promo Samsung Galaxy A07 ( 4/64 4/128 6/128 8/256 ) Garansi Resmi Sein","Promo Samsung Galaxy A07 ( 4/64 4/128 6/128 8/256 ) Garansi Resmi Sein - A07 4/64 Black, No Bonus Cicil 0% 3x -  - Ini Toko Budi Shop | Tokopedia","Handphone","Android OS","5","1065166544","Product Review","",,"Tokopedia","Oxwalker","Promo Samsung Galaxy A07 ( 4/64 4/128 6/128 8/256 ) Garansi Resmi Sein",,"2024-Q3"
"https://www.tokopedia.com/ini-toko-budi-shop/samsung-galaxy-a07-4-64-4-128-6-128-8-256-garansi-resmi-sein-1729815001835537895-1735330887460881895?extParam=ivf%3Dtrue%26keyword%3Dsamsung+a07%26search_id%3D2026051013261194F6D7E04A4D452A9TDF%26src%3Dsearch&t_id=1778419236765&t_st=7&t_pp=search_result&t_efo=search_pure_goods_card&t_ef=goods_search&t_sm=&t_spt=search_result","Terpercaya, barang sesuai","Terpercaya, barang sesuai","Oxwalker","Indonesia","05-10-2026","05-30-2024","Pants","Terpercaya, barang sesuai","Terpercaya, barang sesuai","Unisex",,,"103314079955","Promo Samsung Galaxy A07 ( 4/64 4/128 6/128 8/256 ) Garansi Resmi Sein","Promo Samsung Galaxy A07 ( 4/64 4/128 6/128 8/256 ) Garansi Resmi Sein - A07 4/64 Black, No Bonus Cicil 0% 3x -  - Ini Toko Budi Shop | Tokopedia","Handphone","Android OS","5","1046504781","Product Review","",,"Tokopedia","Oxwalker","Promo Samsung Galaxy A07 ( 4/64 4/128 6/128 8/256 ) Garansi Resmi Sein",,"2024-Q2"
"https://www.tokopedia.com/ini-toko-budi-shop/samsung-galaxy-a07-4-64-4-128-6-128-8-256-garansi-resmi-sein-1729815001835537895-1735330887460881895?extParam=ivf%3Dtrue%26keyword%3Dsamsung+a07%26search_id%3D2026051013261194F6D7E04A4D452A9TDF%26src%3Dsearch&t_id=1778419236765&t_st=7&t_pp=search_result&t_efo=search_pure_goods_card&t_ef=goods_search&t_sm=&t_spt=search_result","mantul bosku terima kasih","mantul bosku terima kasih","Oxwalker","Indonesia","05-10-2026","05-29-2024","Pants","mantul bosku terima kasih","mantul bosku terima kasih","Unisex",,,"103314079955","Promo Samsung Galaxy A07 ( 4/64 4/128 6/128 8/256 ) Garansi Resmi Sein","Promo Samsung Galaxy A07 ( 4/64 4/128 6/128 8/256 ) Garansi Resmi Sein - A07 4/64 Black, No Bonus Cicil 0% 3x -  - Ini Toko Budi Shop | Tokopedia","Handphone","Android OS","5","1045930700","Product Review","",,"Tokopedia","Oxwalker","Promo Samsung Galaxy A07 ( 4/64 4/128 6/128 8/256 ) Garansi Resmi Sein",,"2024-Q2"
"https://www.tokopedia.com/ini-toko-budi-shop/samsung-galaxy-a07-4-64-4-128-6-128-8-256-garansi-resmi-sein-1729815001835537895-1735330887460881895?extParam=ivf%3Dtrue%26keyword%3Dsamsung+a07%26search_id%3D2026051013261194F6D7E04A4D452A9TDF%26src%3Dsearch&t_id=1778419236765&t_st=7&t_pp=search_result&t_efo=search_pure_goods_card&t_ef=goods_search&t_sm=&t_spt=search_result","Barangnya original 👍.","Barangnya original 👍.","Oxwalker","Indonesia","05-10-2026","01-13-2022","Pants","Barangnya original 👍.","Barangnya original 👍.","Unisex",,,"103314079955","Promo Samsung Galaxy A07 ( 4/64 4/128 6/128 8/256 ) Garansi Resmi Sein","Promo Samsung Galaxy A07 ( 4/64 4/128 6/128 8/256 ) Garansi Resmi Sein - A07 4/64 Black, No Bonus Cicil 0% 3x -  - Ini Toko Budi Shop | Tokopedia","Handphone","Android OS","5","573346473","Product Review","",,"Tokopedia","Oxwalker","Promo Samsung Galaxy A07 ( 4/64 4/128 6/128 8/256 ) Garansi Resmi Sein",,"2022-Q1"
"https://www.tokopedia.com/ini-toko-budi-shop/samsung-galaxy-a07-4-64-4-128-6-128-8-256-garansi-resmi-sein-1729815001835537895-1735330887460881895?extParam=ivf%3Dtrue%26keyword%3Dsamsung+a07%26search_id%3D2026051013261194F6D7E04A4D452A9TDF%26src%3Dsearch&t_id=1778419236765&t_st=7&t_pp=search_result&t_efo=search_pure_goods_card&t_ef=goods_search&t_sm=&t_spt=search_result","Barangnya original 👍.","Barangnya original 👍.","Oxwalker","Indonesia","05-10-2026","11-14-2021","Pants","Barangnya original 👍.","Barangnya original 👍.","Unisex",,,"103314079955","Promo Samsung Galaxy A07 ( 4/64 4/128 6/128 8/256 ) Garansi Resmi Sein","Promo Samsung Galaxy A07 ( 4/64 4/128 6/128 8/256 ) Garansi Resmi Sein - A07 4/64 Black, No Bonus Cicil 0% 3x -  - Ini Toko Budi Shop | Tokopedia","Handphone","Android OS","5","523840080","Product Review","",,"Tokopedia","Oxwalker","Promo Samsung Galaxy A07 ( 4/64 4/128 6/128 8/256 ) Garansi Resmi Sein",,"2021-Q4"
"https://www.tokopedia.com/ini-toko-budi-shop/samsung-galaxy-a07-4-64-4-128-6-128-8-256-garansi-resmi-sein-1729815001835537895-1735330887460881895?extParam=ivf%3Dtrue%26keyword%3Dsamsung+a07%26search_id%3D2026051013261194F6D7E04A4D452A9TDF%26src%3Dsearch&t_id=1778419236765&t_st=7&t_pp=search_result&t_efo=search_pure_goods_card&t_ef=goods_search&t_sm=&t_spt=search_result","BAGUSSS sesuai keinginan","BAGUSSS sesuai keinginan","Oxwalker","Indonesia","05-10-2026","09-12-2025","Pants","BAGUSSS sesuai keinginan","BAGUSSS sesuai keinginan","Unisex",,,"103314079955","Promo Samsung Galaxy A07 ( 4/64 4/128 6/128 8/256 ) Garansi Resmi Sein","Promo Samsung Galaxy A07 ( 4/64 4/128 6/128 8/256 ) Garansi Resmi Sein - A07 4/64 Black, No Bonus Cicil 0% 3x -  - Ini Toko Budi Shop | Tokopedia","Handphone","Android OS","5","1674563499","Product Review","",,"Tokopedia","Oxwalker","Promo Samsung Galaxy A07 ( 4/64 4/128 6/128 8/256 ) Garansi Resmi Sein",,"2025-Q3"
"https://www.tokopedia.com/ini-toko-budi-shop/samsung-galaxy-a07-4-64-4-128-6-128-8-256-garansi-resmi-sein-1729815001835537895-1735330887460881895?extParam=ivf%3Dtrue%26keyword%3Dsamsung+a07%26search_id%3D2026051013261194F6D7E04A4D452A9TDF%26src%3Dsearch&t_id=1778419236765&t_st=7&t_pp=search_result&t_efo=search_pure_goods_card&t_ef=goods_search&t_sm=&t_spt=search_result","Barangnya original 👍.","Barangnya original 👍.","Oxwalker","Indonesia","05-10-2026","11-17-2021","Pants","Barangnya original 👍.","Barangnya original 👍.","Unisex",,,"103314079955","Promo Samsung Galaxy A07 ( 4/64 4/128 6/128 8/256 ) Garansi Resmi Sein","Promo Samsung Galaxy A07 ( 4/64 4/128 6/128 8/256 ) Garansi Resmi Sein - A07 4/64 Black, No Bonus Cicil 0% 3x -  - Ini Toko Budi Shop | Tokopedia","Handphone","Android OS","5","525718021","Product Review","",,"Tokopedia","Oxwalker","Promo Samsung Galaxy A07 ( 4/64 4/128 6/128 8/256 ) Garansi Resmi Sein",,"2021-Q4"
"https://www.tokopedia.com/ini-toko-budi-shop/samsung-galaxy-a07-4-64-4-128-6-128-8-256-garansi-resmi-sein-1729815001835537895-1735330887460881895?extParam=ivf%3Dtrue%26keyword%3Dsamsung+a07%26search_id%3D2026051013261194F6D7E04A4D452A9TDF%26src%3Dsearch&t_id=1778419236765&t_st=7&t_pp=search_result&t_efo=search_pure_goods_card&t_ef=goods_search&t_sm=&t_spt=search_result","Barangnya original 👍.","Barangnya original 👍.","Oxwalker","Indonesia","05-10-2026","01-09-2022","Pants","Barangnya original 👍.","Barangnya original 👍.","Unisex",,,"103314079955","Promo Samsung Galaxy A07 ( 4/64 4/128 6/128 8/256 ) Garansi Resmi Sein","Promo Samsung Galaxy A07 ( 4/64 4/128 6/128 8/256 ) Garansi Resmi Sein - A07 4/64 Black, No Bonus Cicil 0% 3x -  - Ini Toko Budi Shop | Tokopedia","Handphone","Android OS","5","569805319","Product Review","",,"Tokopedia","Oxwalker","Promo Samsung Galaxy A07 ( 4/64 4/128 6/128 8/256 ) Garansi Resmi Sein",,"2022-Q1"
"https://www.tokopedia.com/ini-toko-budi-shop/samsung-galaxy-a07-4-64-4-128-6-128-8-256-garansi-resmi-sein-1729815001835537895-1735330887460881895?extParam=ivf%3Dtrue%26keyword%3Dsamsung+a07%26search_id%3D2026051013261194F6D7E04A4D452A9TDF%26src%3Dsearch&t_id=1778419236765&t_st=7&t_pp=search_result&t_efo=search_pure_goods_card&t_ef=goods_search&t_sm=&t_spt=search_result","Barangnya original 👍.","Barangnya original 👍.","Oxwalker","Indonesia","05-10-2026","11-14-2021","Pants","Barangnya original 👍.","Barangnya original 👍.","Unisex",,,"103314079955","Promo Samsung Galaxy A07 ( 4/64 4/128 6/128 8/256 ) Garansi Resmi Sein","Promo Samsung Galaxy A07 ( 4/64 4/128 6/128 8/256 ) Garansi Resmi Sein - A07 4/64 Black, No Bonus Cicil 0% 3x -  - Ini Toko Budi Shop | Tokopedia","Handphone","Android OS","5","523558032","Product Review","",,"Tokopedia","Oxwalker","Promo Samsung Galaxy A07 ( 4/64 4/128 6/128 8/256 ) Garansi Resmi Sein",,"2021-Q4"
"https://www.tokopedia.com/ini-toko-budi-shop/samsung-galaxy-a07-4-64-4-128-6-128-8-256-garansi-resmi-sein-1729815001835537895-1735330887460881895?extParam=ivf%3Dtrue%26keyword%3Dsamsung+a07%26search_id%3D2026051013261194F6D7E04A4D452A9TDF%26src%3Dsearch&t_id=1778419236765&t_st=7&t_pp=search_result&t_efo=search_pure_goods_card&t_ef=goods_search&t_sm=&t_spt=search_result","mantap semoga kepake awet","mantap semoga kepake awet","Oxwalker","Indonesia","05-10-2026","10-02-2025","Pants","mantap semoga kepake awet","mantap semoga kepake awet","Unisex",,,"103314079955","Promo Samsung Galaxy A07 ( 4/64 4/128 6/128 8/256 ) Garansi Resmi Sein","Promo Samsung Galaxy A07 ( 4/64 4/128 6/128 8/256 ) Garansi Resmi Sein - A07 4/64 Black, No Bonus Cicil 0% 3x -  - Ini Toko Budi Shop | Tokopedia","Handphone","Android OS","5","1703135744","Product Review","",,"Tokopedia","Oxwalker","Promo Samsung Galaxy A07 ( 4/64 4/128 6/128 8/256 ) Garansi Resmi Sein",,"2025-Q4"
"https://www.tokopedia.com/ini-toko-budi-shop/samsung-galaxy-a07-4-64-4-128-6-128-8-256-garansi-resmi-sein-1729815001835537895-1735330887460881895?extParam=ivf%3Dtrue%26keyword%3Dsamsung+a07%26search_id%3D2026051013261194F6D7E04A4D452A9TDF%26src%3Dsearch&t_id=1778419236765&t_st=7&t_pp=search_result&t_efo=search_pure_goods_card&t_ef=goods_search&t_sm=&t_spt=search_result","good condition❤💯👍","good condition❤💯👍","Oxwalker","Indonesia","05-10-2026","06-07-2024","Pants","good condition❤💯👍","good condition❤💯👍","Unisex",,,"103314079955","Promo Samsung Galaxy A07 ( 4/64 4/128 6/128 8/256 ) Garansi Resmi Sein","Promo Samsung Galaxy A07 ( 4/64 4/128 6/128 8/256 ) Garansi Resmi Sein - A07 4/64 Black, No Bonus Cicil 0% 3x -  - Ini Toko Budi Shop | Tokopedia","Handphone","Android OS","5","1049784300","Product Review","",,"Tokopedia","Oxwalker","Promo Samsung Galaxy A07 ( 4/64 4/128 6/128 8/256 ) Garansi Resmi Sein",,"2024-Q2"
"https://www.tokopedia.com/ini-toko-budi-shop/samsung-galaxy-a07-4-64-4-128-6-128-8-256-garansi-resmi-sein-1729815001835537895-1735330887460881895?extParam=ivf%3Dtrue%26keyword%3Dsamsung+a07%26search_id%3D2026051013261194F6D7E04A4D452A9TDF%26src%3Dsearch&t_id=1778419236765&t_st=7&t_pp=search_result&t_efo=search_pure_goods_card&t_ef=goods_search&t_sm=&t_spt=search_result","Barangnya original 👍.","Barangnya original 👍.","Oxwalker","Indonesia","05-10-2026","10-02-2021","Pants","Barangnya original 👍.","Barangnya original 👍.","Unisex",,,"103314079955","Promo Samsung Galaxy A07 ( 4/64 4/128 6/128 8/256 ) Garansi Resmi Sein","Promo Samsung Galaxy A07 ( 4/64 4/128 6/128 8/256 ) Garansi Resmi Sein - A07 4/64 Black, No Bonus Cicil 0% 3x -  - Ini Toko Budi Shop | Tokopedia","Handphone","Android OS","5","490886422","Product Review","",,"Tokopedia","Oxwalker","Promo Samsung Galaxy A07 ( 4/64 4/128 6/128 8/256 ) Garansi Resmi Sein",,"2021-Q4"
"https://www.tokopedia.com/ini-toko-budi-shop/samsung-galaxy-a07-4-64-4-128-6-128-8-256-garansi-resmi-sein-1729815001835537895-1735330887460881895?extParam=ivf%3Dtrue%26keyword%3Dsamsung+a07%26search_id%3D2026051013261194F6D7E04A4D452A9TDF%26src%3Dsearch&t_id=1778419236765&t_st=7&t_pp=search_result&t_efo=search_pure_goods_card&t_ef=goods_search&t_sm=&t_spt=search_result","Packing nya ga rapi, bekas copotan kepala casan,  lain kali tolong perhatiin lagi, walaupun repack harus rapi, barang nya buat hadiah,","Packing nya ga rapi, bekas copotan kepala casan,  lain kali tolong perhatiin lagi, walaupun repack harus rapi, barang nya buat hadiah,","Oxwalker","Indonesia","05-10-2026","03-10-2025","Pants","Packing nya ga rapi, bekas copotan kepala casan,  lain kali tolong perhatiin lagi, walaupun repack harus rapi, barang nya buat hadiah,","Packing nya ga rapi, bekas copotan kepala casan,  lain kali tolong perhatiin lagi, walaupun repack harus rapi, barang nya buat hadiah,","Unisex",,,"103314079955","Promo Samsung Galaxy A07 ( 4/64 4/128 6/128 8/256 ) Garansi Resmi Sein","Promo Samsung Galaxy A07 ( 4/64 4/128 6/128 8/256 ) Garansi Resmi Sein - A07 4/64 Black, No Bonus Cicil 0% 3x -  - Ini Toko Budi Shop | Tokopedia","Handphone","Android OS","3","1307008291","Product Review","",,"Tokopedia","Oxwalker","Promo Samsung Galaxy A07 ( 4/64 4/128 6/128 8/256 ) Garansi Resmi Sein",,"2025-Q1"
"https://www.tokopedia.com/ini-toko-budi-shop/samsung-galaxy-a07-4-64-4-128-6-128-8-256-garansi-resmi-sein-1729815001835537895-1735330887460881895?extParam=ivf%3Dtrue%26keyword%3Dsamsung+a07%26search_id%3D2026051013261194F6D7E04A4D452A9TDF%26src%3Dsearch&t_id=1778419236765&t_st=7&t_pp=search_result&t_efo=search_pure_goods_card&t_ef=goods_search&t_sm=&t_spt=search_result","Mantap. Mertua suka 👍","Mantap. Mertua suka 👍","Oxwalker","Indonesia","05-10-2026","03-15-2024","Pants","Mantap. Mertua suka 👍","Mantap. Mertua suka 👍","Unisex",,,"103314079955","Promo Samsung Galaxy A07 ( 4/64 4/128 6/128 8/256 ) Garansi Resmi Sein","Promo Samsung Galaxy A07 ( 4/64 4/128 6/128 8/256 ) Garansi Resmi Sein - A07 4/64 Black, No Bonus Cicil 0% 3x -  - Ini Toko Budi Shop | Tokopedia","Handphone","Android OS","5","1014637662","Product Review","",,"Tokopedia","Oxwalker","Promo Samsung Galaxy A07 ( 4/64 4/128 6/128 8/256 ) Garansi Resmi Sein",,"2024-Q1"
"https://www.tokopedia.com/ini-toko-budi-shop/samsung-galaxy-a07-4-64-4-128-6-128-8-256-garansi-resmi-sein-1729815001835537895-1735330887460881895?extParam=ivf%3Dtrue%26keyword%3Dsamsung+a07%26search_id%3D2026051013261194F6D7E04A4D452A9TDF%26src%3Dsearch&t_id=1778419236765&t_st=7&t_pp=search_result&t_efo=search_pure_goods_card&t_ef=goods_search&t_sm=&t_spt=search_result","Barangnya original 👍","Barangnya original 👍","Oxwalker","Indonesia","05-10-2026","04-06-2022","Pants","Barangnya original 👍","Barangnya original 👍","Unisex",,,"103314079955","Promo Samsung Galaxy A07 ( 4/64 4/128 6/128 8/256 ) Garansi Resmi Sein","Promo Samsung Galaxy A07 ( 4/64 4/128 6/128 8/256 ) Garansi Resmi Sein - A07 4/64 Black, No Bonus Cicil 0% 3x -  - Ini Toko Budi Shop | Tokopedia","Handphone","Android OS","5","641247868","Product Review","",,"Tokopedia","Oxwalker","Promo Samsung Galaxy A07 ( 4/64 4/128 6/128 8/256 ) Garansi Resmi Sein",,"2022-Q2"
"https://www.tokopedia.com/ini-toko-budi-shop/samsung-galaxy-a07-4-64-4-128-6-128-8-256-garansi-resmi-sein-1729815001835537895-1735330887460881895?extParam=ivf%3Dtrue%26keyword%3Dsamsung+a07%26search_id%3D2026051013261194F6D7E04A4D452A9TDF%26src%3Dsearch&t_id=1778419236765&t_st=7&t_pp=search_result&t_efo=search_pure_goods_card&t_ef=goods_search&t_sm=&t_spt=search_result","Barang kondisi baik ,aman gak bermasalah","Barang kondisi baik ,aman gak bermasalah","Oxwalker","Indonesia","05-10-2026","09-17-2025","Pants","Barang kondisi baik ,aman gak bermasalah","Barang kondisi baik ,aman gak bermasalah","Unisex",,,"103314079955","Promo Samsung Galaxy A07 ( 4/64 4/128 6/128 8/256 ) Garansi Resmi Sein","Promo Samsung Galaxy A07 ( 4/64 4/128 6/128 8/256 ) Garansi Resmi Sein - A07 4/64 Black, No Bonus Cicil 0% 3x -  - Ini Toko Budi Shop | Tokopedia","Handphone","Android OS","4","1681979182","Product Review","",,"Tokopedia","Oxwalker","Promo Samsung Galaxy A07 ( 4/64 4/128 6/128 8/256 ) Garansi Resmi Sein",,"2025-Q3"
"https://www.tokopedia.com/ini-toko-budi-shop/samsung-galaxy-a07-4-64-4-128-6-128-8-256-garansi-resmi-sein-1729815001835537895-1735330887460881895?extParam=ivf%3Dtrue%26keyword%3Dsamsung+a07%26search_id%3D2026051013261194F6D7E04A4D452A9TDF%26src%3Dsearch&t_id=1778419236765&t_st=7&t_pp=search_result&t_efo=search_pure_goods_card&t_ef=goods_search&t_sm=&t_spt=search_result","Barangnya original 👍","Barangnya original 👍","Oxwalker","Indonesia","05-10-2026","11-14-2021","Pants","Barangnya original 👍","Barangnya original 👍","Unisex",,,"103314079955","Promo Samsung Galaxy A07 ( 4/64 4/128 6/128 8/256 ) Garansi Resmi Sein","Promo Samsung Galaxy A07 ( 4/64 4/128 6/128 8/256 ) Garansi Resmi Sein - A07 4/64 Black, No Bonus Cicil 0% 3x -  - Ini Toko Budi Shop | Tokopedia","Handphone","Android OS","5","524002414","Product Review","",,"Tokopedia","Oxwalker","Promo Samsung Galaxy A07 ( 4/64 4/128 6/128 8/256 ) Garansi Resmi Sein",,"2021-Q4"
"https://www.tokopedia.com/ini-toko-budi-shop/samsung-galaxy-a07-4-64-4-128-6-128-8-256-garansi-resmi-sein-1729815001835537895-1735330887460881895?extParam=ivf%3Dtrue%26keyword%3Dsamsung+a07%26search_id%3D2026051013261194F6D7E04A4D452A9TDF%26src%3Dsearch&t_id=1778419236765&t_st=7&t_pp=search_result&t_efo=search_pure_goods_card&t_ef=goods_search&t_sm=&t_spt=search_result","Kejernihan lensa: Bagus","Kejernihan lensa: Bagus","Oxwalker","Indonesia","05-10-2026","09-19-2025","Pants","Kejernihan lensa: Bagus","Kejernihan lensa: Bagus","Unisex",,,"103314079955","Promo Samsung Galaxy A07 ( 4/64 4/128 6/128 8/256 ) Garansi Resmi Sein","Promo Samsung Galaxy A07 ( 4/64 4/128 6/128 8/256 ) Garansi Resmi Sein - A07 4/64 Black, No Bonus Cicil 0% 3x -  - Ini Toko Budi Shop | Tokopedia","Handphone","Android OS","5","1685484794","Product Review","",,"Tokopedia","Oxwalker","Promo Samsung Galaxy A07 ( 4/64 4/128 6/128 8/256 ) Garansi Resmi Sein",,"2025-Q3"
"https://www.tokopedia.com/ini-toko-budi-shop/samsung-galaxy-a07-4-64-4-128-6-128-8-256-garansi-resmi-sein-1729815001835537895-1735330887460881895?extParam=ivf%3Dtrue%26keyword%3Dsamsung+a07%26search_id%3D2026051013261194F6D7E04A4D452A9TDF%26src%3Dsearch&t_id=1778419236765&t_st=7&t_pp=search_result&t_efo=search_pure_goods_card&t_ef=goods_search&t_sm=&t_spt=search_result","mntap pokonya barang ny","mntap pokonya barang ny","Oxwalker","Indonesia","05-10-2026","02-05-2022","Pants","mntap pokonya barang ny","mntap pokonya barang ny","Unisex",,,"103314079955","Promo Samsung Galaxy A07 ( 4/64 4/128 6/128 8/256 ) Garansi Resmi Sein","Promo Samsung Galaxy A07 ( 4/64 4/128 6/128 8/256 ) Garansi Resmi Sein - A07 4/64 Black, No Bonus Cicil 0% 3x -  - Ini Toko Budi Shop | Tokopedia","Handphone","Android OS","5","591730161","Product Review","",,"Tokopedia","Oxwalker","Promo Samsung Galaxy A07 ( 4/64 4/128 6/128 8/256 ) Garansi Resmi Sein",,"2022-Q1"
"https://www.tokopedia.com/ini-toko-budi-shop/samsung-galaxy-a07-4-64-4-128-6-128-8-256-garansi-resmi-sein-1729815001835537895-1735330887460881895?extParam=ivf%3Dtrue%26keyword%3Dsamsung+a07%26search_id%3D2026051013261194F6D7E04A4D452A9TDF%26src%3Dsearch&t_id=1778419236765&t_st=7&t_pp=search_result&t_efo=search_pure_goods_card&t_ef=goods_search&t_sm=&t_spt=search_result","Barang asli segel bagus","Barang asli segel bagus","Oxwalker","Indonesia","05-10-2026","02-20-2024","Pants","Barang asli segel bagus","Barang asli segel bagus","Unisex",,,"103314079955","Promo Samsung Galaxy A07 ( 4/64 4/128 6/128 8/256 ) Garansi Resmi Sein","Promo Samsung Galaxy A07 ( 4/64 4/128 6/128 8/256 ) Garansi Resmi Sein - A07 4/64 Black, No Bonus Cicil 0% 3x -  - Ini Toko Budi Shop | Tokopedia","Handphone","Android OS","5","1004244790","Product Review","",,"Tokopedia","Oxwalker","Promo Samsung Galaxy A07 ( 4/64 4/128 6/128 8/256 ) Garansi Resmi Sein",,"2024-Q1"
"https://www.tokopedia.com/ini-toko-budi-shop/samsung-galaxy-a07-4-64-4-128-6-128-8-256-garansi-resmi-sein-1729815001835537895-1735330887460881895?extParam=ivf%3Dtrue%26keyword%3Dsamsung+a07%26search_id%3D2026051013261194F6D7E04A4D452A9TDF%26src%3Dsearch&t_id=1778419236765&t_st=7&t_pp=search_result&t_efo=search_pure_goods_card&t_ef=goods_search&t_sm=&t_spt=search_result","Ok affordable but smooth","Ok affordable but smooth","Oxwalker","Indonesia","05-10-2026","09-17-2025","Pants","Ok affordable but smooth","Ok affordable but smooth","Unisex",,,"103314079955","Promo Samsung Galaxy A07 ( 4/64 4/128 6/128 8/256 ) Garansi Resmi Sein","Promo Samsung Galaxy A07 ( 4/64 4/128 6/128 8/256 ) Garansi Resmi Sein - A07 4/64 Black, No Bonus Cicil 0% 3x -  - Ini Toko Budi Shop | Tokopedia","Handphone","Android OS","5","1681326529","Product Review","",,"Tokopedia","Oxwalker","Promo Samsung Galaxy A07 ( 4/64 4/128 6/128 8/256 ) Garansi Resmi Sein",,"2025-Q3"
"https://www.tokopedia.com/ini-toko-budi-shop/samsung-galaxy-a07-4-64-4-128-6-128-8-256-garansi-resmi-sein-1729815001835537895-1735330887460881895?extParam=ivf%3Dtrue%26keyword%3Dsamsung+a07%26search_id%3D2026051013261194F6D7E04A4D452A9TDF%26src%3Dsearch&t_id=1778419236765&t_st=7&t_pp=search_result&t_efo=search_pure_goods_card&t_ef=goods_search&t_sm=&t_spt=search_result","pengiriman sangat cepat","pengiriman sangat cepat","Oxwalker","Indonesia","05-10-2026","10-02-2025","Pants","pengiriman sangat cepat","pengiriman sangat cepat","Unisex",,,"103314079955","Promo Samsung Galaxy A07 ( 4/64 4/128 6/128 8/256 ) Garansi Resmi Sein","Promo Samsung Galaxy A07 ( 4/64 4/128 6/128 8/256 ) Garansi Resmi Sein - A07 4/64 Black, No Bonus Cicil 0% 3x -  - Ini Toko Budi Shop | Tokopedia","Handphone","Android OS","5","1702991008","Product Review","",,"Tokopedia","Oxwalker","Promo Samsung Galaxy A07 ( 4/64 4/128 6/128 8/256 ) Garansi Resmi Sein",,"2025-Q4"
"https://www.tokopedia.com/ini-toko-budi-shop/samsung-galaxy-a07-4-64-4-128-6-128-8-256-garansi-resmi-sein-1729815001835537895-1735330887460881895?extParam=ivf%3Dtrue%26keyword%3Dsamsung+a07%26search_id%3D2026051013261194F6D7E04A4D452A9TDF%26src%3Dsearch&t_id=1778419236765&t_st=7&t_pp=search_result&t_efo=search_pure_goods_card&t_ef=goods_search&t_sm=&t_spt=search_result","Sangat memuaskan sekali","Sangat memuaskan sekali","Oxwalker","Indonesia","05-10-2026","03-06-2026","Pants","Sangat memuaskan sekali","Sangat memuaskan sekali","Unisex",,,"103314079955","Promo Samsung Galaxy A07 ( 4/64 4/128 6/128 8/256 ) Garansi Resmi Sein","Promo Samsung Galaxy A07 ( 4/64 4/128 6/128 8/256 ) Garansi Resmi Sein - A07 4/64 Black, No Bonus Cicil 0% 3x -  - Ini Toko Budi Shop | Tokopedia","Handphone","Android OS","5","1972570198","Product Review","",,"Tokopedia","Oxwalker","Promo Samsung Galaxy A07 ( 4/64 4/128 6/128 8/256 ) Garansi Resmi Sein",,"2026-Q1"
"https://www.tokopedia.com/ini-toko-budi-shop/samsung-galaxy-a07-4-64-4-128-6-128-8-256-garansi-resmi-sein-1729815001835537895-1735330887460881895?extParam=ivf%3Dtrue%26keyword%3Dsamsung+a07%26search_id%3D2026051013261194F6D7E04A4D452A9TDF%26src%3Dsearch&t_id=1778419236765&t_st=7&t_pp=search_result&t_efo=search_pure_goods_card&t_ef=goods_search&t_sm=&t_spt=search_result","Sangat memuaskan sekali","Sangat memuaskan sekali","Oxwalker","Indonesia","05-10-2026","03-06-2026","Pants","Sangat memuaskan sekali","Sangat memuaskan sekali","Unisex",,,"103314079955","Promo Samsung Galaxy A07 ( 4/64 4/128 6/128 8/256 ) Garansi Resmi Sein","Promo Samsung Galaxy A07 ( 4/64 4/128 6/128 8/256 ) Garansi Resmi Sein - A07 4/64 Black, No Bonus Cicil 0% 3x -  - Ini Toko Budi Shop | Tokopedia","Handphone","Android OS","5","1972574654","Product Review","",,"Tokopedia","Oxwalker","Promo Samsung Galaxy A07 ( 4/64 4/128 6/128 8/256 ) Garansi Resmi Sein",,"2026-Q1"
"https://www.tokopedia.com/ini-toko-budi-shop/samsung-galaxy-a07-4-64-4-128-6-128-8-256-garansi-resmi-sein-1729815001835537895-1735330887460881895?extParam=ivf%3Dtrue%26keyword%3Dsamsung+a07%26search_id%3D2026051013261194F6D7E04A4D452A9TDF%26src%3Dsearch&t_id=1778419236765&t_st=7&t_pp=search_result&t_efo=search_pure_goods_card&t_ef=goods_search&t_sm=&t_spt=search_result","Ori dan amanah hatur nuhun","Ori dan amanah hatur nuhun","Oxwalker","Indonesia","05-10-2026","05-11-2025","Pants","Ori dan amanah hatur nuhun","Ori dan amanah hatur nuhun","Unisex",,,"103314079955","Promo Samsung Galaxy A07 ( 4/64 4/128 6/128 8/256 ) Garansi Resmi Sein","Promo Samsung Galaxy A07 ( 4/64 4/128 6/128 8/256 ) Garansi Resmi Sein - A07 4/64 Black, No Bonus Cicil 0% 3x -  - Ini Toko Budi Shop | Tokopedia","Handphone","Android OS","5","1452612467","Product Review","",,"Tokopedia","Oxwalker","Promo Samsung Galaxy A07 ( 4/64 4/128 6/128 8/256 ) Garansi Resmi Sein",,"2025-Q2"
"https://www.tokopedia.com/ini-toko-budi-shop/samsung-galaxy-a07-4-64-4-128-6-128-8-256-garansi-resmi-sein-1729815001835537895-1735330887460881895?extParam=ivf%3Dtrue%26keyword%3Dsamsung+a07%26search_id%3D2026051013261194F6D7E04A4D452A9TDF%26src%3Dsearch&t_id=1778419236765&t_st=7&t_pp=search_result&t_efo=search_pure_goods_card&t_ef=goods_search&t_sm=&t_spt=search_result","barang oke, kirim cepat","barang oke, kirim cepat","Oxwalker","Indonesia","05-10-2026","05-08-2024","Pants","barang oke, kirim cepat","barang oke, kirim cepat","Unisex",,,"103314079955","Promo Samsung Galaxy A07 ( 4/64 4/128 6/128 8/256 ) Garansi Resmi Sein","Promo Samsung Galaxy A07 ( 4/64 4/128 6/128 8/256 ) Garansi Resmi Sein - A07 4/64 Black, No Bonus Cicil 0% 3x -  - Ini Toko Budi Shop | Tokopedia","Handphone","Android OS","5","1037344477","Product Review","",,"Tokopedia","Oxwalker","Promo Samsung Galaxy A07 ( 4/64 4/128 6/128 8/256 ) Garansi Resmi Sein",,"2024-Q2"
"https://www.tokopedia.com/ini-toko-budi-shop/samsung-galaxy-a07-4-64-4-128-6-128-8-256-garansi-resmi-sein-1729815001835537895-1735330887460881895?extParam=ivf%3Dtrue%26keyword%3Dsamsung+a07%26search_id%3D2026051013261194F6D7E04A4D452A9TDF%26src%3Dsearch&t_id=1778419236765&t_st=7&t_pp=search_result&t_efo=search_pure_goods_card&t_ef=goods_search&t_sm=&t_spt=search_result","barang ok original..tks","barang ok original..tks","Oxwalker","Indonesia","05-10-2026","04-14-2024","Pants","barang ok original..tks","barang ok original..tks","Unisex",,,"103314079955","Promo Samsung Galaxy A07 ( 4/64 4/128 6/128 8/256 ) Garansi Resmi Sein","Promo Samsung Galaxy A07 ( 4/64 4/128 6/128 8/256 ) Garansi Resmi Sein - A07 4/64 Black, No Bonus Cicil 0% 3x -  - Ini Toko Budi Shop | Tokopedia","Handphone","Android OS","5","1027871182","Product Review","",,"Tokopedia","Oxwalker","Promo Samsung Galaxy A07 ( 4/64 4/128 6/128 8/256 ) Garansi Resmi Sein",,"2024-Q2"
"https://www.tokopedia.com/ini-toko-budi-shop/samsung-galaxy-a07-4-64-4-128-6-128-8-256-garansi-resmi-sein-1729815001835537895-1735330887460881895?extParam=ivf%3Dtrue%26keyword%3Dsamsung+a07%26search_id%3D2026051013261194F6D7E04A4D452A9TDF%26src%3Dsearch&t_id=1778419236765&t_st=7&t_pp=search_result&t_efo=search_pure_goods_card&t_ef=goods_search&t_sm=&t_spt=search_result","Respon penjualnya top. Penjualnya ramah banget. Barangnya mulus. Kemasan disegel. tapi pas sampai Box sedikit rusak(penyok) tolong di rapihin lg pas saat pecking biar pas umboxing enak diliat","Respon penjualnya top. Penjualnya ramah banget. Barangnya mulus. Kemasan disegel. tapi pas sampai Box sedikit rusak(penyok) tolong di rapihin lg pas saat pecking biar pas umboxing enak diliat","Oxwalker","Indonesia","05-10-2026","04-08-2022","Pants","Respon penjualnya top. Penjualnya ramah banget. Barangnya mulus. Kemasan disegel. tapi pas sampai Box sedikit rusak(penyok) tolong di rapihin lg pas saat pecking biar pas umboxing enak diliat","Respon penjualnya top. Penjualnya ramah banget. Barangnya mulus. Kemasan disegel. tapi pas sampai Box sedikit rusak(penyok) tolong di rapihin lg pas saat pecking biar pas umboxing enak diliat","Unisex",,,"103314079955","Promo Samsung Galaxy A07 ( 4/64 4/128 6/128 8/256 ) Garansi Resmi Sein","Promo Samsung Galaxy A07 ( 4/64 4/128 6/128 8/256 ) Garansi Resmi Sein - A07 4/64 Black, No Bonus Cicil 0% 3x -  - Ini Toko Budi Shop | Tokopedia","Handphone","Android OS","3","642378957","Product Review","",,"Tokopedia","Oxwalker","Promo Samsung Galaxy A07 ( 4/64 4/128 6/128 8/256 ) Garansi Resmi Sein",,"2022-Q2"
"https://www.tokopedia.com/ini-toko-budi-shop/samsung-galaxy-a07-4-64-4-128-6-128-8-256-garansi-resmi-sein-1729815001835537895-1735330887460881895?extParam=ivf%3Dtrue%26keyword%3Dsamsung+a07%26search_id%3D2026051013261194F6D7E04A4D452A9TDF%26src%3Dsearch&t_id=1778419236765&t_st=7&t_pp=search_result&t_efo=search_pure_goods_card&t_ef=goods_search&t_sm=&t_spt=search_result","Bgsssss realpicttttttt","Bgsssss realpicttttttt","Oxwalker","Indonesia","05-10-2026","04-10-2026","Pants","Bgsssss realpicttttttt","Bgsssss realpicttttttt","Unisex",,,"103314079955","Promo Samsung Galaxy A07 ( 4/64 4/128 6/128 8/256 ) Garansi Resmi Sein","Promo Samsung Galaxy A07 ( 4/64 4/128 6/128 8/256 ) Garansi Resmi Sein - A07 4/64 Black, No Bonus Cicil 0% 3x -  - Ini Toko Budi Shop | Tokopedia","Handphone","Android OS","5","2039797391","Product Review","",,"Tokopedia","Oxwalker","Promo Samsung Galaxy A07 ( 4/64 4/128 6/128 8/256 ) Garansi Resmi Sein",,"2026-Q2"
"https://www.tokopedia.com/ini-toko-budi-shop/samsung-galaxy-a07-4-64-4-128-6-128-8-256-garansi-resmi-sein-1729815001835537895-1735330887460881895?extParam=ivf%3Dtrue%26keyword%3Dsamsung+a07%26search_id%3D2026051013261194F6D7E04A4D452A9TDF%26src%3Dsearch&t_id=1778419236765&t_st=7&t_pp=search_result&t_efo=search_pure_goods_card&t_ef=goods_search&t_sm=&t_spt=search_result","mantap om packing tebal","mantap om packing tebal","Oxwalker","Indonesia","05-10-2026","11-25-2025","Pants","mantap om packing tebal","mantap om packing tebal","Unisex",,,"103314079955","Promo Samsung Galaxy A07 ( 4/64 4/128 6/128 8/256 ) Garansi Resmi Sein","Promo Samsung Galaxy A07 ( 4/64 4/128 6/128 8/256 ) Garansi Resmi Sein - A07 4/64 Black, No Bonus Cicil 0% 3x -  - Ini Toko Budi Shop | Tokopedia","Handphone","Android OS","5","1782577880","Product Review","",,"Tokopedia","Oxwalker","Promo Samsung Galaxy A07 ( 4/64 4/128 6/128 8/256 ) Garansi Resmi Sein",,"2025-Q4"
"https://www.tokopedia.com/ini-toko-budi-shop/samsung-galaxy-a07-4-64-4-128-6-128-8-256-garansi-resmi-sein-1729815001835537895-1735330887460881895?extParam=ivf%3Dtrue%26keyword%3Dsamsung+a07%26search_id%3D2026051013261194F6D7E04A4D452A9TDF%26src%3Dsearch&t_id=1778419236765&t_st=7&t_pp=search_result&t_efo=search_pure_goods_card&t_ef=goods_search&t_sm=&t_spt=search_result","Mantap pengiriman cepat","Mantap pengiriman cepat","Oxwalker","Indonesia","05-10-2026","01-14-2026","Pants","Mantap pengiriman cepat","Mantap pengiriman cepat","Unisex",,,"103314079955","Promo Samsung Galaxy A07 ( 4/64 4/128 6/128 8/256 ) Garansi Resmi Sein","Promo Samsung Galaxy A07 ( 4/64 4/128 6/128 8/256 ) Garansi Resmi Sein - A07 4/64 Black, No Bonus Cicil 0% 3x -  - Ini Toko Budi Shop | Tokopedia","Handphone","Android OS","5","1868483319","Product Review","",,"Tokopedia","Oxwalker","Promo Samsung Galaxy A07 ( 4/64 4/128 6/128 8/256 ) Garansi Resmi Sein",,"2026-Q1"
"https://www.tokopedia.com/ini-toko-budi-shop/samsung-galaxy-a07-4-64-4-128-6-128-8-256-garansi-resmi-sein-1729815001835537895-1735330887460881895?extParam=ivf%3Dtrue%26keyword%3Dsamsung+a07%26search_id%3D2026051013261194F6D7E04A4D452A9TDF%26src%3Dsearch&t_id=1778419236765&t_st=7&t_pp=search_result&t_efo=search_pure_goods_card&t_ef=goods_search&t_sm=&t_spt=search_result","bagus sesuai deskripsi","bagus sesuai deskripsi","Oxwalker","Indonesia","05-10-2026","11-06-2025","Pants","bagus sesuai deskripsi","bagus sesuai deskripsi","Unisex",,,"103314079955","Promo Samsung Galaxy A07 ( 4/64 4/128 6/128 8/256 ) Garansi Resmi Sein","Promo Samsung Galaxy A07 ( 4/64 4/128 6/128 8/256 ) Garansi Resmi Sein - A07 4/64 Black, No Bonus Cicil 0% 3x -  - Ini Toko Budi Shop | Tokopedia","Handphone","Android OS","5","1753754164","Product Review","",,"Tokopedia","Oxwalker","Promo Samsung Galaxy A07 ( 4/64 4/128 6/128 8/256 ) Garansi Resmi Sein",,"2025-Q4"
"https://www.tokopedia.com/ini-toko-budi-shop/samsung-galaxy-a07-4-64-4-128-6-128-8-256-garansi-resmi-sein-1729815001835537895-1735330887460881895?extParam=ivf%3Dtrue%26keyword%3Dsamsung+a07%26search_id%3D2026051013261194F6D7E04A4D452A9TDF%26src%3Dsearch&t_id=1778419236765&t_st=7&t_pp=search_result&t_efo=search_pure_goods_card&t_ef=goods_search&t_sm=&t_spt=search_result","worth it sekali, suka!","worth it sekali, suka!","Oxwalker","Indonesia","05-10-2026","01-18-2026","Pants","worth it sekali, suka!","worth it sekali, suka!","Unisex",,,"103314079955","Promo Samsung Galaxy A07 ( 4/64 4/128 6/128 8/256 ) Garansi Resmi Sein","Promo Samsung Galaxy A07 ( 4/64 4/128 6/128 8/256 ) Garansi Resmi Sein - A07 4/64 Black, No Bonus Cicil 0% 3x -  - Ini Toko Budi Shop | Tokopedia","Handphone","Android OS","5","1874646291","Product Review","",,"Tokopedia","Oxwalker","Promo Samsung Galaxy A07 ( 4/64 4/128 6/128 8/256 ) Garansi Resmi Sein",,"2026-Q1"
"https://www.tokopedia.com/ini-toko-budi-shop/samsung-galaxy-a07-4-64-4-128-6-128-8-256-garansi-resmi-sein-1729815001835537895-1735330887460881895?extParam=ivf%3Dtrue%26keyword%3Dsamsung+a07%26search_id%3D2026051013261194F6D7E04A4D452A9TDF%26src%3Dsearch&t_id=1778419236765&t_st=7&t_pp=search_result&t_efo=search_pure_goods_card&t_ef=goods_search&t_sm=&t_spt=search_result","Berfungsi dengan baik","Berfungsi dengan baik","Oxwalker","Indonesia","05-10-2026","09-20-2021","Pants","Berfungsi dengan baik","Berfungsi dengan baik","Unisex",,,"103314079955","Promo Samsung Galaxy A07 ( 4/64 4/128 6/128 8/256 ) Garansi Resmi Sein","Promo Samsung Galaxy A07 ( 4/64 4/128 6/128 8/256 ) Garansi Resmi Sein - A07 4/64 Black, No Bonus Cicil 0% 3x -  - Ini Toko Budi Shop | Tokopedia","Handphone","Android OS","5","481365503","Product Review","",,"Tokopedia","Oxwalker","Promo Samsung Galaxy A07 ( 4/64 4/128 6/128 8/256 ) Garansi Resmi Sein",,"2021-Q3"
"https://www.tokopedia.com/ini-toko-budi-shop/samsung-galaxy-a07-4-64-4-128-6-128-8-256-garansi-resmi-sein-1729815001835537895-1735330887460881895?extParam=ivf%3Dtrue%26keyword%3Dsamsung+a07%26search_id%3D2026051013261194F6D7E04A4D452A9TDF%26src%3Dsearch&t_id=1778419236765&t_st=7&t_pp=search_result&t_efo=search_pure_goods_card&t_ef=goods_search&t_sm=&t_spt=search_result","bagus sesuai deskripsi","bagus sesuai deskripsi","Oxwalker","Indonesia","05-10-2026","10-26-2025","Pants","bagus sesuai deskripsi","bagus sesuai deskripsi","Unisex",,,"103314079955","Promo Samsung Galaxy A07 ( 4/64 4/128 6/128 8/256 ) Garansi Resmi Sein","Promo Samsung Galaxy A07 ( 4/64 4/128 6/128 8/256 ) Garansi Resmi Sein - A07 4/64 Black, No Bonus Cicil 0% 3x -  - Ini Toko Budi Shop | Tokopedia","Handphone","Android OS","5","1736846573","Product Review","",,"Tokopedia","Oxwalker","Promo Samsung Galaxy A07 ( 4/64 4/128 6/128 8/256 ) Garansi Resmi Sein",,"2025-Q4"
"https://www.tokopedia.com/ini-toko-budi-shop/samsung-galaxy-a07-4-64-4-128-6-128-8-256-garansi-resmi-sein-1729815001835537895-1735330887460881895?extParam=ivf%3Dtrue%26keyword%3Dsamsung+a07%26search_id%3D2026051013261194F6D7E04A4D452A9TDF%26src%3Dsearch&t_id=1778419236765&t_st=7&t_pp=search_result&t_efo=search_pure_goods_card&t_ef=goods_search&t_sm=&t_spt=search_result","Barang sesuai pesanan","Barang sesuai pesanan","Oxwalker","Indonesia","05-10-2026","10-08-2025","Pants","Barang sesuai pesanan","Barang sesuai pesanan","Unisex",,,"103314079955","Promo Samsung Galaxy A07 ( 4/64 4/128 6/128 8/256 ) Garansi Resmi Sein","Promo Samsung Galaxy A07 ( 4/64 4/128 6/128 8/256 ) Garansi Resmi Sein - A07 4/64 Black, No Bonus Cicil 0% 3x -  - Ini Toko Budi Shop | Tokopedia","Handphone","Android OS","5","1711942293","Product Review","",,"Tokopedia","Oxwalker","Promo Samsung Galaxy A07 ( 4/64 4/128 6/128 8/256 ) Garansi Resmi Sein",,"2025-Q4"
"https://www.tokopedia.com/ini-toko-budi-shop/samsung-galaxy-a07-4-64-4-128-6-128-8-256-garansi-resmi-sein-1729815001835537895-1735330887460881895?extParam=ivf%3Dtrue%26keyword%3Dsamsung+a07%26search_id%3D2026051013261194F6D7E04A4D452A9TDF%26src%3Dsearch&t_id=1778419236765&t_st=7&t_pp=search_result&t_efo=search_pure_goods_card&t_ef=goods_search&t_sm=&t_spt=search_result","👍👍👍👍👍","👍👍👍👍👍","Oxwalker","Indonesia","05-10-2026","10-20-2025","Pants","👍👍👍👍👍","👍👍👍👍👍","Unisex",,,"103314079955","Promo Samsung Galaxy A07 ( 4/64 4/128 6/128 8/256 ) Garansi Resmi Sein","Promo Samsung Galaxy A07 ( 4/64 4/128 6/128 8/256 ) Garansi Resmi Sein - A07 4/64 Black, No Bonus Cicil 0% 3x -  - Ini Toko Budi Shop | Tokopedia","Handphone","Android OS","5","1728604240","Product Review","",,"Tokopedia","Oxwalker","Promo Samsung Galaxy A07 ( 4/64 4/128 6/128 8/256 ) Garansi Resmi Sein",,"2025-Q4"
"https://www.tokopedia.com/ini-toko-budi-shop/samsung-galaxy-a07-4-64-4-128-6-128-8-256-garansi-resmi-sein-1729815001835537895-1735330887460881895?extParam=ivf%3Dtrue%26keyword%3Dsamsung+a07%26search_id%3D2026051013261194F6D7E04A4D452A9TDF%26src%3Dsearch&t_id=1778419236765&t_st=7&t_pp=search_result&t_efo=search_pure_goods_card&t_ef=goods_search&t_sm=&t_spt=search_result","packing sangat tidak aman
mengingat pengiriman jauh
hanya dibalut buble wrap","packing sangat tidak aman
mengingat pengiriman jauh
hanya dibalut buble wrap","Oxwalker","Indonesia","05-10-2026","07-23-2024","Pants","packing sangat tidak aman
mengingat pengiriman jauh
hanya dibalut buble wrap","packing sangat tidak aman
mengingat pengiriman jauh
hanya dibalut buble wrap","Unisex",,,"103314079955","Promo Samsung Galaxy A07 ( 4/64 4/128 6/128 8/256 ) Garansi Resmi Sein","Promo Samsung Galaxy A07 ( 4/64 4/128 6/128 8/256 ) Garansi Resmi Sein - A07 4/64 Black, No Bonus Cicil 0% 3x -  - Ini Toko Budi Shop | Tokopedia","Handphone","Android OS","3","1069375432","Product Review","",,"Tokopedia","Oxwalker","Promo Samsung Galaxy A07 ( 4/64 4/128 6/128 8/256 ) Garansi Resmi Sein",,"2024-Q3"
"https://www.tokopedia.com/ini-toko-budi-shop/samsung-galaxy-a07-4-64-4-128-6-128-8-256-garansi-resmi-sein-1729815001835537895-1735330887460881895?extParam=ivf%3Dtrue%26keyword%3Dsamsung+a07%26search_id%3D2026051013261194F6D7E04A4D452A9TDF%26src%3Dsearch&t_id=1778419236765&t_st=7&t_pp=search_result&t_efo=search_pure_goods_card&t_ef=goods_search&t_sm=&t_spt=search_result","Warna sesuai pesanan.","Warna sesuai pesanan.","Oxwalker","Indonesia","05-10-2026","10-17-2021","Pants","Warna sesuai pesanan.","Warna sesuai pesanan.","Unisex",,,"103314079955","Promo Samsung Galaxy A07 ( 4/64 4/128 6/128 8/256 ) Garansi Resmi Sein","Promo Samsung Galaxy A07 ( 4/64 4/128 6/128 8/256 ) Garansi Resmi Sein - A07 4/64 Black, No Bonus Cicil 0% 3x -  - Ini Toko Budi Shop | Tokopedia","Handphone","Android OS","5","501978904","Product Review","",,"Tokopedia","Oxwalker","Promo Samsung Galaxy A07 ( 4/64 4/128 6/128 8/256 ) Garansi Resmi Sein",,"2021-Q4"
"https://www.tokopedia.com/ini-toko-budi-shop/samsung-galaxy-a07-4-64-4-128-6-128-8-256-garansi-resmi-sein-1729815001835537895-1735330887460881895?extParam=ivf%3Dtrue%26keyword%3Dsamsung+a07%26search_id%3D2026051013261194F6D7E04A4D452A9TDF%26src%3Dsearch&t_id=1778419236765&t_st=7&t_pp=search_result&t_efo=search_pure_goods_card&t_ef=goods_search&t_sm=&t_spt=search_result","Barang bagus
Paket cepat","Barang bagus
Paket cepat","Oxwalker","Indonesia","05-10-2026","12-10-2025","Pants","Barang bagus
Paket cepat","Barang bagus
Paket cepat","Unisex",,,"103314079955","Promo Samsung Galaxy A07 ( 4/64 4/128 6/128 8/256 ) Garansi Resmi Sein","Promo Samsung Galaxy A07 ( 4/64 4/128 6/128 8/256 ) Garansi Resmi Sein - A07 4/64 Black, No Bonus Cicil 0% 3x -  - Ini Toko Budi Shop | Tokopedia","Handphone","Android OS","5","1806241460","Product Review","",,"Tokopedia","Oxwalker","Promo Samsung Galaxy A07 ( 4/64 4/128 6/128 8/256 ) Garansi Resmi Sein",,"2025-Q4"
"https://www.tokopedia.com/ini-toko-budi-shop/samsung-galaxy-a07-4-64-4-128-6-128-8-256-garansi-resmi-sein-1729815001835537895-1735330887460881895?extParam=ivf%3Dtrue%26keyword%3Dsamsung+a07%26search_id%3D2026051013261194F6D7E04A4D452A9TDF%26src%3Dsearch&t_id=1778419236765&t_st=7&t_pp=search_result&t_efo=search_pure_goods_card&t_ef=goods_search&t_sm=&t_spt=search_result","Biar bintang berbicara","Biar bintang berbicara","Oxwalker","Indonesia","05-10-2026","07-07-2024","Pants","Biar bintang berbicara","Biar bintang berbicara","Unisex",,,"103314079955","Promo Samsung Galaxy A07 ( 4/64 4/128 6/128 8/256 ) Garansi Resmi Sein","Promo Samsung Galaxy A07 ( 4/64 4/128 6/128 8/256 ) Garansi Resmi Sein - A07 4/64 Black, No Bonus Cicil 0% 3x -  - Ini Toko Budi Shop | Tokopedia","Handphone","Android OS","5","1062568102","Product Review","",,"Tokopedia","Oxwalker","Promo Samsung Galaxy A07 ( 4/64 4/128 6/128 8/256 ) Garansi Resmi Sein",,"2024-Q3"
"https://www.tokopedia.com/ini-toko-budi-shop/samsung-galaxy-a07-4-64-4-128-6-128-8-256-garansi-resmi-sein-1729815001835537895-1735330887460881895?extParam=ivf%3Dtrue%26keyword%3Dsamsung+a07%26search_id%3D2026051013261194F6D7E04A4D452A9TDF%26src%3Dsearch&t_id=1778419236765&t_st=7&t_pp=search_result&t_efo=search_pure_goods_card&t_ef=goods_search&t_sm=&t_spt=search_result","barang bagus dan segel","barang bagus dan segel","Oxwalker","Indonesia","05-10-2026","06-24-2024","Pants","barang bagus dan segel","barang bagus dan segel","Unisex",,,"103314079955","Promo Samsung Galaxy A07 ( 4/64 4/128 6/128 8/256 ) Garansi Resmi Sein","Promo Samsung Galaxy A07 ( 4/64 4/128 6/128 8/256 ) Garansi Resmi Sein - A07 4/64 Black, No Bonus Cicil 0% 3x -  - Ini Toko Budi Shop | Tokopedia","Handphone","Android OS","5","1056880842","Product Review","",,"Tokopedia","Oxwalker","Promo Samsung Galaxy A07 ( 4/64 4/128 6/128 8/256 ) Garansi Resmi Sein",,"2024-Q2"
"https://www.tokopedia.com/ini-toko-budi-shop/samsung-galaxy-a07-4-64-4-128-6-128-8-256-garansi-resmi-sein-1729815001835537895-1735330887460881895?extParam=ivf%3Dtrue%26keyword%3Dsamsung+a07%26search_id%3D2026051013261194F6D7E04A4D452A9TDF%26src%3Dsearch&t_id=1778419236765&t_st=7&t_pp=search_result&t_efo=search_pure_goods_card&t_ef=goods_search&t_sm=&t_spt=search_result","Ok Semuanya Mantap !!","Ok Semuanya Mantap !!","Oxwalker","Indonesia","05-10-2026","07-20-2024","Pants","Ok Semuanya Mantap !!","Ok Semuanya Mantap !!","Unisex",,,"103314079955","Promo Samsung Galaxy A07 ( 4/64 4/128 6/128 8/256 ) Garansi Resmi Sein","Promo Samsung Galaxy A07 ( 4/64 4/128 6/128 8/256 ) Garansi Resmi Sein - A07 4/64 Black, No Bonus Cicil 0% 3x -  - Ini Toko Budi Shop | Tokopedia","Handphone","Android OS","5","1068327763","Product Review","",,"Tokopedia","Oxwalker","Promo Samsung Galaxy A07 ( 4/64 4/128 6/128 8/256 ) Garansi Resmi Sein",,"2024-Q3"
"https://www.tokopedia.com/ini-toko-budi-shop/samsung-galaxy-a07-4-64-4-128-6-128-8-256-garansi-resmi-sein-1729815001835537895-1735330887460881895?extParam=ivf%3Dtrue%26keyword%3Dsamsung+a07%26search_id%3D2026051013261194F6D7E04A4D452A9TDF%26src%3Dsearch&t_id=1778419236765&t_st=7&t_pp=search_result&t_efo=search_pure_goods_card&t_ef=goods_search&t_sm=&t_spt=search_result","lengkap dan berfungsi","lengkap dan berfungsi","Oxwalker","Indonesia","05-10-2026","10-08-2025","Pants","lengkap dan berfungsi","lengkap dan berfungsi","Unisex",,,"103314079955","Promo Samsung Galaxy A07 ( 4/64 4/128 6/128 8/256 ) Garansi Resmi Sein","Promo Samsung Galaxy A07 ( 4/64 4/128 6/128 8/256 ) Garansi Resmi Sein - A07 4/64 Black, No Bonus Cicil 0% 3x -  - Ini Toko Budi Shop | Tokopedia","Handphone","Android OS","5","1712118921","Product Review","",,"Tokopedia","Oxwalker","Promo Samsung Galaxy A07 ( 4/64 4/128 6/128 8/256 ) Garansi Resmi Sein",,"2025-Q4"
"https://www.tokopedia.com/ini-toko-budi-shop/samsung-galaxy-a07-4-64-4-128-6-128-8-256-garansi-resmi-sein-1729815001835537895-1735330887460881895?extParam=ivf%3Dtrue%26keyword%3Dsamsung+a07%26search_id%3D2026051013261194F6D7E04A4D452A9TDF%26src%3Dsearch&t_id=1778419236765&t_st=7&t_pp=search_result&t_efo=search_pure_goods_card&t_ef=goods_search&t_sm=&t_spt=search_result","mantab ori dan cepat","mantab ori dan cepat","Oxwalker","Indonesia","05-10-2026","07-02-2024","Pants","mantab ori dan cepat","mantab ori dan cepat","Unisex",,,"103314079955","Promo Samsung Galaxy A07 ( 4/64 4/128 6/128 8/256 ) Garansi Resmi Sein","Promo Samsung Galaxy A07 ( 4/64 4/128 6/128 8/256 ) Garansi Resmi Sein - A07 4/64 Black, No Bonus Cicil 0% 3x -  - Ini Toko Budi Shop | Tokopedia","Handphone","Android OS","5","1060216260","Product Review","",,"Tokopedia","Oxwalker","Promo Samsung Galaxy A07 ( 4/64 4/128 6/128 8/256 ) Garansi Resmi Sein",,"2024-Q3"
"https://www.tokopedia.com/ini-toko-budi-shop/samsung-galaxy-a07-4-64-4-128-6-128-8-256-garansi-resmi-sein-1729815001835537895-1735330887460881895?extParam=ivf%3Dtrue%26keyword%3Dsamsung+a07%26search_id%3D2026051013261194F6D7E04A4D452A9TDF%26src%3Dsearch&t_id=1778419236765&t_st=7&t_pp=search_result&t_efo=search_pure_goods_card&t_ef=goods_search&t_sm=&t_spt=search_result","Brg sesuai diskripsi","Brg sesuai diskripsi","Oxwalker","Indonesia","05-10-2026","02-11-2022","Pants","Brg sesuai diskripsi","Brg sesuai diskripsi","Unisex",,,"103314079955","Promo Samsung Galaxy A07 ( 4/64 4/128 6/128 8/256 ) Garansi Resmi Sein","Promo Samsung Galaxy A07 ( 4/64 4/128 6/128 8/256 ) Garansi Resmi Sein - A07 4/64 Black, No Bonus Cicil 0% 3x -  - Ini Toko Budi Shop | Tokopedia","Handphone","Android OS","5","597543639","Product Review","",,"Tokopedia","Oxwalker","Promo Samsung Galaxy A07 ( 4/64 4/128 6/128 8/256 ) Garansi Resmi Sein",,"2022-Q1"
"https://www.tokopedia.com/ini-toko-budi-shop/samsung-galaxy-a07-4-64-4-128-6-128-8-256-garansi-resmi-sein-1729815001835537895-1735330887460881895?extParam=ivf%3Dtrue%26keyword%3Dsamsung+a07%26search_id%3D2026051013261194F6D7E04A4D452A9TDF%26src%3Dsearch&t_id=1778419236765&t_st=7&t_pp=search_result&t_efo=search_pure_goods_card&t_ef=goods_search&t_sm=&t_spt=search_result","Barang OK sesuai pesanan","Barang OK sesuai pesanan","Oxwalker","Indonesia","05-10-2026","02-01-2026","Pants","Barang OK sesuai pesanan","Barang OK sesuai pesanan","Unisex",,,"103314079955","Promo Samsung Galaxy A07 ( 4/64 4/128 6/128 8/256 ) Garansi Resmi Sein","Promo Samsung Galaxy A07 ( 4/64 4/128 6/128 8/256 ) Garansi Resmi Sein - A07 4/64 Black, No Bonus Cicil 0% 3x -  - Ini Toko Budi Shop | Tokopedia","Handphone","Android OS","5","1897944256","Product Review","",,"Tokopedia","Oxwalker","Promo Samsung Galaxy A07 ( 4/64 4/128 6/128 8/256 ) Garansi Resmi Sein",,"2026-Q1"
"https://www.tokopedia.com/ini-toko-budi-shop/samsung-galaxy-a07-4-64-4-128-6-128-8-256-garansi-resmi-sein-1729815001835537895-1735330887460881895?extParam=ivf%3Dtrue%26keyword%3Dsamsung+a07%26search_id%3D2026051013261194F6D7E04A4D452A9TDF%26src%3Dsearch&t_id=1778419236765&t_st=7&t_pp=search_result&t_efo=search_pure_goods_card&t_ef=goods_search&t_sm=&t_spt=search_result","Oke tdk ada casan hp ya","Oke tdk ada casan hp ya","Oxwalker","Indonesia","05-10-2026","01-25-2026","Pants","Oke tdk ada casan hp ya","Oke tdk ada casan hp ya","Unisex",,,"103314079955","Promo Samsung Galaxy A07 ( 4/64 4/128 6/128 8/256 ) Garansi Resmi Sein","Promo Samsung Galaxy A07 ( 4/64 4/128 6/128 8/256 ) Garansi Resmi Sein - A07 4/64 Black, No Bonus Cicil 0% 3x -  - Ini Toko Budi Shop | Tokopedia","Handphone","Android OS","5","1885763419","Product Review","",,"Tokopedia","Oxwalker","Promo Samsung Galaxy A07 ( 4/64 4/128 6/128 8/256 ) Garansi Resmi Sein",,"2026-Q1"
"https://www.tokopedia.com/ini-toko-budi-shop/samsung-galaxy-a07-4-64-4-128-6-128-8-256-garansi-resmi-sein-1729815001835537895-1735330887460881895?extParam=ivf%3Dtrue%26keyword%3Dsamsung+a07%26search_id%3D2026051013261194F6D7E04A4D452A9TDF%26src%3Dsearch&t_id=1778419236765&t_st=7&t_pp=search_result&t_efo=search_pure_goods_card&t_ef=goods_search&t_sm=&t_spt=search_result","tapi tws nya rusak.","tapi tws nya rusak.","Oxwalker","Indonesia","05-10-2026","11-08-2025","Pants","tapi tws nya rusak.","tapi tws nya rusak.","Unisex",,,"103314079955","Promo Samsung Galaxy A07 ( 4/64 4/128 6/128 8/256 ) Garansi Resmi Sein","Promo Samsung Galaxy A07 ( 4/64 4/128 6/128 8/256 ) Garansi Resmi Sein - A07 4/64 Black, No Bonus Cicil 0% 3x -  - Ini Toko Budi Shop | Tokopedia","Handphone","Android OS","5","1756989997","Product Review","",,"Tokopedia","Oxwalker","Promo Samsung Galaxy A07 ( 4/64 4/128 6/128 8/256 ) Garansi Resmi Sein",,"2025-Q4"
"https://www.tokopedia.com/ini-toko-budi-shop/samsung-galaxy-a07-4-64-4-128-6-128-8-256-garansi-resmi-sein-1729815001835537895-1735330887460881895?extParam=ivf%3Dtrue%26keyword%3Dsamsung+a07%26search_id%3D2026051013261194F6D7E04A4D452A9TDF%26src%3Dsearch&t_id=1778419236765&t_st=7&t_pp=search_result&t_efo=search_pure_goods_card&t_ef=goods_search&t_sm=&t_spt=search_result","bagus dan terpercaya","bagus dan terpercaya","Oxwalker","Indonesia","05-10-2026","07-22-2024","Pants","bagus dan terpercaya","bagus dan terpercaya","Unisex",,,"103314079955","Promo Samsung Galaxy A07 ( 4/64 4/128 6/128 8/256 ) Garansi Resmi Sein","Promo Samsung Galaxy A07 ( 4/64 4/128 6/128 8/256 ) Garansi Resmi Sein - A07 4/64 Black, No Bonus Cicil 0% 3x -  - Ini Toko Budi Shop | Tokopedia","Handphone","Android OS","5","1069007361","Product Review","",,"Tokopedia","Oxwalker","Promo Samsung Galaxy A07 ( 4/64 4/128 6/128 8/256 ) Garansi Resmi Sein",,"2024-Q3"
"https://www.tokopedia.com/ini-toko-budi-shop/samsung-galaxy-a07-4-64-4-128-6-128-8-256-garansi-resmi-sein-1729815001835537895-1735330887460881895?extParam=ivf%3Dtrue%26keyword%3Dsamsung+a07%26search_id%3D2026051013261194F6D7E04A4D452A9TDF%26src%3Dsearch&t_id=1778419236765&t_st=7&t_pp=search_result&t_efo=search_pure_goods_card&t_ef=goods_search&t_sm=&t_spt=search_result","Brg bagus paket cepat","Brg bagus paket cepat","Oxwalker","Indonesia","05-10-2026","10-30-2025","Pants","Brg bagus paket cepat","Brg bagus paket cepat","Unisex",,,"103314079955","Promo Samsung Galaxy A07 ( 4/64 4/128 6/128 8/256 ) Garansi Resmi Sein","Promo Samsung Galaxy A07 ( 4/64 4/128 6/128 8/256 ) Garansi Resmi Sein - A07 4/64 Black, No Bonus Cicil 0% 3x -  - Ini Toko Budi Shop | Tokopedia","Handphone","Android OS","5","1742396704","Product Review","",,"Tokopedia","Oxwalker","Promo Samsung Galaxy A07 ( 4/64 4/128 6/128 8/256 ) Garansi Resmi Sein",,"2025-Q4"
"https://www.tokopedia.com/ini-toko-budi-shop/samsung-galaxy-a07-4-64-4-128-6-128-8-256-garansi-resmi-sein-1729815001835537895-1735330887460881895?extParam=ivf%3Dtrue%26keyword%3Dsamsung+a07%26search_id%3D2026051013261194F6D7E04A4D452A9TDF%26src%3Dsearch&t_id=1778419236765&t_st=7&t_pp=search_result&t_efo=search_pure_goods_card&t_ef=goods_search&t_sm=&t_spt=search_result","barang sesuai foto,bagus","barang sesuai foto,bagus","Oxwalker","Indonesia","05-10-2026","03-13-2026","Pants","barang sesuai foto,bagus","barang sesuai foto,bagus","Unisex",,,"103314079955","Promo Samsung Galaxy A07 ( 4/64 4/128 6/128 8/256 ) Garansi Resmi Sein","Promo Samsung Galaxy A07 ( 4/64 4/128 6/128 8/256 ) Garansi Resmi Sein - A07 4/64 Black, No Bonus Cicil 0% 3x -  - Ini Toko Budi Shop | Tokopedia","Handphone","Android OS","5","1992940613","Product Review","",,"Tokopedia","Oxwalker","Promo Samsung Galaxy A07 ( 4/64 4/128 6/128 8/256 ) Garansi Resmi Sein",,"2026-Q1"
"https://www.tokopedia.com/ini-toko-budi-shop/samsung-galaxy-a07-4-64-4-128-6-128-8-256-garansi-resmi-sein-1729815001835537895-1735330887460881895?extParam=ivf%3Dtrue%26keyword%3Dsamsung+a07%26search_id%3D2026051013261194F6D7E04A4D452A9TDF%26src%3Dsearch&t_id=1778419236765&t_st=7&t_pp=search_result&t_efo=search_pure_goods_card&t_ef=goods_search&t_sm=&t_spt=search_result","Bagus dan sesuai🥰","Bagus dan sesuai🥰","Oxwalker","Indonesia","05-10-2026","11-30-2024","Pants","Bagus dan sesuai🥰","Bagus dan sesuai🥰","Unisex",,,"103314079955","Promo Samsung Galaxy A07 ( 4/64 4/128 6/128 8/256 ) Garansi Resmi Sein","Promo Samsung Galaxy A07 ( 4/64 4/128 6/128 8/256 ) Garansi Resmi Sein - A07 4/64 Black, No Bonus Cicil 0% 3x -  - Ini Toko Budi Shop | Tokopedia","Handphone","Android OS","5","1146451303","Product Review","",,"Tokopedia","Oxwalker","Promo Samsung Galaxy A07 ( 4/64 4/128 6/128 8/256 ) Garansi Resmi Sein",,"2024-Q4"
"https://www.tokopedia.com/ini-toko-budi-shop/samsung-galaxy-a07-4-64-4-128-6-128-8-256-garansi-resmi-sein-1729815001835537895-1735330887460881895?extParam=ivf%3Dtrue%26keyword%3Dsamsung+a07%26search_id%3D2026051013261194F6D7E04A4D452A9TDF%26src%3Dsearch&t_id=1778419236765&t_st=7&t_pp=search_result&t_efo=search_pure_goods_card&t_ef=goods_search&t_sm=&t_spt=search_result","gak dapet kelapa charger
harusnya kalo seri A07 dapet ini ngga dapet.","gak dapet kelapa charger
harusnya kalo seri A07 dapet ini ngga dapet.","Oxwalker","Indonesia","05-10-2026","11-03-2025","Pants","gak dapet kelapa charger
harusnya kalo seri A07 dapet ini ngga dapet.","gak dapet kelapa charger
harusnya kalo seri A07 dapet ini ngga dapet.","Unisex",,,"103314079955","Promo Samsung Galaxy A07 ( 4/64 4/128 6/128 8/256 ) Garansi Resmi Sein","Promo Samsung Galaxy A07 ( 4/64 4/128 6/128 8/256 ) Garansi Resmi Sein - A07 4/64 Black, No Bonus Cicil 0% 3x -  - Ini Toko Budi Shop | Tokopedia","Handphone","Android OS","3","1748429484","Product Review","",,"Tokopedia","Oxwalker","Promo Samsung Galaxy A07 ( 4/64 4/128 6/128 8/256 ) Garansi Resmi Sein",,"2025-Q4"
"https://www.tokopedia.com/ini-toko-budi-shop/samsung-galaxy-a07-4-64-4-128-6-128-8-256-garansi-resmi-sein-1729815001835537895-1735330887460881895?extParam=ivf%3Dtrue%26keyword%3Dsamsung+a07%26search_id%3D2026051013261194F6D7E04A4D452A9TDF%26src%3Dsearch&t_id=1778419236765&t_st=7&t_pp=search_result&t_efo=search_pure_goods_card&t_ef=goods_search&t_sm=&t_spt=search_result","oke sesuai pesanan","oke sesuai pesanan","Oxwalker","Indonesia","05-10-2026","02-08-2026","Pants","oke sesuai pesanan","oke sesuai pesanan","Unisex",,,"103314079955","Promo Samsung Galaxy A07 ( 4/64 4/128 6/128 8/256 ) Garansi Resmi Sein","Promo Samsung Galaxy A07 ( 4/64 4/128 6/128 8/256 ) Garansi Resmi Sein - A07 4/64 Black, No Bonus Cicil 0% 3x -  - Ini Toko Budi Shop | Tokopedia","Handphone","Android OS","5","1912357448","Product Review","",,"Tokopedia","Oxwalker","Promo Samsung Galaxy A07 ( 4/64 4/128 6/128 8/256 ) Garansi Resmi Sein",,"2026-Q1"
"https://www.tokopedia.com/ini-toko-budi-shop/samsung-galaxy-a07-4-64-4-128-6-128-8-256-garansi-resmi-sein-1729815001835537895-1735330887460881895?extParam=ivf%3Dtrue%26keyword%3Dsamsung+a07%26search_id%3D2026051013261194F6D7E04A4D452A9TDF%26src%3Dsearch&t_id=1778419236765&t_st=7&t_pp=search_result&t_efo=search_pure_goods_card&t_ef=goods_search&t_sm=&t_spt=search_result","mantap gan , jempol","mantap gan , jempol","Oxwalker","Indonesia","05-10-2026","06-19-2024","Pants","mantap gan , jempol","mantap gan , jempol","Unisex",,,"103314079955","Promo Samsung Galaxy A07 ( 4/64 4/128 6/128 8/256 ) Garansi Resmi Sein","Promo Samsung Galaxy A07 ( 4/64 4/128 6/128 8/256 ) Garansi Resmi Sein - A07 4/64 Black, No Bonus Cicil 0% 3x -  - Ini Toko Budi Shop | Tokopedia","Handphone","Android OS","5","1054518731","Product Review","",,"Tokopedia","Oxwalker","Promo Samsung Galaxy A07 ( 4/64 4/128 6/128 8/256 ) Garansi Resmi Sein",,"2024-Q2"
"https://www.tokopedia.com/ini-toko-budi-shop/samsung-galaxy-a07-4-64-4-128-6-128-8-256-garansi-resmi-sein-1729815001835537895-1735330887460881895?extParam=ivf%3Dtrue%26keyword%3Dsamsung+a07%26search_id%3D2026051013261194F6D7E04A4D452A9TDF%26src%3Dsearch&t_id=1778419236765&t_st=7&t_pp=search_result&t_efo=search_pure_goods_card&t_ef=goods_search&t_sm=&t_spt=search_result","baguss semua nya amaan","baguss semua nya amaan","Oxwalker","Indonesia","05-10-2026","03-04-2026","Pants","baguss semua nya amaan","baguss semua nya amaan","Unisex",,,"103314079955","Promo Samsung Galaxy A07 ( 4/64 4/128 6/128 8/256 ) Garansi Resmi Sein","Promo Samsung Galaxy A07 ( 4/64 4/128 6/128 8/256 ) Garansi Resmi Sein - A07 4/64 Black, No Bonus Cicil 0% 3x -  - Ini Toko Budi Shop | Tokopedia","Handphone","Android OS","5","1965717687","Product Review","",,"Tokopedia","Oxwalker","Promo Samsung Galaxy A07 ( 4/64 4/128 6/128 8/256 ) Garansi Resmi Sein",,"2026-Q1"
"https://www.tokopedia.com/ini-toko-budi-shop/samsung-galaxy-a07-4-64-4-128-6-128-8-256-garansi-resmi-sein-1729815001835537895-1735330887460881895?extParam=ivf%3Dtrue%26keyword%3Dsamsung+a07%26search_id%3D2026051013261194F6D7E04A4D452A9TDF%26src%3Dsearch&t_id=1778419236765&t_st=7&t_pp=search_result&t_efo=search_pure_goods_card&t_ef=goods_search&t_sm=&t_spt=search_result","Good condition thanks","Good condition thanks","Oxwalker","Indonesia","05-10-2026","05-04-2026","Pants","Good condition thanks","Good condition thanks","Unisex",,,"103314079955","Promo Samsung Galaxy A07 ( 4/64 4/128 6/128 8/256 ) Garansi Resmi Sein","Promo Samsung Galaxy A07 ( 4/64 4/128 6/128 8/256 ) Garansi Resmi Sein - A07 4/64 Black, No Bonus Cicil 0% 3x -  - Ini Toko Budi Shop | Tokopedia","Handphone","Android OS","5","2079936850","Product Review","",,"Tokopedia","Oxwalker","Promo Samsung Galaxy A07 ( 4/64 4/128 6/128 8/256 ) Garansi Resmi Sein",,"2026-Q2"
"https://www.tokopedia.com/ini-toko-budi-shop/samsung-galaxy-a07-4-64-4-128-6-128-8-256-garansi-resmi-sein-1729815001835537895-1735330887460881895?extParam=ivf%3Dtrue%26keyword%3Dsamsung+a07%26search_id%3D2026051013261194F6D7E04A4D452A9TDF%26src%3Dsearch&t_id=1778419236765&t_st=7&t_pp=search_result&t_efo=search_pure_goods_card&t_ef=goods_search&t_sm=&t_spt=search_result","joss gandhosss.....","joss gandhosss.....","Oxwalker","Indonesia","05-10-2026","04-17-2024","Pants","joss gandhosss.....","joss gandhosss.....","Unisex",,,"103314079955","Promo Samsung Galaxy A07 ( 4/64 4/128 6/128 8/256 ) Garansi Resmi Sein","Promo Samsung Galaxy A07 ( 4/64 4/128 6/128 8/256 ) Garansi Resmi Sein - A07 4/64 Black, No Bonus Cicil 0% 3x -  - Ini Toko Budi Shop | Tokopedia","Handphone","Android OS","5","1028757217","Product Review","",,"Tokopedia","Oxwalker","Promo Samsung Galaxy A07 ( 4/64 4/128 6/128 8/256 ) Garansi Resmi Sein",,"2024-Q2"
"https://www.tokopedia.com/ini-toko-budi-shop/samsung-galaxy-a07-4-64-4-128-6-128-8-256-garansi-resmi-sein-1729815001835537895-1735330887460881895?extParam=ivf%3Dtrue%26keyword%3Dsamsung+a07%26search_id%3D2026051013261194F6D7E04A4D452A9TDF%26src%3Dsearch&t_id=1778419236765&t_st=7&t_pp=search_result&t_efo=search_pure_goods_card&t_ef=goods_search&t_sm=&t_spt=search_result","mksh toko yg amanh","mksh toko yg amanh","Oxwalker","Indonesia","05-10-2026","09-29-2025","Pants","mksh toko yg amanh","mksh toko yg amanh","Unisex",,,"103314079955","Promo Samsung Galaxy A07 ( 4/64 4/128 6/128 8/256 ) Garansi Resmi Sein","Promo Samsung Galaxy A07 ( 4/64 4/128 6/128 8/256 ) Garansi Resmi Sein - A07 4/64 Black, No Bonus Cicil 0% 3x -  - Ini Toko Budi Shop | Tokopedia","Handphone","Android OS","5","1699081962","Product Review","",,"Tokopedia","Oxwalker","Promo Samsung Galaxy A07 ( 4/64 4/128 6/128 8/256 ) Garansi Resmi Sein",,"2025-Q3"
"https://www.tokopedia.com/ini-toko-budi-shop/samsung-galaxy-a07-4-64-4-128-6-128-8-256-garansi-resmi-sein-1729815001835537895-1735330887460881895?extParam=ivf%3Dtrue%26keyword%3Dsamsung+a07%26search_id%3D2026051013261194F6D7E04A4D452A9TDF%26src%3Dsearch&t_id=1778419236765&t_st=7&t_pp=search_result&t_efo=search_pure_goods_card&t_ef=goods_search&t_sm=&t_spt=search_result","👍👍👍👍👍","👍👍👍👍👍","Oxwalker","Indonesia","05-10-2026","11-18-2025","Pants","👍👍👍👍👍","👍👍👍👍👍","Unisex",,,"103314079955","Promo Samsung Galaxy A07 ( 4/64 4/128 6/128 8/256 ) Garansi Resmi Sein","Promo Samsung Galaxy A07 ( 4/64 4/128 6/128 8/256 ) Garansi Resmi Sein - A07 4/64 Black, No Bonus Cicil 0% 3x -  - Ini Toko Budi Shop | Tokopedia","Handphone","Android OS","5","1772483568","Product Review","",,"Tokopedia","Oxwalker","Promo Samsung Galaxy A07 ( 4/64 4/128 6/128 8/256 ) Garansi Resmi Sein",,"2025-Q4"
"https://www.tokopedia.com/ini-toko-budi-shop/samsung-galaxy-a07-4-64-4-128-6-128-8-256-garansi-resmi-sein-1729815001835537895-1735330887460881895?extParam=ivf%3Dtrue%26keyword%3Dsamsung+a07%26search_id%3D2026051013261194F6D7E04A4D452A9TDF%26src%3Dsearch&t_id=1778419236765&t_st=7&t_pp=search_result&t_efo=search_pure_goods_card&t_ef=goods_search&t_sm=&t_spt=search_result","Goooood very fast","Goooood very fast","Oxwalker","Indonesia","05-10-2026","10-28-2025","Pants","Goooood very fast","Goooood very fast","Unisex",,,"103314079955","Promo Samsung Galaxy A07 ( 4/64 4/128 6/128 8/256 ) Garansi Resmi Sein","Promo Samsung Galaxy A07 ( 4/64 4/128 6/128 8/256 ) Garansi Resmi Sein - A07 4/64 Black, No Bonus Cicil 0% 3x -  - Ini Toko Budi Shop | Tokopedia","Handphone","Android OS","5","1740018303","Product Review","",,"Tokopedia","Oxwalker","Promo Samsung Galaxy A07 ( 4/64 4/128 6/128 8/256 ) Garansi Resmi Sein",,"2025-Q4"
"https://www.tokopedia.com/ini-toko-budi-shop/samsung-galaxy-a07-4-64-4-128-6-128-8-256-garansi-resmi-sein-1729815001835537895-1735330887460881895?extParam=ivf%3Dtrue%26keyword%3Dsamsung+a07%26search_id%3D2026051013261194F6D7E04A4D452A9TDF%26src%3Dsearch&t_id=1778419236765&t_st=7&t_pp=search_result&t_efo=search_pure_goods_card&t_ef=goods_search&t_sm=&t_spt=search_result","berfungsi dengan baik","berfungsi dengan baik","Oxwalker","Indonesia","05-10-2026","03-11-2026","Pants","berfungsi dengan baik","berfungsi dengan baik","Unisex",,,"103314079955","Promo Samsung Galaxy A07 ( 4/64 4/128 6/128 8/256 ) Garansi Resmi Sein","Promo Samsung Galaxy A07 ( 4/64 4/128 6/128 8/256 ) Garansi Resmi Sein - A07 4/64 Black, No Bonus Cicil 0% 3x -  - Ini Toko Budi Shop | Tokopedia","Handphone","Android OS","5","1987793826","Product Review","",,"Tokopedia","Oxwalker","Promo Samsung Galaxy A07 ( 4/64 4/128 6/128 8/256 ) Garansi Resmi Sein",,"2026-Q1"
"https://www.tokopedia.com/ini-toko-budi-shop/samsung-galaxy-a07-4-64-4-128-6-128-8-256-garansi-resmi-sein-1729815001835537895-1735330887460881895?extParam=ivf%3Dtrue%26keyword%3Dsamsung+a07%26search_id%3D2026051013261194F6D7E04A4D452A9TDF%26src%3Dsearch&t_id=1778419236765&t_st=7&t_pp=search_result&t_efo=search_pure_goods_card&t_ef=goods_search&t_sm=&t_spt=search_result","bagus, trimakasih","bagus, trimakasih","Oxwalker","Indonesia","05-10-2026","12-29-2021","Pants","bagus, trimakasih","bagus, trimakasih","Unisex",,,"103314079955","Promo Samsung Galaxy A07 ( 4/64 4/128 6/128 8/256 ) Garansi Resmi Sein","Promo Samsung Galaxy A07 ( 4/64 4/128 6/128 8/256 ) Garansi Resmi Sein - A07 4/64 Black, No Bonus Cicil 0% 3x -  - Ini Toko Budi Shop | Tokopedia","Handphone","Android OS","5","560629465","Product Review","",,"Tokopedia","Oxwalker","Promo Samsung Galaxy A07 ( 4/64 4/128 6/128 8/256 ) Garansi Resmi Sein",,"2021-Q4"
"https://www.tokopedia.com/ini-toko-budi-shop/samsung-galaxy-a07-4-64-4-128-6-128-8-256-garansi-resmi-sein-1729815001835537895-1735330887460881895?extParam=ivf%3Dtrue%26keyword%3Dsamsung+a07%26search_id%3D2026051013261194F6D7E04A4D452A9TDF%26src%3Dsearch&t_id=1778419236765&t_st=7&t_pp=search_result&t_efo=search_pure_goods_card&t_ef=goods_search&t_sm=&t_spt=search_result","oke maaaantaaaap","oke maaaantaaaap","Oxwalker","Indonesia","05-10-2026","10-27-2025","Pants","oke maaaantaaaap","oke maaaantaaaap","Unisex",,,"103314079955","Promo Samsung Galaxy A07 ( 4/64 4/128 6/128 8/256 ) Garansi Resmi Sein","Promo Samsung Galaxy A07 ( 4/64 4/128 6/128 8/256 ) Garansi Resmi Sein - A07 4/64 Black, No Bonus Cicil 0% 3x -  - Ini Toko Budi Shop | Tokopedia","Handphone","Android OS","5","1738046099","Product Review","",,"Tokopedia","Oxwalker","Promo Samsung Galaxy A07 ( 4/64 4/128 6/128 8/256 ) Garansi Resmi Sein",,"2025-Q4"
"https://www.tokopedia.com/ini-toko-budi-shop/samsung-galaxy-a07-4-64-4-128-6-128-8-256-garansi-resmi-sein-1729815001835537895-1735330887460881895?extParam=ivf%3Dtrue%26keyword%3Dsamsung+a07%26search_id%3D2026051013261194F6D7E04A4D452A9TDF%26src%3Dsearch&t_id=1778419236765&t_st=7&t_pp=search_result&t_efo=search_pure_goods_card&t_ef=goods_search&t_sm=&t_spt=search_result","lengkap, makasih","lengkap, makasih","Oxwalker","Indonesia","05-10-2026","06-18-2025","Pants","lengkap, makasih","lengkap, makasih","Unisex",,,"103314079955","Promo Samsung Galaxy A07 ( 4/64 4/128 6/128 8/256 ) Garansi Resmi Sein","Promo Samsung Galaxy A07 ( 4/64 4/128 6/128 8/256 ) Garansi Resmi Sein - A07 4/64 Black, No Bonus Cicil 0% 3x -  - Ini Toko Budi Shop | Tokopedia","Handphone","Android OS","5","1529656878","Product Review","",,"Tokopedia","Oxwalker","Promo Samsung Galaxy A07 ( 4/64 4/128 6/128 8/256 ) Garansi Resmi Sein",,"2025-Q2"
"https://www.tokopedia.com/ini-toko-budi-shop/samsung-galaxy-a07-4-64-4-128-6-128-8-256-garansi-resmi-sein-1729815001835537895-1735330887460881895?extParam=ivf%3Dtrue%26keyword%3Dsamsung+a07%26search_id%3D2026051013261194F6D7E04A4D452A9TDF%26src%3Dsearch&t_id=1778419236765&t_st=7&t_pp=search_result&t_efo=search_pure_goods_card&t_ef=goods_search&t_sm=&t_spt=search_result","Goood👍👍👍","Goood👍👍👍","Oxwalker","Indonesia","05-10-2026","06-20-2024","Pants","Goood👍👍👍","Goood👍👍👍","Unisex",,,"103314079955","Promo Samsung Galaxy A07 ( 4/64 4/128 6/128 8/256 ) Garansi Resmi Sein","Promo Samsung Galaxy A07 ( 4/64 4/128 6/128 8/256 ) Garansi Resmi Sein - A07 4/64 Black, No Bonus Cicil 0% 3x -  - Ini Toko Budi Shop | Tokopedia","Handphone","Android OS","5","1055148890","Product Review","",,"Tokopedia","Oxwalker","Promo Samsung Galaxy A07 ( 4/64 4/128 6/128 8/256 ) Garansi Resmi Sein",,"2024-Q2"
"https://www.tokopedia.com/ini-toko-budi-shop/samsung-galaxy-a07-4-64-4-128-6-128-8-256-garansi-resmi-sein-1729815001835537895-1735330887460881895?extParam=ivf%3Dtrue%26keyword%3Dsamsung+a07%26search_id%3D2026051013261194F6D7E04A4D452A9TDF%26src%3Dsearch&t_id=1778419236765&t_st=7&t_pp=search_result&t_efo=search_pure_goods_card&t_ef=goods_search&t_sm=&t_spt=search_result","paket sampai sesuai terimakasih","paket sampai sesuai terimakasih","Oxwalker","Indonesia","05-10-2026","03-27-2026","Pants","paket sampai sesuai terimakasih","paket sampai sesuai terimakasih","Unisex",,,"103314079955","Promo Samsung Galaxy A07 ( 4/64 4/128 6/128 8/256 ) Garansi Resmi Sein","Promo Samsung Galaxy A07 ( 4/64 4/128 6/128 8/256 ) Garansi Resmi Sein - A07 4/64 Black, No Bonus Cicil 0% 3x -  - Ini Toko Budi Shop | Tokopedia","Handphone","Android OS","4","2016205815","Product Review","",,"Tokopedia","Oxwalker","Promo Samsung Galaxy A07 ( 4/64 4/128 6/128 8/256 ) Garansi Resmi Sein",,"2026-Q1"
"https://www.tokopedia.com/ini-toko-budi-shop/samsung-galaxy-a07-4-64-4-128-6-128-8-256-garansi-resmi-sein-1729815001835537895-1735330887460881895?extParam=ivf%3Dtrue%26keyword%3Dsamsung+a07%26search_id%3D2026051013261194F6D7E04A4D452A9TDF%26src%3Dsearch&t_id=1778419236765&t_st=7&t_pp=search_result&t_efo=search_pure_goods_card&t_ef=goods_search&t_sm=&t_spt=search_result","sesuai deskripsi","sesuai deskripsi","Oxwalker","Indonesia","05-10-2026","07-15-2024","Pants","sesuai deskripsi","sesuai deskripsi","Unisex",,,"103314079955","Promo Samsung Galaxy A07 ( 4/64 4/128 6/128 8/256 ) Garansi Resmi Sein","Promo Samsung Galaxy A07 ( 4/64 4/128 6/128 8/256 ) Garansi Resmi Sein - A07 4/64 Black, No Bonus Cicil 0% 3x -  - Ini Toko Budi Shop | Tokopedia","Handphone","Android OS","5","1066037510","Product Review","",,"Tokopedia","Oxwalker","Promo Samsung Galaxy A07 ( 4/64 4/128 6/128 8/256 ) Garansi Resmi Sein",,"2024-Q3"
"https://www.tokopedia.com/ini-toko-budi-shop/samsung-galaxy-a07-4-64-4-128-6-128-8-256-garansi-resmi-sein-1729815001835537895-1735330887460881895?extParam=ivf%3Dtrue%26keyword%3Dsamsung+a07%26search_id%3D2026051013261194F6D7E04A4D452A9TDF%26src%3Dsearch&t_id=1778419236765&t_st=7&t_pp=search_result&t_efo=search_pure_goods_card&t_ef=goods_search&t_sm=&t_spt=search_result","Kotaknya sayang penyok..........","Kotaknya sayang penyok..........","Oxwalker","Indonesia","05-10-2026","11-09-2024","Pants","Kotaknya sayang penyok..........","Kotaknya sayang penyok..........","Unisex",,,"103314079955","Promo Samsung Galaxy A07 ( 4/64 4/128 6/128 8/256 ) Garansi Resmi Sein","Promo Samsung Galaxy A07 ( 4/64 4/128 6/128 8/256 ) Garansi Resmi Sein - A07 4/64 Black, No Bonus Cicil 0% 3x -  - Ini Toko Budi Shop | Tokopedia","Handphone","Android OS","4","1146451301","Product Review","",,"Tokopedia","Oxwalker","Promo Samsung Galaxy A07 ( 4/64 4/128 6/128 8/256 ) Garansi Resmi Sein",,"2024-Q4"
"https://www.tokopedia.com/ini-toko-budi-shop/samsung-galaxy-a07-4-64-4-128-6-128-8-256-garansi-resmi-sein-1729815001835537895-1735330887460881895?extParam=ivf%3Dtrue%26keyword%3Dsamsung+a07%26search_id%3D2026051013261194F6D7E04A4D452A9TDF%26src%3Dsearch&t_id=1778419236765&t_st=7&t_pp=search_result&t_efo=search_pure_goods_card&t_ef=goods_search&t_sm=&t_spt=search_result","satu kata mantap","satu kata mantap","Oxwalker","Indonesia","05-10-2026","02-18-2024","Pants","satu kata mantap","satu kata mantap","Unisex",,,"103314079955","Promo Samsung Galaxy A07 ( 4/64 4/128 6/128 8/256 ) Garansi Resmi Sein","Promo Samsung Galaxy A07 ( 4/64 4/128 6/128 8/256 ) Garansi Resmi Sein - A07 4/64 Black, No Bonus Cicil 0% 3x -  - Ini Toko Budi Shop | Tokopedia","Handphone","Android OS","5","1003718687","Product Review","",,"Tokopedia","Oxwalker","Promo Samsung Galaxy A07 ( 4/64 4/128 6/128 8/256 ) Garansi Resmi Sein",,"2024-Q1"
"https://www.tokopedia.com/ini-toko-budi-shop/samsung-galaxy-a07-4-64-4-128-6-128-8-256-garansi-resmi-sein-1729815001835537895-1735330887460881895?extParam=ivf%3Dtrue%26keyword%3Dsamsung+a07%26search_id%3D2026051013261194F6D7E04A4D452A9TDF%26src%3Dsearch&t_id=1778419236765&t_st=7&t_pp=search_result&t_efo=search_pure_goods_card&t_ef=goods_search&t_sm=&t_spt=search_result","sudah nyampe paket aman semoga awet","sudah nyampe paket aman semoga awet","Oxwalker","Indonesia","05-10-2026","12-13-2025","Pants","sudah nyampe paket aman semoga awet","sudah nyampe paket aman semoga awet","Unisex",,,"103314079955","Promo Samsung Galaxy A07 ( 4/64 4/128 6/128 8/256 ) Garansi Resmi Sein","Promo Samsung Galaxy A07 ( 4/64 4/128 6/128 8/256 ) Garansi Resmi Sein - A07 4/64 Black, No Bonus Cicil 0% 3x -  - Ini Toko Budi Shop | Tokopedia","Handphone","Android OS","4","1812621644","Product Review","",,"Tokopedia","Oxwalker","Promo Samsung Galaxy A07 ( 4/64 4/128 6/128 8/256 ) Garansi Resmi Sein",,"2025-Q4"
"https://www.tokopedia.com/ini-toko-budi-shop/samsung-galaxy-a07-4-64-4-128-6-128-8-256-garansi-resmi-sein-1729815001835537895-1735330887460881895?extParam=ivf%3Dtrue%26keyword%3Dsamsung+a07%26search_id%3D2026051013261194F6D7E04A4D452A9TDF%26src%3Dsearch&t_id=1778419236765&t_st=7&t_pp=search_result&t_efo=search_pure_goods_card&t_ef=goods_search&t_sm=&t_spt=search_result","tengkiuu Seller","tengkiuu Seller","Oxwalker","Indonesia","05-10-2026","09-27-2021","Pants","tengkiuu Seller","tengkiuu Seller","Unisex",,,"103314079955","Promo Samsung Galaxy A07 ( 4/64 4/128 6/128 8/256 ) Garansi Resmi Sein","Promo Samsung Galaxy A07 ( 4/64 4/128 6/128 8/256 ) Garansi Resmi Sein - A07 4/64 Black, No Bonus Cicil 0% 3x -  - Ini Toko Budi Shop | Tokopedia","Handphone","Android OS","5","486704923","Product Review","",,"Tokopedia","Oxwalker","Promo Samsung Galaxy A07 ( 4/64 4/128 6/128 8/256 ) Garansi Resmi Sein",,"2021-Q3"
"https://www.tokopedia.com/ini-toko-budi-shop/samsung-galaxy-a07-4-64-4-128-6-128-8-256-garansi-resmi-sein-1729815001835537895-1735330887460881895?extParam=ivf%3Dtrue%26keyword%3Dsamsung+a07%26search_id%3D2026051013261194F6D7E04A4D452A9TDF%26src%3Dsearch&t_id=1778419236765&t_st=7&t_pp=search_result&t_efo=search_pure_goods_card&t_ef=goods_search&t_sm=&t_spt=search_result","so far,,so good","so far,,so good","Oxwalker","Indonesia","05-10-2026","11-24-2025","Pants","so far,,so good","so far,,so good","Unisex",,,"103314079955","Promo Samsung Galaxy A07 ( 4/64 4/128 6/128 8/256 ) Garansi Resmi Sein","Promo Samsung Galaxy A07 ( 4/64 4/128 6/128 8/256 ) Garansi Resmi Sein - A07 4/64 Black, No Bonus Cicil 0% 3x -  - Ini Toko Budi Shop | Tokopedia","Handphone","Android OS","5","1780771793","Product Review","",,"Tokopedia","Oxwalker","Promo Samsung Galaxy A07 ( 4/64 4/128 6/128 8/256 ) Garansi Resmi Sein",,"2025-Q4"
"https://www.tokopedia.com/ini-toko-budi-shop/samsung-galaxy-a07-4-64-4-128-6-128-8-256-garansi-resmi-sein-1729815001835537895-1735330887460881895?extParam=ivf%3Dtrue%26keyword%3Dsamsung+a07%26search_id%3D2026051013261194F6D7E04A4D452A9TDF%26src%3Dsearch&t_id=1778419236765&t_st=7&t_pp=search_result&t_efo=search_pure_goods_card&t_ef=goods_search&t_sm=&t_spt=search_result","👍👍👍","👍👍👍","Oxwalker","Indonesia","05-10-2026","11-10-2025","Pants","👍👍👍","👍👍👍","Unisex",,,"103314079955","Promo Samsung Galaxy A07 ( 4/64 4/128 6/128 8/256 ) Garansi Resmi Sein","Promo Samsung Galaxy A07 ( 4/64 4/128 6/128 8/256 ) Garansi Resmi Sein - A07 4/64 Black, No Bonus Cicil 0% 3x -  - Ini Toko Budi Shop | Tokopedia","Handphone","Android OS","5","1759350991","Product Review","",,"Tokopedia","Oxwalker","Promo Samsung Galaxy A07 ( 4/64 4/128 6/128 8/256 ) Garansi Resmi Sein",,"2025-Q4"
"https://www.tokopedia.com/ini-toko-budi-shop/samsung-galaxy-a07-4-64-4-128-6-128-8-256-garansi-resmi-sein-1729815001835537895-1735330887460881895?extParam=ivf%3Dtrue%26keyword%3Dsamsung+a07%26search_id%3D2026051013261194F6D7E04A4D452A9TDF%26src%3Dsearch&t_id=1778419236765&t_st=7&t_pp=search_result&t_efo=search_pure_goods_card&t_ef=goods_search&t_sm=&t_spt=search_result","Alhamdulillah","Alhamdulillah","Oxwalker","Indonesia","05-10-2026","10-27-2025","Pants","Alhamdulillah","Alhamdulillah","Unisex",,,"103314079955","Promo Samsung Galaxy A07 ( 4/64 4/128 6/128 8/256 ) Garansi Resmi Sein","Promo Samsung Galaxy A07 ( 4/64 4/128 6/128 8/256 ) Garansi Resmi Sein - A07 4/64 Black, No Bonus Cicil 0% 3x -  - Ini Toko Budi Shop | Tokopedia","Handphone","Android OS","5","1737646601","Product Review","",,"Tokopedia","Oxwalker","Promo Samsung Galaxy A07 ( 4/64 4/128 6/128 8/256 ) Garansi Resmi Sein",,"2025-Q4"
"https://www.tokopedia.com/ini-toko-budi-shop/samsung-galaxy-a07-4-64-4-128-6-128-8-256-garansi-resmi-sein-1729815001835537895-1735330887460881895?extParam=ivf%3Dtrue%26keyword%3Dsamsung+a07%26search_id%3D2026051013261194F6D7E04A4D452A9TDF%26src%3Dsearch&t_id=1778419236765&t_st=7&t_pp=search_result&t_efo=search_pure_goods_card&t_ef=goods_search&t_sm=&t_spt=search_result","mantap satset","mantap satset","Oxwalker","Indonesia","05-10-2026","09-21-2025","Pants","mantap satset","mantap satset","Unisex",,,"103314079955","Promo Samsung Galaxy A07 ( 4/64 4/128 6/128 8/256 ) Garansi Resmi Sein","Promo Samsung Galaxy A07 ( 4/64 4/128 6/128 8/256 ) Garansi Resmi Sein - A07 4/64 Black, No Bonus Cicil 0% 3x -  - Ini Toko Budi Shop | Tokopedia","Handphone","Android OS","5","1687422972","Product Review","",,"Tokopedia","Oxwalker","Promo Samsung Galaxy A07 ( 4/64 4/128 6/128 8/256 ) Garansi Resmi Sein",,"2025-Q3"
"https://www.tokopedia.com/ini-toko-budi-shop/samsung-galaxy-a07-4-64-4-128-6-128-8-256-garansi-resmi-sein-1729815001835537895-1735330887460881895?extParam=ivf%3Dtrue%26keyword%3Dsamsung+a07%26search_id%3D2026051013261194F6D7E04A4D452A9TDF%26src%3Dsearch&t_id=1778419236765&t_st=7&t_pp=search_result&t_efo=search_pure_goods_card&t_ef=goods_search&t_sm=&t_spt=search_result","tidak ada kepala cas nya dah di lepas","tidak ada kepala cas nya dah di lepas","Oxwalker","Indonesia","05-10-2026","09-29-2025","Pants","tidak ada kepala cas nya dah di lepas","tidak ada kepala cas nya dah di lepas","Unisex",,,"103314079955","Promo Samsung Galaxy A07 ( 4/64 4/128 6/128 8/256 ) Garansi Resmi Sein","Promo Samsung Galaxy A07 ( 4/64 4/128 6/128 8/256 ) Garansi Resmi Sein - A07 4/64 Black, No Bonus Cicil 0% 3x -  - Ini Toko Budi Shop | Tokopedia","Handphone","Android OS","1","1698986236","Product Review","",,"Tokopedia","Oxwalker","Promo Samsung Galaxy A07 ( 4/64 4/128 6/128 8/256 ) Garansi Resmi Sein",,"2025-Q3"
"https://www.tokopedia.com/ini-toko-budi-shop/samsung-galaxy-a07-4-64-4-128-6-128-8-256-garansi-resmi-sein-1729815001835537895-1735330887460881895?extParam=ivf%3Dtrue%26keyword%3Dsamsung+a07%26search_id%3D2026051013261194F6D7E04A4D452A9TDF%26src%3Dsearch&t_id=1778419236765&t_st=7&t_pp=search_result&t_efo=search_pure_goods_card&t_ef=goods_search&t_sm=&t_spt=search_result","Ori.. Ty ya kak ^^","Ori.. Ty ya kak ^^","Oxwalker","Indonesia","05-10-2026","05-09-2025","Pants","Ori.. Ty ya kak ^^","Ori.. Ty ya kak ^^","Unisex",,,"103314079955","Promo Samsung Galaxy A07 ( 4/64 4/128 6/128 8/256 ) Garansi Resmi Sein","Promo Samsung Galaxy A07 ( 4/64 4/128 6/128 8/256 ) Garansi Resmi Sein - A07 4/64 Black, No Bonus Cicil 0% 3x -  - Ini Toko Budi Shop | Tokopedia","Handphone","Android OS","5","1446040003","Product Review","",,"Tokopedia","Oxwalker","Promo Samsung Galaxy A07 ( 4/64 4/128 6/128 8/256 ) Garansi Resmi Sein",,"2025-Q2"
"https://www.tokopedia.com/ini-toko-budi-shop/samsung-galaxy-a07-4-64-4-128-6-128-8-256-garansi-resmi-sein-1729815001835537895-1735330887460881895?extParam=ivf%3Dtrue%26keyword%3Dsamsung+a07%26search_id%3D2026051013261194F6D7E04A4D452A9TDF%26src%3Dsearch&t_id=1778419236765&t_st=7&t_pp=search_result&t_efo=search_pure_goods_card&t_ef=goods_search&t_sm=&t_spt=search_result","seller terpercaya","seller terpercaya","Oxwalker","Indonesia","05-10-2026","07-03-2025","Pants","seller terpercaya","seller terpercaya","Unisex",,,"103314079955","Promo Samsung Galaxy A07 ( 4/64 4/128 6/128 8/256 ) Garansi Resmi Sein","Promo Samsung Galaxy A07 ( 4/64 4/128 6/128 8/256 ) Garansi Resmi Sein - A07 4/64 Black, No Bonus Cicil 0% 3x -  - Ini Toko Budi Shop | Tokopedia","Handphone","Android OS","5","1552622127","Product Review","",,"Tokopedia","Oxwalker","Promo Samsung Galaxy A07 ( 4/64 4/128 6/128 8/256 ) Garansi Resmi Sein",,"2025-Q3"
"https://www.tokopedia.com/ini-toko-budi-shop/samsung-galaxy-a07-4-64-4-128-6-128-8-256-garansi-resmi-sein-1729815001835537895-1735330887460881895?extParam=ivf%3Dtrue%26keyword%3Dsamsung+a07%26search_id%3D2026051013261194F6D7E04A4D452A9TDF%26src%3Dsearch&t_id=1778419236765&t_st=7&t_pp=search_result&t_efo=search_pure_goods_card&t_ef=goods_search&t_sm=&t_spt=search_result","Paketnya aman","Paketnya aman","Oxwalker","Indonesia","05-10-2026","04-26-2026","Pants","Paketnya aman","Paketnya aman","Unisex",,,"103314079955","Promo Samsung Galaxy A07 ( 4/64 4/128 6/128 8/256 ) Garansi Resmi Sein","Promo Samsung Galaxy A07 ( 4/64 4/128 6/128 8/256 ) Garansi Resmi Sein - A07 4/64 Black, No Bonus Cicil 0% 3x -  - Ini Toko Budi Shop | Tokopedia","Handphone","Android OS","5","2066723055","Product Review","",,"Tokopedia","Oxwalker","Promo Samsung Galaxy A07 ( 4/64 4/128 6/128 8/256 ) Garansi Resmi Sein",,"2026-Q2"
"https://www.tokopedia.com/ini-toko-budi-shop/samsung-galaxy-a07-4-64-4-128-6-128-8-256-garansi-resmi-sein-1729815001835537895-1735330887460881895?extParam=ivf%3Dtrue%26keyword%3Dsamsung+a07%26search_id%3D2026051013261194F6D7E04A4D452A9TDF%26src%3Dsearch&t_id=1778419236765&t_st=7&t_pp=search_result&t_efo=search_pure_goods_card&t_ef=goods_search&t_sm=&t_spt=search_result","Seller amanah","Seller amanah","Oxwalker","Indonesia","05-10-2026","04-17-2026","Pants","Seller amanah","Seller amanah","Unisex",,,"103314079955","Promo Samsung Galaxy A07 ( 4/64 4/128 6/128 8/256 ) Garansi Resmi Sein","Promo Samsung Galaxy A07 ( 4/64 4/128 6/128 8/256 ) Garansi Resmi Sein - A07 4/64 Black, No Bonus Cicil 0% 3x -  - Ini Toko Budi Shop | Tokopedia","Handphone","Android OS","5","2050471925","Product Review","",,"Tokopedia","Oxwalker","Promo Samsung Galaxy A07 ( 4/64 4/128 6/128 8/256 ) Garansi Resmi Sein",,"2026-Q2"
"https://www.tokopedia.com/ini-toko-budi-shop/samsung-galaxy-a07-4-64-4-128-6-128-8-256-garansi-resmi-sein-1729815001835537895-1735330887460881895?extParam=ivf%3Dtrue%26keyword%3Dsamsung+a07%26search_id%3D2026051013261194F6D7E04A4D452A9TDF%26src%3Dsearch&t_id=1778419236765&t_st=7&t_pp=search_result&t_efo=search_pure_goods_card&t_ef=goods_search&t_sm=&t_spt=search_result","Kejernihan lensa: 8/10
Kualitas pengerjaan: 7/10","Kejernihan lensa: 8/10
Kualitas pengerjaan: 7/10","Oxwalker","Indonesia","05-10-2026","03-29-2026","Pants","Kejernihan lensa: 8/10
Kualitas pengerjaan: 7/10","Kejernihan lensa: 8/10
Kualitas pengerjaan: 7/10","Unisex",,,"103314079955","Promo Samsung Galaxy A07 ( 4/64 4/128 6/128 8/256 ) Garansi Resmi Sein","Promo Samsung Galaxy A07 ( 4/64 4/128 6/128 8/256 ) Garansi Resmi Sein - A07 4/64 Black, No Bonus Cicil 0% 3x -  - Ini Toko Budi Shop | Tokopedia","Handphone","Android OS","3","2018789067","Product Review","",,"Tokopedia","Oxwalker","Promo Samsung Galaxy A07 ( 4/64 4/128 6/128 8/256 ) Garansi Resmi Sein",,"2026-Q1"
"https://www.tokopedia.com/ini-toko-budi-shop/samsung-galaxy-a07-4-64-4-128-6-128-8-256-garansi-resmi-sein-1729815001835537895-1735330887460881895?extParam=ivf%3Dtrue%26keyword%3Dsamsung+a07%26search_id%3D2026051013261194F6D7E04A4D452A9TDF%26src%3Dsearch&t_id=1778419236765&t_st=7&t_pp=search_result&t_efo=search_pure_goods_card&t_ef=goods_search&t_sm=&t_spt=search_result","🆗👍☕","🆗👍☕","Oxwalker","Indonesia","05-10-2026","03-17-2026","Pants","🆗👍☕","🆗👍☕","Unisex",,,"103314079955","Promo Samsung Galaxy A07 ( 4/64 4/128 6/128 8/256 ) Garansi Resmi Sein","Promo Samsung Galaxy A07 ( 4/64 4/128 6/128 8/256 ) Garansi Resmi Sein - A07 4/64 Black, No Bonus Cicil 0% 3x -  - Ini Toko Budi Shop | Tokopedia","Handphone","Android OS","5","2002472969","Product Review","",,"Tokopedia","Oxwalker","Promo Samsung Galaxy A07 ( 4/64 4/128 6/128 8/256 ) Garansi Resmi Sein",,"2026-Q1"
"https://www.tokopedia.com/ini-toko-budi-shop/samsung-galaxy-a07-4-64-4-128-6-128-8-256-garansi-resmi-sein-1729815001835537895-1735330887460881895?extParam=ivf%3Dtrue%26keyword%3Dsamsung+a07%26search_id%3D2026051013261194F6D7E04A4D452A9TDF%26src%3Dsearch&t_id=1778419236765&t_st=7&t_pp=search_result&t_efo=search_pure_goods_card&t_ef=goods_search&t_sm=&t_spt=search_result","mantap, nice","mantap, nice","Oxwalker","Indonesia","05-10-2026","02-01-2026","Pants","mantap, nice","mantap, nice","Unisex",,,"103314079955","Promo Samsung Galaxy A07 ( 4/64 4/128 6/128 8/256 ) Garansi Resmi Sein","Promo Samsung Galaxy A07 ( 4/64 4/128 6/128 8/256 ) Garansi Resmi Sein - A07 4/64 Black, No Bonus Cicil 0% 3x -  - Ini Toko Budi Shop | Tokopedia","Handphone","Android OS","5","1899170810","Product Review","",,"Tokopedia","Oxwalker","Promo Samsung Galaxy A07 ( 4/64 4/128 6/128 8/256 ) Garansi Resmi Sein",,"2026-Q1"
"https://www.tokopedia.com/ini-toko-budi-shop/samsung-galaxy-a07-4-64-4-128-6-128-8-256-garansi-resmi-sein-1729815001835537895-1735330887460881895?extParam=ivf%3Dtrue%26keyword%3Dsamsung+a07%26search_id%3D2026051013261194F6D7E04A4D452A9TDF%26src%3Dsearch&t_id=1778419236765&t_st=7&t_pp=search_result&t_efo=search_pure_goods_card&t_ef=goods_search&t_sm=&t_spt=search_result","Like new asli","Like new asli","Oxwalker","Indonesia","05-10-2026","06-25-2024","Pants","Like new asli","Like new asli","Unisex",,,"103314079955","Promo Samsung Galaxy A07 ( 4/64 4/128 6/128 8/256 ) Garansi Resmi Sein","Promo Samsung Galaxy A07 ( 4/64 4/128 6/128 8/256 ) Garansi Resmi Sein - A07 4/64 Black, No Bonus Cicil 0% 3x -  - Ini Toko Budi Shop | Tokopedia","Handphone","Android OS","5","1057012723","Product Review","",,"Tokopedia","Oxwalker","Promo Samsung Galaxy A07 ( 4/64 4/128 6/128 8/256 ) Garansi Resmi Sein",,"2024-Q2"
"https://www.tokopedia.com/ini-toko-budi-shop/samsung-galaxy-a07-4-64-4-128-6-128-8-256-garansi-resmi-sein-1729815001835537895-1735330887460881895?extParam=ivf%3Dtrue%26keyword%3Dsamsung+a07%26search_id%3D2026051013261194F6D7E04A4D452A9TDF%26src%3Dsearch&t_id=1778419236765&t_st=7&t_pp=search_result&t_efo=search_pure_goods_card&t_ef=goods_search&t_sm=&t_spt=search_result","mantappppppp","mantappppppp","Oxwalker","Indonesia","05-10-2026","11-19-2025","Pants","mantappppppp","mantappppppp","Unisex",,,"103314079955","Promo Samsung Galaxy A07 ( 4/64 4/128 6/128 8/256 ) Garansi Resmi Sein","Promo Samsung Galaxy A07 ( 4/64 4/128 6/128 8/256 ) Garansi Resmi Sein - A07 4/64 Black, No Bonus Cicil 0% 3x -  - Ini Toko Budi Shop | Tokopedia","Handphone","Android OS","5","1773962116","Product Review","",,"Tokopedia","Oxwalker","Promo Samsung Galaxy A07 ( 4/64 4/128 6/128 8/256 ) Garansi Resmi Sein",,"2025-Q4"
"https://www.tokopedia.com/ini-toko-budi-shop/samsung-galaxy-a07-4-64-4-128-6-128-8-256-garansi-resmi-sein-1729815001835537895-1735330887460881895?extParam=ivf%3Dtrue%26keyword%3Dsamsung+a07%26search_id%3D2026051013261194F6D7E04A4D452A9TDF%26src%3Dsearch&t_id=1778419236765&t_st=7&t_pp=search_result&t_efo=search_pure_goods_card&t_ef=goods_search&t_sm=&t_spt=search_result","Mantab sekali","Mantab sekali","Oxwalker","Indonesia","05-10-2026","07-17-2024","Pants","Mantab sekali","Mantab sekali","Unisex",,,"103314079955","Promo Samsung Galaxy A07 ( 4/64 4/128 6/128 8/256 ) Garansi Resmi Sein","Promo Samsung Galaxy A07 ( 4/64 4/128 6/128 8/256 ) Garansi Resmi Sein - A07 4/64 Black, No Bonus Cicil 0% 3x -  - Ini Toko Budi Shop | Tokopedia","Handphone","Android OS","5","1066825883","Product Review","",,"Tokopedia","Oxwalker","Promo Samsung Galaxy A07 ( 4/64 4/128 6/128 8/256 ) Garansi Resmi Sein",,"2024-Q3"
"https://www.tokopedia.com/ini-toko-budi-shop/samsung-galaxy-a07-4-64-4-128-6-128-8-256-garansi-resmi-sein-1729815001835537895-1735330887460881895?extParam=ivf%3Dtrue%26keyword%3Dsamsung+a07%26search_id%3D2026051013261194F6D7E04A4D452A9TDF%26src%3Dsearch&t_id=1778419236765&t_st=7&t_pp=search_result&t_efo=search_pure_goods_card&t_ef=goods_search&t_sm=&t_spt=search_result","Sesuai pesanan","Sesuai pesanan","Oxwalker","Indonesia","05-10-2026","12-18-2024","Pants","Sesuai pesanan","Sesuai pesanan","Unisex",,,"103314079955","Promo Samsung Galaxy A07 ( 4/64 4/128 6/128 8/256 ) Garansi Resmi Sein","Promo Samsung Galaxy A07 ( 4/64 4/128 6/128 8/256 ) Garansi Resmi Sein - A07 4/64 Black, No Bonus Cicil 0% 3x -  - Ini Toko Budi Shop | Tokopedia","Handphone","Android OS","5","1146451312","Product Review","",,"Tokopedia","Oxwalker","Promo Samsung Galaxy A07 ( 4/64 4/128 6/128 8/256 ) Garansi Resmi Sein",,"2024-Q4"
"https://www.tokopedia.com/ini-toko-budi-shop/samsung-galaxy-a07-4-64-4-128-6-128-8-256-garansi-resmi-sein-1729815001835537895-1735330887460881895?extParam=ivf%3Dtrue%26keyword%3Dsamsung+a07%26search_id%3D2026051013261194F6D7E04A4D452A9TDF%26src%3Dsearch&t_id=1778419236765&t_st=7&t_pp=search_result&t_efo=search_pure_goods_card&t_ef=goods_search&t_sm=&t_spt=search_result","sesuai orderan","sesuai orderan","Oxwalker","Indonesia","05-10-2026","06-26-2024","Pants","sesuai orderan","sesuai orderan","Unisex",,,"103314079955","Promo Samsung Galaxy A07 ( 4/64 4/128 6/128 8/256 ) Garansi Resmi Sein","Promo Samsung Galaxy A07 ( 4/64 4/128 6/128 8/256 ) Garansi Resmi Sein - A07 4/64 Black, No Bonus Cicil 0% 3x -  - Ini Toko Budi Shop | Tokopedia","Handphone","Android OS","5","1057712176","Product Review","",,"Tokopedia","Oxwalker","Promo Samsung Galaxy A07 ( 4/64 4/128 6/128 8/256 ) Garansi Resmi Sein",,"2024-Q2"
"https://www.tokopedia.com/ini-toko-budi-shop/samsung-galaxy-a07-4-64-4-128-6-128-8-256-garansi-resmi-sein-1729815001835537895-1735330887460881895?extParam=ivf%3Dtrue%26keyword%3Dsamsung+a07%26search_id%3D2026051013261194F6D7E04A4D452A9TDF%26src%3Dsearch&t_id=1778419236765&t_st=7&t_pp=search_result&t_efo=search_pure_goods_card&t_ef=goods_search&t_sm=&t_spt=search_result","dag dig dug","dag dig dug","Oxwalker","Indonesia","05-10-2026","05-25-2025","Pants","dag dig dug","dag dig dug","Unisex",,,"103314079955","Promo Samsung Galaxy A07 ( 4/64 4/128 6/128 8/256 ) Garansi Resmi Sein","Promo Samsung Galaxy A07 ( 4/64 4/128 6/128 8/256 ) Garansi Resmi Sein - A07 4/64 Black, No Bonus Cicil 0% 3x -  - Ini Toko Budi Shop | Tokopedia","Handphone","Android OS","5","1483074827","Product Review","",,"Tokopedia","Oxwalker","Promo Samsung Galaxy A07 ( 4/64 4/128 6/128 8/256 ) Garansi Resmi Sein",,"2025-Q2"
"https://www.tokopedia.com/ini-toko-budi-shop/samsung-galaxy-a07-4-64-4-128-6-128-8-256-garansi-resmi-sein-1729815001835537895-1735330887460881895?extParam=ivf%3Dtrue%26keyword%3Dsamsung+a07%26search_id%3D2026051013261194F6D7E04A4D452A9TDF%26src%3Dsearch&t_id=1778419236765&t_st=7&t_pp=search_result&t_efo=search_pure_goods_card&t_ef=goods_search&t_sm=&t_spt=search_result","mantapppppp","mantapppppp","Oxwalker","Indonesia","05-10-2026","11-06-2025","Pants","mantapppppp","mantapppppp","Unisex",,,"103314079955","Promo Samsung Galaxy A07 ( 4/64 4/128 6/128 8/256 ) Garansi Resmi Sein","Promo Samsung Galaxy A07 ( 4/64 4/128 6/128 8/256 ) Garansi Resmi Sein - A07 4/64 Black, No Bonus Cicil 0% 3x -  - Ini Toko Budi Shop | Tokopedia","Handphone","Android OS","5","1753701489","Product Review","",,"Tokopedia","Oxwalker","Promo Samsung Galaxy A07 ( 4/64 4/128 6/128 8/256 ) Garansi Resmi Sein",,"2025-Q4"
"https://www.tokopedia.com/ini-toko-budi-shop/samsung-galaxy-a07-4-64-4-128-6-128-8-256-garansi-resmi-sein-1729815001835537895-1735330887460881895?extParam=ivf%3Dtrue%26keyword%3Dsamsung+a07%26search_id%3D2026051013261194F6D7E04A4D452A9TDF%26src%3Dsearch&t_id=1778419236765&t_st=7&t_pp=search_result&t_efo=search_pure_goods_card&t_ef=goods_search&t_sm=&t_spt=search_result","barangnya sampe dan oke, tapi softcase nya gada lohh","barangnya sampe dan oke, tapi softcase nya gada lohh","Oxwalker","Indonesia","05-10-2026","11-15-2025","Pants","barangnya sampe dan oke, tapi softcase nya gada lohh","barangnya sampe dan oke, tapi softcase nya gada lohh","Unisex",,,"103314079955","Promo Samsung Galaxy A07 ( 4/64 4/128 6/128 8/256 ) Garansi Resmi Sein","Promo Samsung Galaxy A07 ( 4/64 4/128 6/128 8/256 ) Garansi Resmi Sein - A07 4/64 Black, No Bonus Cicil 0% 3x -  - Ini Toko Budi Shop | Tokopedia","Handphone","Android OS","3","1767416972","Product Review","",,"Tokopedia","Oxwalker","Promo Samsung Galaxy A07 ( 4/64 4/128 6/128 8/256 ) Garansi Resmi Sein",,"2025-Q4"
"https://www.tokopedia.com/ini-toko-budi-shop/samsung-galaxy-a07-4-64-4-128-6-128-8-256-garansi-resmi-sein-1729815001835537895-1735330887460881895?extParam=ivf%3Dtrue%26keyword%3Dsamsung+a07%26search_id%3D2026051013261194F6D7E04A4D452A9TDF%26src%3Dsearch&t_id=1778419236765&t_st=7&t_pp=search_result&t_efo=search_pure_goods_card&t_ef=goods_search&t_sm=&t_spt=search_result","mantabbbbbb","mantabbbbbb","Oxwalker","Indonesia","05-10-2026","10-11-2025","Pants","mantabbbbbb","mantabbbbbb","Unisex",,,"103314079955","Promo Samsung Galaxy A07 ( 4/64 4/128 6/128 8/256 ) Garansi Resmi Sein","Promo Samsung Galaxy A07 ( 4/64 4/128 6/128 8/256 ) Garansi Resmi Sein - A07 4/64 Black, No Bonus Cicil 0% 3x -  - Ini Toko Budi Shop | Tokopedia","Handphone","Android OS","5","1715487225","Product Review","",,"Tokopedia","Oxwalker","Promo Samsung Galaxy A07 ( 4/64 4/128 6/128 8/256 ) Garansi Resmi Sein",,"2025-Q4"
"https://www.tokopedia.com/ini-toko-budi-shop/samsung-galaxy-a07-4-64-4-128-6-128-8-256-garansi-resmi-sein-1729815001835537895-1735330887460881895?extParam=ivf%3Dtrue%26keyword%3Dsamsung+a07%26search_id%3D2026051013261194F6D7E04A4D452A9TDF%26src%3Dsearch&t_id=1778419236765&t_st=7&t_pp=search_result&t_efo=search_pure_goods_card&t_ef=goods_search&t_sm=&t_spt=search_result","Harga murah","Harga murah","Oxwalker","Indonesia","05-10-2026","12-03-2025","Pants","Harga murah","Harga murah","Unisex",,,"103314079955","Promo Samsung Galaxy A07 ( 4/64 4/128 6/128 8/256 ) Garansi Resmi Sein","Promo Samsung Galaxy A07 ( 4/64 4/128 6/128 8/256 ) Garansi Resmi Sein - A07 4/64 Black, No Bonus Cicil 0% 3x -  - Ini Toko Budi Shop | Tokopedia","Handphone","Android OS","5","1795300036","Product Review","",,"Tokopedia","Oxwalker","Promo Samsung Galaxy A07 ( 4/64 4/128 6/128 8/256 ) Garansi Resmi Sein",,"2025-Q4"
"https://www.tokopedia.com/ini-toko-budi-shop/samsung-galaxy-a07-4-64-4-128-6-128-8-256-garansi-resmi-sein-1729815001835537895-1735330887460881895?extParam=ivf%3Dtrue%26keyword%3Dsamsung+a07%26search_id%3D2026051013261194F6D7E04A4D452A9TDF%26src%3Dsearch&t_id=1778419236765&t_st=7&t_pp=search_result&t_efo=search_pure_goods_card&t_ef=goods_search&t_sm=&t_spt=search_result","raping ulang tp gpp lah","raping ulang tp gpp lah","Oxwalker","Indonesia","05-10-2026","05-04-2025","Pants","raping ulang tp gpp lah","raping ulang tp gpp lah","Unisex",,,"103314079955","Promo Samsung Galaxy A07 ( 4/64 4/128 6/128 8/256 ) Garansi Resmi Sein","Promo Samsung Galaxy A07 ( 4/64 4/128 6/128 8/256 ) Garansi Resmi Sein - A07 4/64 Black, No Bonus Cicil 0% 3x -  - Ini Toko Budi Shop | Tokopedia","Handphone","Android OS","4","1432087158","Product Review","",,"Tokopedia","Oxwalker","Promo Samsung Galaxy A07 ( 4/64 4/128 6/128 8/256 ) Garansi Resmi Sein",,"2025-Q2"
"https://www.tokopedia.com/ini-toko-budi-shop/samsung-galaxy-a07-4-64-4-128-6-128-8-256-garansi-resmi-sein-1729815001835537895-1735330887460881895?extParam=ivf%3Dtrue%26keyword%3Dsamsung+a07%26search_id%3D2026051013261194F6D7E04A4D452A9TDF%26src%3Dsearch&t_id=1778419236765&t_st=7&t_pp=search_result&t_efo=search_pure_goods_card&t_ef=goods_search&t_sm=&t_spt=search_result","Bagus sekali","Bagus sekali","Oxwalker","Indonesia","05-10-2026","11-30-2024","Pants","Bagus sekali","Bagus sekali","Unisex",,,"103314079955","Promo Samsung Galaxy A07 ( 4/64 4/128 6/128 8/256 ) Garansi Resmi Sein","Promo Samsung Galaxy A07 ( 4/64 4/128 6/128 8/256 ) Garansi Resmi Sein - A07 4/64 Black, No Bonus Cicil 0% 3x -  - Ini Toko Budi Shop | Tokopedia","Handphone","Android OS","5","1146451304","Product Review","",,"Tokopedia","Oxwalker","Promo Samsung Galaxy A07 ( 4/64 4/128 6/128 8/256 ) Garansi Resmi Sein",,"2024-Q4"
"https://www.tokopedia.com/ini-toko-budi-shop/samsung-galaxy-a07-4-64-4-128-6-128-8-256-garansi-resmi-sein-1729815001835537895-1735330887460881895?extParam=ivf%3Dtrue%26keyword%3Dsamsung+a07%26search_id%3D2026051013261194F6D7E04A4D452A9TDF%26src%3Dsearch&t_id=1778419236765&t_st=7&t_pp=search_result&t_efo=search_pure_goods_card&t_ef=goods_search&t_sm=&t_spt=search_result","Ok mantap bosku","Ok mantap bosku","Oxwalker","Indonesia","05-10-2026","03-12-2026","Pants","Ok mantap bosku","Ok mantap bosku","Unisex",,,"103314079955","Promo Samsung Galaxy A07 ( 4/64 4/128 6/128 8/256 ) Garansi Resmi Sein","Promo Samsung Galaxy A07 ( 4/64 4/128 6/128 8/256 ) Garansi Resmi Sein - A07 4/64 Black, No Bonus Cicil 0% 3x -  - Ini Toko Budi Shop | Tokopedia","Handphone","Android OS","5","1990602499","Product Review","",,"Tokopedia","Oxwalker","Promo Samsung Galaxy A07 ( 4/64 4/128 6/128 8/256 ) Garansi Resmi Sein",,"2026-Q1"
"https://www.tokopedia.com/ini-toko-budi-shop/samsung-galaxy-a07-4-64-4-128-6-128-8-256-garansi-resmi-sein-1729815001835537895-1735330887460881895?extParam=ivf%3Dtrue%26keyword%3Dsamsung+a07%26search_id%3D2026051013261194F6D7E04A4D452A9TDF%26src%3Dsearch&t_id=1778419236765&t_st=7&t_pp=search_result&t_efo=search_pure_goods_card&t_ef=goods_search&t_sm=&t_spt=search_result","sesuai iklan","sesuai iklan","Oxwalker","Indonesia","05-10-2026","06-04-2024","Pants","sesuai iklan","sesuai iklan","Unisex",,,"103314079955","Promo Samsung Galaxy A07 ( 4/64 4/128 6/128 8/256 ) Garansi Resmi Sein","Promo Samsung Galaxy A07 ( 4/64 4/128 6/128 8/256 ) Garansi Resmi Sein - A07 4/64 Black, No Bonus Cicil 0% 3x -  - Ini Toko Budi Shop | Tokopedia","Handphone","Android OS","5","1048368911","Product Review","",,"Tokopedia","Oxwalker","Promo Samsung Galaxy A07 ( 4/64 4/128 6/128 8/256 ) Garansi Resmi Sein",,"2024-Q2"
"https://www.tokopedia.com/ini-toko-budi-shop/samsung-galaxy-a07-4-64-4-128-6-128-8-256-garansi-resmi-sein-1729815001835537895-1735330887460881895?extParam=ivf%3Dtrue%26keyword%3Dsamsung+a07%26search_id%3D2026051013261194F6D7E04A4D452A9TDF%26src%3Dsearch&t_id=1778419236765&t_st=7&t_pp=search_result&t_efo=search_pure_goods_card&t_ef=goods_search&t_sm=&t_spt=search_result","joss mantap","joss mantap","Oxwalker","Indonesia","05-10-2026","11-12-2025","Pants","joss mantap","joss mantap","Unisex",,,"103314079955","Promo Samsung Galaxy A07 ( 4/64 4/128 6/128 8/256 ) Garansi Resmi Sein","Promo Samsung Galaxy A07 ( 4/64 4/128 6/128 8/256 ) Garansi Resmi Sein - A07 4/64 Black, No Bonus Cicil 0% 3x -  - Ini Toko Budi Shop | Tokopedia","Handphone","Android OS","5","1763033308","Product Review","",,"Tokopedia","Oxwalker","Promo Samsung Galaxy A07 ( 4/64 4/128 6/128 8/256 ) Garansi Resmi Sein",,"2025-Q4"
"https://www.tokopedia.com/ini-toko-budi-shop/samsung-galaxy-a07-4-64-4-128-6-128-8-256-garansi-resmi-sein-1729815001835537895-1735330887460881895?extParam=ivf%3Dtrue%26keyword%3Dsamsung+a07%26search_id%3D2026051013261194F6D7E04A4D452A9TDF%26src%3Dsearch&t_id=1778419236765&t_st=7&t_pp=search_result&t_efo=search_pure_goods_card&t_ef=goods_search&t_sm=&t_spt=search_result","sangat baik","sangat baik","Oxwalker","Indonesia","05-10-2026","10-25-2025","Pants","sangat baik","sangat baik","Unisex",,,"103314079955","Promo Samsung Galaxy A07 ( 4/64 4/128 6/128 8/256 ) Garansi Resmi Sein","Promo Samsung Galaxy A07 ( 4/64 4/128 6/128 8/256 ) Garansi Resmi Sein - A07 4/64 Black, No Bonus Cicil 0% 3x -  - Ini Toko Budi Shop | Tokopedia","Handphone","Android OS","5","1735011058","Product Review","",,"Tokopedia","Oxwalker","Promo Samsung Galaxy A07 ( 4/64 4/128 6/128 8/256 ) Garansi Resmi Sein",,"2025-Q4"
"https://www.tokopedia.com/ini-toko-budi-shop/samsung-galaxy-a07-4-64-4-128-6-128-8-256-garansi-resmi-sein-1729815001835537895-1735330887460881895?extParam=ivf%3Dtrue%26keyword%3Dsamsung+a07%26search_id%3D2026051013261194F6D7E04A4D452A9TDF%26src%3Dsearch&t_id=1778419236765&t_st=7&t_pp=search_result&t_efo=search_pure_goods_card&t_ef=goods_search&t_sm=&t_spt=search_result","terima kasih","terima kasih","Oxwalker","Indonesia","05-10-2026","06-29-2024","Pants","terima kasih","terima kasih","Unisex",,,"103314079955","Promo Samsung Galaxy A07 ( 4/64 4/128 6/128 8/256 ) Garansi Resmi Sein","Promo Samsung Galaxy A07 ( 4/64 4/128 6/128 8/256 ) Garansi Resmi Sein - A07 4/64 Black, No Bonus Cicil 0% 3x -  - Ini Toko Budi Shop | Tokopedia","Handphone","Android OS","5","1059127038","Product Review","",,"Tokopedia","Oxwalker","Promo Samsung Galaxy A07 ( 4/64 4/128 6/128 8/256 ) Garansi Resmi Sein",,"2024-Q2"
"https://www.tokopedia.com/ini-toko-budi-shop/samsung-galaxy-a07-4-64-4-128-6-128-8-256-garansi-resmi-sein-1729815001835537895-1735330887460881895?extParam=ivf%3Dtrue%26keyword%3Dsamsung+a07%26search_id%3D2026051013261194F6D7E04A4D452A9TDF%26src%3Dsearch&t_id=1778419236765&t_st=7&t_pp=search_result&t_efo=search_pure_goods_card&t_ef=goods_search&t_sm=&t_spt=search_result","Terimakasih","Terimakasih","Oxwalker","Indonesia","05-10-2026","06-27-2024","Pants","Terimakasih","Terimakasih","Unisex",,,"103314079955","Promo Samsung Galaxy A07 ( 4/64 4/128 6/128 8/256 ) Garansi Resmi Sein","Promo Samsung Galaxy A07 ( 4/64 4/128 6/128 8/256 ) Garansi Resmi Sein - A07 4/64 Black, No Bonus Cicil 0% 3x -  - Ini Toko Budi Shop | Tokopedia","Handphone","Android OS","5","1058047935","Product Review","",,"Tokopedia","Oxwalker","Promo Samsung Galaxy A07 ( 4/64 4/128 6/128 8/256 ) Garansi Resmi Sein",,"2024-Q2"
"https://www.tokopedia.com/ini-toko-budi-shop/samsung-galaxy-a07-4-64-4-128-6-128-8-256-garansi-resmi-sein-1729815001835537895-1735330887460881895?extParam=ivf%3Dtrue%26keyword%3Dsamsung+a07%26search_id%3D2026051013261194F6D7E04A4D452A9TDF%26src%3Dsearch&t_id=1778419236765&t_st=7&t_pp=search_result&t_efo=search_pure_goods_card&t_ef=goods_search&t_sm=&t_spt=search_result","barang ori","barang ori","Oxwalker","Indonesia","05-10-2026","12-31-2021","Pants","barang ori","barang ori","Unisex",,,"103314079955","Promo Samsung Galaxy A07 ( 4/64 4/128 6/128 8/256 ) Garansi Resmi Sein","Promo Samsung Galaxy A07 ( 4/64 4/128 6/128 8/256 ) Garansi Resmi Sein - A07 4/64 Black, No Bonus Cicil 0% 3x -  - Ini Toko Budi Shop | Tokopedia","Handphone","Android OS","5","563260629","Product Review","",,"Tokopedia","Oxwalker","Promo Samsung Galaxy A07 ( 4/64 4/128 6/128 8/256 ) Garansi Resmi Sein",,"2021-Q4"
"https://www.tokopedia.com/ini-toko-budi-shop/samsung-galaxy-a07-4-64-4-128-6-128-8-256-garansi-resmi-sein-1729815001835537895-1735330887460881895?extParam=ivf%3Dtrue%26keyword%3Dsamsung+a07%26search_id%3D2026051013261194F6D7E04A4D452A9TDF%26src%3Dsearch&t_id=1778419236765&t_st=7&t_pp=search_result&t_efo=search_pure_goods_card&t_ef=goods_search&t_sm=&t_spt=search_result","Bintang 5","Bintang 5","Oxwalker","Indonesia","05-10-2026","08-09-2025","Pants","Bintang 5","Bintang 5","Unisex",,,"103314079955","Promo Samsung Galaxy A07 ( 4/64 4/128 6/128 8/256 ) Garansi Resmi Sein","Promo Samsung Galaxy A07 ( 4/64 4/128 6/128 8/256 ) Garansi Resmi Sein - A07 4/64 Black, No Bonus Cicil 0% 3x -  - Ini Toko Budi Shop | Tokopedia","Handphone","Android OS","5","1619753099","Product Review","",,"Tokopedia","Oxwalker","Promo Samsung Galaxy A07 ( 4/64 4/128 6/128 8/256 ) Garansi Resmi Sein",,"2025-Q3"
"https://www.tokopedia.com/ini-toko-budi-shop/samsung-galaxy-a07-4-64-4-128-6-128-8-256-garansi-resmi-sein-1729815001835537895-1735330887460881895?extParam=ivf%3Dtrue%26keyword%3Dsamsung+a07%26search_id%3D2026051013261194F6D7E04A4D452A9TDF%26src%3Dsearch&t_id=1778419236765&t_st=7&t_pp=search_result&t_efo=search_pure_goods_card&t_ef=goods_search&t_sm=&t_spt=search_result","Bagus,mulus","Bagus,mulus","Oxwalker","Indonesia","05-10-2026","10-28-2024","Pants","Bagus,mulus","Bagus,mulus","Unisex",,,"103314079955","Promo Samsung Galaxy A07 ( 4/64 4/128 6/128 8/256 ) Garansi Resmi Sein","Promo Samsung Galaxy A07 ( 4/64 4/128 6/128 8/256 ) Garansi Resmi Sein - A07 4/64 Black, No Bonus Cicil 0% 3x -  - Ini Toko Budi Shop | Tokopedia","Handphone","Android OS","5","1146451313","Product Review","",,"Tokopedia","Oxwalker","Promo Samsung Galaxy A07 ( 4/64 4/128 6/128 8/256 ) Garansi Resmi Sein",,"2024-Q4"
"https://www.tokopedia.com/ini-toko-budi-shop/samsung-galaxy-a07-4-64-4-128-6-128-8-256-garansi-resmi-sein-1729815001835537895-1735330887460881895?extParam=ivf%3Dtrue%26keyword%3Dsamsung+a07%26search_id%3D2026051013261194F6D7E04A4D452A9TDF%26src%3Dsearch&t_id=1778419236765&t_st=7&t_pp=search_result&t_efo=search_pure_goods_card&t_ef=goods_search&t_sm=&t_spt=search_result","Terkirim","Terkirim","Oxwalker","Indonesia","05-10-2026","09-26-2025","Pants","Terkirim","Terkirim","Unisex",,,"103314079955","Promo Samsung Galaxy A07 ( 4/64 4/128 6/128 8/256 ) Garansi Resmi Sein","Promo Samsung Galaxy A07 ( 4/64 4/128 6/128 8/256 ) Garansi Resmi Sein - A07 4/64 Black, No Bonus Cicil 0% 3x -  - Ini Toko Budi Shop | Tokopedia","Handphone","Android OS","5","1694945139","Product Review","",,"Tokopedia","Oxwalker","Promo Samsung Galaxy A07 ( 4/64 4/128 6/128 8/256 ) Garansi Resmi Sein",,"2025-Q3"
"https://www.tokopedia.com/ini-toko-budi-shop/samsung-galaxy-a07-4-64-4-128-6-128-8-256-garansi-resmi-sein-1729815001835537895-1735330887460881895?extParam=ivf%3Dtrue%26keyword%3Dsamsung+a07%26search_id%3D2026051013261194F6D7E04A4D452A9TDF%26src%3Dsearch&t_id=1778419236765&t_st=7&t_pp=search_result&t_efo=search_pure_goods_card&t_ef=goods_search&t_sm=&t_spt=search_result","Seller kurang komunikatif","Seller kurang komunikatif","Oxwalker","Indonesia","05-10-2026","04-03-2024","Pants","Seller kurang komunikatif","Seller kurang komunikatif","Unisex",,,"103314079955","Promo Samsung Galaxy A07 ( 4/64 4/128 6/128 8/256 ) Garansi Resmi Sein","Promo Samsung Galaxy A07 ( 4/64 4/128 6/128 8/256 ) Garansi Resmi Sein - A07 4/64 Black, No Bonus Cicil 0% 3x -  - Ini Toko Budi Shop | Tokopedia","Handphone","Android OS","4","1023679639","Product Review","",,"Tokopedia","Oxwalker","Promo Samsung Galaxy A07 ( 4/64 4/128 6/128 8/256 ) Garansi Resmi Sein",,"2024-Q2"
"https://www.tokopedia.com/ini-toko-budi-shop/samsung-galaxy-a07-4-64-4-128-6-128-8-256-garansi-resmi-sein-1729815001835537895-1735330887460881895?extParam=ivf%3Dtrue%26keyword%3Dsamsung+a07%26search_id%3D2026051013261194F6D7E04A4D452A9TDF%26src%3Dsearch&t_id=1778419236765&t_st=7&t_pp=search_result&t_efo=search_pure_goods_card&t_ef=goods_search&t_sm=&t_spt=search_result","Mantap 👍","Mantap 👍","Oxwalker","Indonesia","05-10-2026","10-27-2024","Pants","Mantap 👍","Mantap 👍","Unisex",,,"103314079955","Promo Samsung Galaxy A07 ( 4/64 4/128 6/128 8/256 ) Garansi Resmi Sein","Promo Samsung Galaxy A07 ( 4/64 4/128 6/128 8/256 ) Garansi Resmi Sein - A07 4/64 Black, No Bonus Cicil 0% 3x -  - Ini Toko Budi Shop | Tokopedia","Handphone","Android OS","5","1146451306","Product Review","",,"Tokopedia","Oxwalker","Promo Samsung Galaxy A07 ( 4/64 4/128 6/128 8/256 ) Garansi Resmi Sein",,"2024-Q4"
"https://www.tokopedia.com/ini-toko-budi-shop/samsung-galaxy-a07-4-64-4-128-6-128-8-256-garansi-resmi-sein-1729815001835537895-1735330887460881895?extParam=ivf%3Dtrue%26keyword%3Dsamsung+a07%26search_id%3D2026051013261194F6D7E04A4D452A9TDF%26src%3Dsearch&t_id=1778419236765&t_st=7&t_pp=search_result&t_efo=search_pure_goods_card&t_ef=goods_search&t_sm=&t_spt=search_result","Sesuai desk","Sesuai desk","Oxwalker","Indonesia","05-10-2026","06-24-2024","Pants","Sesuai desk","Sesuai desk","Unisex",,,"103314079955","Promo Samsung Galaxy A07 ( 4/64 4/128 6/128 8/256 ) Garansi Resmi Sein","Promo Samsung Galaxy A07 ( 4/64 4/128 6/128 8/256 ) Garansi Resmi Sein - A07 4/64 Black, No Bonus Cicil 0% 3x -  - Ini Toko Budi Shop | Tokopedia","Handphone","Android OS","5","1056884305","Product Review","",,"Tokopedia","Oxwalker","Promo Samsung Galaxy A07 ( 4/64 4/128 6/128 8/256 ) Garansi Resmi Sein",,"2024-Q2"
"https://www.tokopedia.com/ini-toko-budi-shop/samsung-galaxy-a07-4-64-4-128-6-128-8-256-garansi-resmi-sein-1729815001835537895-1735330887460881895?extParam=ivf%3Dtrue%26keyword%3Dsamsung+a07%26search_id%3D2026051013261194F6D7E04A4D452A9TDF%26src%3Dsearch&t_id=1778419236765&t_st=7&t_pp=search_result&t_efo=search_pure_goods_card&t_ef=goods_search&t_sm=&t_spt=search_result","Barangnya bagus dan sesuai","Barangnya bagus dan sesuai","Oxwalker","Indonesia","05-10-2026","03-13-2026","Pants","Barangnya bagus dan sesuai","Barangnya bagus dan sesuai","Unisex",,,"103314079955","Promo Samsung Galaxy A07 ( 4/64 4/128 6/128 8/256 ) Garansi Resmi Sein","Promo Samsung Galaxy A07 ( 4/64 4/128 6/128 8/256 ) Garansi Resmi Sein - A07 4/64 Black, No Bonus Cicil 0% 3x -  - Ini Toko Budi Shop | Tokopedia","Handphone","Android OS","4","1993421703","Product Review","",,"Tokopedia","Oxwalker","Promo Samsung Galaxy A07 ( 4/64 4/128 6/128 8/256 ) Garansi Resmi Sein",,"2026-Q1"
"https://www.tokopedia.com/ini-toko-budi-shop/samsung-galaxy-a07-4-64-4-128-6-128-8-256-garansi-resmi-sein-1729815001835537895-1735330887460881895?extParam=ivf%3Dtrue%26keyword%3Dsamsung+a07%26search_id%3D2026051013261194F6D7E04A4D452A9TDF%26src%3Dsearch&t_id=1778419236765&t_st=7&t_pp=search_result&t_efo=search_pure_goods_card&t_ef=goods_search&t_sm=&t_spt=search_result","okokokok","okokokok","Oxwalker","Indonesia","05-10-2026","02-22-2026","Pants","okokokok","okokokok","Unisex",,,"103314079955","Promo Samsung Galaxy A07 ( 4/64 4/128 6/128 8/256 ) Garansi Resmi Sein","Promo Samsung Galaxy A07 ( 4/64 4/128 6/128 8/256 ) Garansi Resmi Sein - A07 4/64 Black, No Bonus Cicil 0% 3x -  - Ini Toko Budi Shop | Tokopedia","Handphone","Android OS","5","1939880811","Product Review","",,"Tokopedia","Oxwalker","Promo Samsung Galaxy A07 ( 4/64 4/128 6/128 8/256 ) Garansi Resmi Sein",,"2026-Q1"
